%time,field.linear.x,field.linear.y,field.linear.z,field.angular.x,field.angular.y,field.angular.z
1777733648296454906,0.0,0.0,0.0,0.0,0.0,0.0
1777733649833313941,-0.0,0.0,0.0,0.0,0.0,-0.0
1777733649878432035,-0.0,0.0,0.0,0.0,0.0,-0.0
1777733649881982088,-0.0,0.0,0.0,0.0,0.0,-0.0
1777733649885936975,-0.0,0.0,0.0,0.0,0.0,-0.0
1777733649889806032,-0.0,0.0,0.0,0.0,0.0,-0.0
1777733649893887996,0.00476495660841,0.0,0.0,0.0,0.0,-0.0
1777733649897833108,0.0117909960449,0.0,0.0,0.0,0.0,-0.0
1777733649901876926,0.0223300546408,0.0,0.0,0.0,0.0,-0.0
1777733649905829906,0.0363821327686,0.0,0.0,0.0,0.0,-0.0
1777733649910049915,0.0504342079163,0.0,0.0,0.0,0.0,-0.0
1777733649922064065,0.0679993093014,0.0,0.0,0.0,0.0,-0.0
1777733649925911903,0.0890774250031,0.0,0.0,0.0,0.0,-0.0
1777733649930035114,0.0925904452801,0.0,0.0,0.0,0.0,-0.0
1777733649938035964,0.103129506111,0.0,0.0,0.0,0.0,-0.0
1777733649942181110,0.120708167553,0.0,0.0,0.0,0.0,-0.0
1777733649950083971,0.12422118187,0.0,0.0,0.0,0.0,-0.0
1777733649954140901,0.134760248661,0.0,0.0,0.0,0.0,-0.0
1777733649958324909,0.138273262978,0.0,0.0,0.0,0.0,-0.0
1777733649966085910,0.148812317848,0.0,0.0,0.0,0.0,-0.0
1777733649969872951,0.155838358402,0.0,0.0,0.0,0.0,-0.0
1777733649978262901,0.15935138464,0.0,0.0,0.0,0.0,-0.0
1777733649981890916,0.180429494381,0.0,0.0,0.0,0.0,-0.0
1777733649994344949,0.190968561172,0.0,0.0,0.0,0.0,-0.0
1777733649998122930,0.205020642281,0.0,0.0,0.0,0.0,-0.0
1777733650006302118,0.212046670914,0.0,0.0,0.0,0.0,-0.0
1777733650056519985,0.212046670914,0.0,0.0,0.0,0.0,-0.0
1777733650106929063,0.212046670914,0.0,0.0,0.0,0.0,-0.0
1777733650157121896,0.212046670914,0.0,0.0,0.0,0.0,-0.0
1777733650207310914,0.212046670914,0.0,0.0,0.0,0.0,-0.0
1777733650257559061,0.212046670914,0.0,0.0,0.0,0.0,-0.0
1777733650307568073,0.212046670914,0.0,0.0,0.0,0.0,-0.0
1777733650357695102,0.212046670914,0.0,0.0,0.0,0.0,-0.0
1777733650407856941,0.212046670914,0.0,0.0,0.0,0.0,-0.0
1777733650458067893,0.212046670914,0.0,0.0,0.0,0.0,-0.0
1777733650507874965,0.212046670914,0.0,0.0,0.0,0.0,-0.0
1777733650558129072,0.212046670914,0.0,0.0,0.0,0.0,-0.0
1777733650608402013,0.212046670914,0.0,0.0,0.0,0.0,-0.0
1777733650658618927,0.212046670914,0.0,0.0,0.0,0.0,-0.0
1777733650708559036,0.212046670914,0.0,0.0,0.0,0.0,-0.0
1777733650758682012,0.212046670914,0.0,0.0,0.0,0.0,-0.0
1777733650808928966,0.212046670914,0.0,0.0,0.0,0.0,-0.0
1777733650859302043,0.212046670914,0.0,0.0,0.0,0.0,-0.0
1777733650909069061,0.212046670914,0.0,0.0,0.0,0.0,-0.0
1777733650914113998,0.215559697151,0.0,0.0,0.0,0.0,-0.0
1777733650964344978,0.215559697151,0.0,0.0,0.0,0.0,-0.0
1777733651014692068,0.215559697151,0.0,0.0,0.0,0.0,-0.0
1777733651064892053,0.215559697151,0.0,0.0,0.0,0.0,-0.0
1777733651114943027,0.215559697151,0.0,0.0,0.0,0.0,-0.0
1777733651164866924,0.215559697151,0.0,0.0,0.0,0.0,-0.0
1777733651215179920,0.215559697151,0.0,0.0,0.0,0.0,-0.0
1777733651265149116,0.215559697151,0.0,0.0,0.0,0.0,-0.0
1777733651290262937,0.222585725784,0.0,0.0,0.0,0.0,-0.0
1777733651340677022,0.222585725784,0.0,0.0,0.0,0.0,-0.0
1777733651390345096,0.222585725784,0.0,0.0,0.0,0.0,-0.0
1777733651398360013,0.226098752022,0.0,0.0,0.0,0.0,-0.0
1777733651448446989,0.226098752022,0.0,0.0,0.0,0.0,-0.0
1777733651450095891,0.233124780655,0.0,0.0,0.0,0.0,-0.0
1777733651458446025,0.236637806892,0.0,0.0,0.0,0.0,-0.0
1777733651494280099,0.243663859367,0.0,0.0,0.0,0.0,-0.0
1777733651502047061,0.257729482651,0.0,0.0,0.0,0.0,-0.0
1777733651505844116,0.257729482651,0.0,0.0,0.0,0.0,-0.0
1777733651518136978,0.264755535126,0.0,0.0,0.0,0.0,-0.0
1777733651530260086,0.275294589996,0.0,0.0,0.0,0.0,-0.0
1777733651542460918,0.278807616234,0.0,0.0,0.0,0.0,-0.0
1777733651550308942,0.285833644867,0.0,0.0,0.0,0.0,-0.0
1777733651557913064,0.285833644867,0.0,0.0,0.0,0.0,-0.0
1777733651561851024,0.289346671104,0.0,0.0,0.0,0.0,-0.0
1777733651574551105,0.292859697342,0.0,0.0,0.0,0.0,-0.0
1777733651586338043,0.299885725975,0.0,0.0,0.0,0.0,-0.0
1777733651610429048,0.303398752213,0.0,0.0,0.0,0.0,-0.0
1777733651630181074,0.310424780846,0.0,0.0,0.0,0.0,-0.0
1777733651680468082,0.310424780846,0.0,0.0,0.0,0.0,-0.0
1777733651682009935,0.313937807083,0.0,0.0,0.0,0.0,-0.0
1777733651732495069,0.313937807083,0.0,0.0,0.0,0.0,-0.0
1777733651738275051,0.320963835716,0.0,0.0,0.0,0.0,-0.0
1777733651766313076,0.324476861954,0.0,0.0,0.0,0.0,-0.0
1777733651806674003,0.331502890587,0.0,0.0,0.0,0.0,-0.0
1777733651856570959,0.331502890587,0.0,0.0,0.0,0.0,-0.0
1777733651906627893,0.331502890587,0.0,0.0,0.0,0.0,-0.0
1777733651957011938,0.331502890587,0.0,0.0,0.0,0.0,-0.0
1777733652006848096,0.331502890587,0.0,0.0,0.0,0.0,-0.0
1777733652057179927,0.331502890587,0.0,0.0,0.0,0.0,-0.0
1777733652107223987,0.331502890587,0.0,0.0,0.0,0.0,-0.0
1777733652157505989,0.331502890587,0.0,0.0,0.0,0.0,-0.0
1777733652207421064,0.331502890587,0.0,0.0,0.0,0.0,-0.0
1777733652257565021,0.331502890587,0.0,0.0,0.0,0.0,-0.0
1777733652307641029,0.331502890587,0.0,0.0,0.0,0.0,-0.0
1777733652357860088,0.331502890587,0.0,0.0,0.0,0.0,-0.0
1777733652407856941,0.331502890587,0.0,0.0,0.0,0.0,-0.0
1777733652457878112,0.331502890587,0.0,0.0,0.0,0.0,-0.0
1777733652462563991,0.335015916824,0.0,0.0,0.0,0.0,-0.0
1777733652512342929,0.335015916824,0.0,0.0,0.0,0.0,-0.0
1777733652562566041,0.335015916824,0.0,0.0,0.0,0.0,-0.0
1777733652612587928,0.335015916824,0.0,0.0,0.0,0.0,-0.0
1777733652662838935,0.335015916824,0.0,0.0,0.0,0.0,-0.0
1777733652670249938,0.342041969299,0.0,0.0,0.0,0.0,-0.0
1777733652720424890,0.342041969299,0.0,0.0,0.0,0.0,-0.0
1777733652770565986,0.342041969299,0.0,0.0,0.0,0.0,-0.0
1777733652820574998,0.342041969299,0.0,0.0,0.0,0.0,-0.0
1777733652870863914,0.342041969299,0.0,0.0,0.0,0.0,-0.0
1777733652920948982,0.342041969299,0.0,0.0,0.0,0.0,-0.0
1777733652970705032,0.342041969299,0.0,0.0,0.0,0.0,-0.0
1777733653020859003,0.342041969299,0.0,0.0,0.0,0.0,-0.0
1777733653071003913,0.342041969299,0.0,0.0,0.0,0.0,-0.0
1777733653121243000,0.342041969299,0.0,0.0,0.0,0.0,-0.0
1777733653171375036,0.342041969299,0.0,0.0,0.0,0.0,-0.0
1777733653221402883,0.342041969299,0.0,0.0,0.0,0.0,-0.0
1777733653254554033,0.345554971695,0.0,0.0,0.0,0.0,-0.0
1777733653304575920,0.345554971695,0.0,0.0,0.0,0.0,-0.0
1777733653354607105,0.345554971695,0.0,0.0,0.0,0.0,-0.0
1777733653404728889,0.345554971695,0.0,0.0,0.0,0.0,-0.0
1777733653454936981,0.345554971695,0.0,0.0,0.0,0.0,-0.0
1777733653504892110,0.345554971695,0.0,0.0,0.0,0.0,-0.0
1777733653555303096,0.345554971695,0.0,0.0,0.0,0.0,-0.0
1777733653605206966,0.345554971695,0.0,0.0,0.0,0.0,-0.0
1777733653655283927,0.345554971695,0.0,0.0,0.0,0.0,-0.0
1777733653705430984,0.345554971695,0.0,0.0,0.0,0.0,-0.0
1777733653755578041,0.345554971695,0.0,0.0,0.0,0.0,-0.0
1777733653805495977,0.345554971695,0.0,0.0,0.0,0.0,-0.0
1777733653855758905,0.345554971695,0.0,0.0,0.0,0.0,-0.0
1777733653905726909,0.345554971695,0.0,0.0,0.0,0.0,-0.0
1777733653956052064,0.345554971695,0.0,0.0,0.0,0.0,-0.0
1777733654006052970,0.345554971695,0.0,0.0,0.0,0.0,-0.0
1777733654056298017,0.345554971695,0.0,0.0,0.0,0.0,-0.0
1777733654106328010,0.345554971695,0.0,0.0,0.0,0.0,-0.0
1777733654156692981,0.345554971695,0.0,0.0,0.0,0.0,-0.0
1777733654206331014,0.345554971695,0.0,0.0,0.0,0.0,-0.0
1777733654256654024,0.345554971695,0.0,0.0,0.0,0.0,-0.0
1777733654306875944,0.345554971695,0.0,0.0,0.0,0.0,-0.0
1777733654356905937,0.345554971695,0.0,0.0,0.0,0.0,-0.0
1777733654406985998,0.345554971695,0.0,0.0,0.0,0.0,-0.0
1777733654456850051,0.345554971695,0.0,0.0,0.0,0.0,-0.0
1777733654506974935,0.345554971695,0.0,0.0,0.0,0.0,-0.0
1777733654557292938,0.345554971695,0.0,0.0,0.0,0.0,-0.0
1777733654607163906,0.345554971695,0.0,0.0,0.0,0.0,-0.0
1777733654657533884,0.345554971695,0.0,0.0,0.0,0.0,-0.0
1777733654707717895,0.345554971695,0.0,0.0,0.0,0.0,-0.0
1777733654757898092,0.345554971695,0.0,0.0,0.0,0.0,-0.0
1777733654807904958,0.345554971695,0.0,0.0,0.0,0.0,-0.0
1777733654858150005,0.345554971695,0.0,0.0,0.0,0.0,-0.0
1777733654908200979,0.345554971695,0.0,0.0,0.0,0.0,-0.0
1777733654958251953,0.345554971695,0.0,0.0,0.0,0.0,-0.0
1777733655008316040,0.345554971695,0.0,0.0,0.0,0.0,-0.0
1777733655058604955,0.345554971695,0.0,0.0,0.0,0.0,-0.0
1777733655108741998,0.345554971695,0.0,0.0,0.0,0.0,-0.0
1777733655158974885,0.345554971695,0.0,0.0,0.0,0.0,-0.0
1777733655209012985,0.345554971695,0.0,0.0,0.0,0.0,-0.0
1777733655258989095,0.345554971695,0.0,0.0,0.0,0.0,-0.0
1777733655309084892,0.345554971695,0.0,0.0,0.0,0.0,-0.0
1777733655359232902,0.345554971695,0.0,0.0,0.0,0.0,-0.0
1777733655409327030,0.345554971695,0.0,0.0,0.0,0.0,-0.0
1777733655459455013,0.345554971695,0.0,0.0,0.0,0.0,-0.0
1777733655509550094,0.345554971695,0.0,0.0,0.0,0.0,-0.0
1777733655559748888,0.345554971695,0.0,0.0,0.0,0.0,-0.0
1777733655602291107,0.35258102417,0.0,0.0,0.0,0.0,-0.0
1777733655652297019,0.35258102417,0.0,0.0,0.0,0.0,-0.0
1777733655702377080,0.35258102417,0.0,0.0,0.0,0.0,-0.0
1777733655752319097,0.35258102417,0.0,0.0,0.0,0.0,-0.0
1777733655802731990,0.35258102417,0.0,0.0,0.0,0.0,-0.0
1777733655852782011,0.35258102417,0.0,0.0,0.0,0.0,-0.0
1777733655902775049,0.35258102417,0.0,0.0,0.0,0.0,-0.0
1777733655952768087,0.35258102417,0.0,0.0,0.0,0.0,-0.0
1777733656003134965,0.35258102417,0.0,0.0,0.0,0.0,-0.0
1777733656053145885,0.35258102417,0.0,0.0,0.0,0.0,-0.0
1777733656103298902,0.35258102417,0.0,0.0,0.0,0.0,-0.0
1777733656153489112,0.35258102417,0.0,0.0,0.0,0.0,-0.0
1777733656203640937,0.35258102417,0.0,0.0,0.0,0.0,-0.0
1777733656253616094,0.35258102417,0.0,0.0,0.0,0.0,-0.0
1777733656303761005,0.35258102417,0.0,0.0,0.0,0.0,-0.0
1777733656354147911,0.35258102417,0.0,0.0,0.0,0.0,-0.0
1777733656404095888,0.35258102417,0.0,0.0,0.0,0.0,-0.0
1777733656454221963,0.35258102417,0.0,0.0,0.0,0.0,-0.0
1777733656504285097,0.35258102417,0.0,0.0,0.0,0.0,-0.0
1777733656554488897,0.35258102417,0.0,0.0,0.0,0.0,-0.0
1777733656604826927,0.35258102417,0.0,0.0,0.0,0.0,-0.0
1777733656654788970,0.35258102417,0.0,0.0,0.0,0.0,-0.0
1777733656704850912,0.35258102417,0.0,0.0,0.0,0.0,-0.0
1777733656754959106,0.35258102417,0.0,0.0,0.0,0.0,-0.0
1777733656805218935,0.35258102417,0.0,0.0,0.0,0.0,-0.0
1777733656855194091,0.35258102417,0.0,0.0,0.0,0.0,-0.0
1777733656905364990,0.35258102417,0.0,0.0,0.0,0.0,-0.0
1777733656955581903,0.35258102417,0.0,0.0,0.0,0.0,-0.0
1777733657005846977,0.35258102417,0.0,0.0,0.0,0.0,-0.0
1777733657055783033,0.35258102417,0.0,0.0,0.0,0.0,-0.0
1777733657105820894,0.35258102417,0.0,0.0,0.0,0.0,-0.0
1777733657155925035,0.35258102417,0.0,0.0,0.0,0.0,-0.0
1777733657205948114,0.35258102417,0.0,0.0,0.0,0.0,-0.0
1777733657256618022,0.35258102417,0.0,0.0,0.0,0.0,-0.0
1777733657306257963,0.35258102417,0.0,0.0,0.0,0.0,-0.0
1777733657356635093,0.35258102417,0.0,0.0,0.0,0.0,-0.0
1777733657406877040,0.35258102417,0.0,0.0,0.0,0.0,-0.0
1777733657456748962,0.35258102417,0.0,0.0,0.0,0.0,-0.0
1777733657506958961,0.35258102417,0.0,0.0,0.0,0.0,-0.0
1777733657557061910,0.35258102417,0.0,0.0,0.0,0.0,-0.0
1777733657607070922,0.35258102417,0.0,0.0,0.0,0.0,-0.0
1777733657657191038,0.35258102417,0.0,0.0,0.0,0.0,-0.0
1777733657707262992,0.35258102417,0.0,0.0,0.0,0.0,-0.0
1777733657757483005,0.35258102417,0.0,0.0,0.0,0.0,-0.0
1777733657807571887,0.35258102417,0.0,0.0,0.0,0.0,-0.0
1777733657857731103,0.35258102417,0.0,0.0,0.0,0.0,-0.0
1777733657907840967,0.35258102417,0.0,0.0,0.0,0.0,-0.0
1777733657958018064,0.35258102417,0.0,0.0,0.0,0.0,-0.0
1777733658008075952,0.35258102417,0.0,0.0,0.0,0.0,-0.0
1777733658058134078,0.35258102417,0.0,0.0,0.0,0.0,-0.0
1777733658108519077,0.35258102417,0.0,0.0,0.0,0.0,-0.0
1777733658158478021,0.35258102417,0.0,0.0,0.0,0.0,-0.0
1777733658208600044,0.35258102417,0.0,0.0,0.0,0.0,-0.0
1777733658258631944,0.35258102417,0.0,0.0,0.0,0.0,-0.0
1777733658308949947,0.35258102417,0.0,0.0,0.0,0.0,-0.0
1777733658359409093,0.35258102417,0.0,0.0,0.0,0.0,-0.0
1777733658409414052,0.35258102417,0.0,0.0,0.0,0.0,-0.0
1777733658459633111,0.35258102417,0.0,0.0,0.0,0.0,-0.0
1777733658509850978,0.35258102417,0.0,0.0,0.0,0.0,-0.0
1777733658559655904,0.35258102417,0.0,0.0,0.0,0.0,-0.0
1777733658609848976,0.35258102417,0.0,0.0,0.0,0.0,-0.0
1777733658659929990,0.35258102417,0.0,0.0,0.0,0.0,-0.0
1777733658709968090,0.35258102417,0.0,0.0,0.0,0.0,-0.0
1777733658760128974,0.35258102417,0.0,0.0,0.0,0.0,-0.0
1777733658810405015,0.35258102417,0.0,0.0,0.0,0.0,-0.0
1777733658860228061,0.35258102417,0.0,0.0,0.0,0.0,-0.0
1777733658910532951,0.35258102417,0.0,0.0,0.0,0.0,-0.0
1777733658960683107,0.35258102417,0.0,0.0,0.0,0.0,-0.0
1777733659010898113,0.35258102417,0.0,0.0,0.0,0.0,-0.0
1777733659061022043,0.35258102417,0.0,0.0,0.0,0.0,-0.0
1777733659111087083,0.35258102417,0.0,0.0,0.0,0.0,-0.0
1777733659160974025,0.35258102417,0.0,0.0,0.0,0.0,-0.0
1777733659210971117,0.35258102417,0.0,0.0,0.0,0.0,-0.0
1777733659246212959,0.35258102417,0.0,0.0,0.0,0.0,-0.0
1777733659296689987,0.35258102417,0.0,0.0,0.0,0.0,-0.0
1777733659346765995,0.35258102417,0.0,0.0,0.0,0.0,-0.0
1777733659396925926,0.35258102417,0.0,0.0,0.0,0.0,-0.0
1777733659447025060,0.35258102417,0.0,0.0,0.0,0.0,-0.0
1777733659497262954,0.35258102417,0.0,0.0,0.0,0.0,-0.0
1777733659547290086,0.35258102417,0.0,0.0,0.0,0.0,-0.0
1777733659597529888,0.35258102417,0.0,0.0,0.0,0.0,-0.0
1777733659647599935,0.35258102417,0.0,0.0,0.0,0.0,-0.0
1777733659697947025,0.35258102417,0.0,0.0,0.0,0.0,-0.0
1777733659747895002,0.35258102417,0.0,0.0,0.0,0.0,-0.0
1777733659794017076,0.356094026566,0.0,0.0,0.0,0.0,-0.0
1777733659844438076,0.356094026566,0.0,0.0,0.0,0.0,-0.0
1777733659894505023,0.356094026566,0.0,0.0,0.0,0.0,-0.0
1777733659944695949,0.356094026566,0.0,0.0,0.0,0.0,-0.0
1777733659994721889,0.356094026566,0.0,0.0,0.0,0.0,-0.0
1777733660044794082,0.356094026566,0.0,0.0,0.0,0.0,-0.0
1777733660086503028,0.356094026566,0.0,0.0,0.0,0.0,0.00438177976757
1777733660136853933,0.356094026566,0.0,0.0,0.0,0.0,0.00438177976757
1777733660186728000,0.356094026566,0.0,0.0,0.0,0.0,0.00438177976757
1777733660234319925,0.356094026566,0.0,0.0,0.0,0.0,0.0166773481295
1777733660270469903,0.356094026566,0.0,0.0,0.0,0.0,0.0412684861571
1777733660320655107,0.356094026566,0.0,0.0,0.0,0.0,0.0412684861571
1777733660370608091,0.356094026566,0.0,0.0,0.0,0.0,0.0412684861571
1777733660420665979,0.356094026566,0.0,0.0,0.0,0.0,0.0412684861571
1777733660462421894,0.356094026566,0.0,0.0,0.0,0.0,0.102746322751
1777733660482590913,0.356094026566,0.0,0.0,0.0,0.0,0.115041893721
1777733660485985040,0.356094026566,0.0,0.0,0.0,0.0,0.151928596199
1777733660489942073,0.356094026566,0.0,0.0,0.0,0.0,0.176519727707
1777733660506581068,0.342041969299,0.0,0.0,0.0,0.0,0.213406440616
1777733660514333963,0.324476861954,0.0,0.0,0.0,0.0,0.311770987511
1777733660522556066,0.324476861954,0.0,0.0,0.0,0.0,0.33636212945
1777733660526251077,0.310424780846,0.0,0.0,0.0,0.0,0.397887444496
1777733660530241966,0.303398752213,0.0,0.0,0.0,0.0,0.434774136543
1777733660580503940,0.303398752213,0.0,0.0,0.0,0.0,0.434774136543
1777733660598275899,0.299885725975,0.0,0.0,0.0,0.0,0.5331387043
1777733660602368116,0.197994589806,0.0,0.0,0.0,0.0,1.16026011705
1777733660605928897,0.190968561172,0.0,0.0,0.0,0.0,1.19714689255
1777733660614309072,0.176916480064,0.0,0.0,0.0,0.0,1.27092027664
1777733660618043899,0.16989043951,0.0,0.0,0.0,0.0,1.32010256052
1777733660622374057,0.166377413273,0.0,0.0,0.0,0.0,1.3692848444
1777733660625798940,0.15935138464,0.0,0.0,0.0,0.0,1.4
1777733660630043983,0.155838358402,0.0,0.0,0.0,0.0,1.4
1777733660633955001,0.148812317848,0.0,0.0,0.0,0.0,1.4
1777733660637855052,0.138273262978,0.0,0.0,0.0,0.0,1.4
1777733660641840934,0.134760248661,0.0,0.0,0.0,0.0,1.4
1777733660645945072,0.127734208107,0.0,0.0,0.0,0.0,1.4
1777733660649907112,0.12422118187,0.0,0.0,0.0,0.0,1.4
1777733660653744935,0.120708167553,0.0,0.0,0.0,0.0,1.4
1777733660657789945,0.110169100761,0.0,0.0,0.0,0.0,1.4
1777733660662019968,0.103129506111,0.0,0.0,0.0,0.0,1.4
1777733660666435956,0.0996164858341,0.0,0.0,0.0,0.0,1.4
1777733660669800996,0.0925904452801,0.0,0.0,0.0,0.0,1.4
1777733660673820972,0.0890774250031,0.0,0.0,0.0,0.0,1.4
1777733660690243005,0.082051384449,0.0,0.0,0.0,0.0,1.4
1777733660698668956,0.0715123295784,0.0,0.0,0.0,0.0,1.4
1777733660702121019,0.0609732687473,0.0,0.0,0.0,0.0,1.4
1777733660709990978,0.0574602484703,0.0,0.0,0.0,0.0,1.4
1777733660713912010,0.0504342079163,0.0,0.0,0.0,0.0,1.4
1777733660722312927,0.0469211906195,0.0,0.0,0.0,0.0,1.4
1777733660726108074,0.0398951530457,0.0,0.0,0.0,0.0,1.4
1777733660733944892,0.0363821327686,0.0,0.0,0.0,0.0,1.4
1777733660750555992,0.0328691124916,0.0,0.0,0.0,0.0,1.4
1777733660782500028,0.0258430749178,0.0,0.0,0.0,0.0,1.4
1777733660832453012,0.0258430749178,0.0,0.0,0.0,0.0,1.4
1777733660854214906,0.0223300546408,0.0,0.0,0.0,0.0,1.4
1777733660882250070,0.0153040155768,0.0,0.0,0.0,0.0,1.4
1777733660932643890,0.0153040155768,0.0,0.0,0.0,0.0,1.4
1777733660982781887,0.0153040155768,0.0,0.0,0.0,0.0,1.4
1777733661032778978,0.0153040155768,0.0,0.0,0.0,0.0,1.4
1777733661082978963,0.0153040155768,0.0,0.0,0.0,0.0,1.4
1777733661133044958,0.0153040155768,0.0,0.0,0.0,0.0,1.4
1777733661183163881,0.0153040155768,0.0,0.0,0.0,0.0,1.4
1777733661222590923,0.00476495660841,0.0,0.0,0.0,0.0,1.4
1777733661272675991,0.00476495660841,0.0,0.0,0.0,0.0,1.4
1777733661322686910,0.00476495660841,0.0,0.0,0.0,0.0,1.4
1777733661372730970,0.00476495660841,0.0,0.0,0.0,0.0,1.4
1777733661422938108,0.00476495660841,0.0,0.0,0.0,0.0,1.4
1777733661473083019,0.00476495660841,0.0,0.0,0.0,0.0,1.4
1777733661523194074,0.00476495660841,0.0,0.0,0.0,0.0,1.4
1777733661573307991,0.00476495660841,0.0,0.0,0.0,0.0,1.4
1777733661623558998,0.00476495660841,0.0,0.0,0.0,0.0,1.4
1777733661634113073,0.0223300546408,0.0,0.0,0.0,0.0,1.4
1777733661638123035,0.0328691124916,0.0,0.0,0.0,0.0,1.4
1777733661642132043,0.0398951530457,0.0,0.0,0.0,0.0,1.4
1777733661645976066,0.0504342079163,0.0,0.0,0.0,0.0,1.4
1777733661653970956,0.0679993093014,0.0,0.0,0.0,0.0,1.4
1777733661657798051,0.0925904452801,0.0,0.0,0.0,0.0,1.4
1777733661662290096,0.110169100761,0.0,0.0,0.0,0.0,1.4
1777733661665857076,0.127734208107,0.0,0.0,0.0,0.0,1.4
1777733661669871091,0.148812317848,0.0,0.0,0.0,0.0,1.4
1777733661678318977,0.176916480064,0.0,0.0,0.0,0.0,1.3323980689
1777733661706561088,0.222585725784,0.0,0.0,0.0,0.0,1.25862468481
1777733661718264102,0.335015916824,0.0,0.0,0.0,0.0,0.92664437294
1777733661722100973,0.35258102417,0.0,0.0,0.0,0.0,0.803641223907
1777733661726157903,0.356094026566,0.0,0.0,0.0,0.0,0.76675453186
1777733661738301038,0.366633105278,0.0,0.0,0.0,0.0,0.729867756367
1777733661742171049,0.380685162544,0.0,0.0,0.0,0.0,0.594616538286
1777733661746026992,0.387711215019,0.0,0.0,0.0,0.0,0.545434254408
1777733661750215053,0.387711215019,0.0,0.0,0.0,0.0,0.508547562361
1777733661754159927,0.391224241257,0.0,0.0,0.0,0.0,0.471660870314
1777733661757910013,0.391224241257,0.0,0.0,0.0,0.0,0.447069728374
1777733661766252994,0.39825026989,0.0,0.0,0.0,0.0,0.434774136543
1777733661770139932,0.39825026989,0.0,0.0,0.0,0.0,0.410182994604
1777733661778264045,0.39825026989,0.0,0.0,0.0,0.0,0.397887444496
1777733661782197952,0.4,0.0,0.0,0.0,0.0,0.373296302557
1777733661832139015,0.4,0.0,0.0,0.0,0.0,0.373296302557
1777733661882688999,0.4,0.0,0.0,0.0,0.0,0.373296302557
1777733661932786941,0.4,0.0,0.0,0.0,0.0,0.373296302557
1777733661982767105,0.4,0.0,0.0,0.0,0.0,0.373296302557
1777733662033068895,0.4,0.0,0.0,0.0,0.0,0.373296302557
1777733662083230972,0.4,0.0,0.0,0.0,0.0,0.373296302557
1777733662133177042,0.4,0.0,0.0,0.0,0.0,0.373296302557
1777733662183485031,0.4,0.0,0.0,0.0,0.0,0.373296302557
1777733662233472108,0.4,0.0,0.0,0.0,0.0,0.373296302557
1777733662283705949,0.4,0.0,0.0,0.0,0.0,0.373296302557
1777733662333786010,0.4,0.0,0.0,0.0,0.0,0.373296302557
1777733662354557991,0.4,0.0,0.0,0.0,0.0,0.348657700419
1777733662366437911,0.4,0.0,0.0,0.0,0.0,0.33636212945
1777733662374464035,0.4,0.0,0.0,0.0,0.0,0.311770987511
1777733662386343002,0.4,0.0,0.0,0.0,0.0,0.299475416541
1777733662398566007,0.4,0.0,0.0,0.0,0.0,0.274884274602
1777733662406348943,0.4,0.0,0.0,0.0,0.0,0.250293153524
1777733662410320997,0.4,0.0,0.0,0.0,0.0,0.237997582555
1777733662418288946,0.4,0.0,0.0,0.0,0.0,0.213406440616
1777733662422138929,0.4,0.0,0.0,0.0,0.0,0.201110869646
1777733662430275917,0.4,0.0,0.0,0.0,0.0,0.151928596199
1777733662442460060,0.4,0.0,0.0,0.0,0.0,0.13963303566
1777733662446217060,0.4,0.0,0.0,0.0,0.0,0.0781551912427
1777733662449923992,0.4,0.0,0.0,0.0,0.0,0.0658596202731
1777733662453969955,0.4,0.0,0.0,0.0,0.0,0.0166773481295
1777733662457879066,0.4,0.0,0.0,0.0,0.0,0.00438177976757
1777733662461815118,0.4,0.0,0.0,0.0,0.0,-0.0
1777733662470297098,0.4,0.0,0.0,0.0,0.0,-0.0
1777733662474055051,0.4,0.0,0.0,0.0,0.0,-0.0
1777733662478105068,0.4,0.0,0.0,0.0,0.0,-0.0
1777733662482088088,0.4,0.0,0.0,0.0,0.0,-0.0
1777733662532538890,0.4,0.0,0.0,0.0,0.0,-0.0
1777733662582762956,0.4,0.0,0.0,0.0,0.0,-0.0
1777733662632802963,0.4,0.0,0.0,0.0,0.0,-0.0
1777733662682703018,0.4,0.0,0.0,0.0,0.0,-0.0
1777733662710345983,0.4,0.0,0.0,0.0,0.0,-0.0
1777733662760739088,0.4,0.0,0.0,0.0,0.0,-0.0
1777733662811108112,0.4,0.0,0.0,0.0,0.0,-0.0
1777733662861318111,0.4,0.0,0.0,0.0,0.0,-0.0
1777733662911618947,0.4,0.0,0.0,0.0,0.0,-0.0
1777733662961675882,0.4,0.0,0.0,0.0,0.0,-0.0
1777733662978368043,0.4,0.0,0.0,0.0,0.0,-0.0
1777733662990703105,0.4,0.0,0.0,0.0,0.0,-0.0
1777733663002194881,0.4,0.0,0.0,0.0,0.0,-0.0
1777733663010005950,0.4,0.0,0.0,0.0,0.0,-0.0
1777733663018300056,0.4,0.0,0.0,0.0,0.0,-0.0
1777733663022423028,0.4,0.0,0.0,0.0,0.0,-0.0
1777733663026431083,0.4,0.0,0.0,0.0,0.0,-0.0
1777733663030308008,0.4,0.0,0.0,0.0,0.0,-0.00428683329374
1777733663034132957,0.4,0.0,0.0,0.0,0.0,-0.0288779713213
1777733663042121887,0.4,0.0,0.0,0.0,0.0,-0.0411735396832
1777733663092654943,0.4,0.0,0.0,0.0,0.0,-0.0411735396832
1777733663142287015,0.4,0.0,0.0,0.0,0.0,-0.0780602447689
1777733663146445035,0.4,0.0,0.0,0.0,0.0,-0.114946952462
1777733663150312900,0.4,0.0,0.0,0.0,0.0,-0.139538083971
1777733663158092975,0.4,0.0,0.0,0.0,0.0,-0.16412922591
1777733663162240028,0.4,0.0,0.0,0.0,0.0,-0.176424786448
1777733663212415933,0.4,0.0,0.0,0.0,0.0,-0.176424786448
1777733663226691961,0.4,0.0,0.0,0.0,0.0,-0.201015928388
1777733663277009010,0.4,0.0,0.0,0.0,0.0,-0.201015928388
1777733663286113977,0.4,0.0,0.0,0.0,0.0,-0.287084904313
1777733663302514076,0.4,0.0,0.0,0.0,0.0,-0.311676046252
1777733663327011108,0.4,0.0,0.0,0.0,0.0,-0.323971617222
1777733663377136945,0.4,0.0,0.0,0.0,0.0,-0.323971617222
1777733663427126884,0.4,0.0,0.0,0.0,0.0,-0.323971617222
1777733663434272050,0.4,0.0,0.0,0.0,0.0,-0.348562738299
1777733663462451934,0.4,0.0,0.0,0.0,0.0,-0.360858309269
1777733663512569904,0.4,0.0,0.0,0.0,0.0,-0.360858309269
1777733663562699079,0.4,0.0,0.0,0.0,0.0,-0.360858309269
1777733663612831115,0.4,0.0,0.0,0.0,0.0,-0.360858309269
1777733663662868022,0.4,0.0,0.0,0.0,0.0,-0.360858309269
1777733663712940931,0.4,0.0,0.0,0.0,0.0,-0.360858309269
1777733663738523960,0.4,0.0,0.0,0.0,0.0,-0.311676046252
1777733663742396116,0.4,0.0,0.0,0.0,0.0,-0.287084904313
1777733663746014118,0.4,0.0,0.0,0.0,0.0,-0.250198191404
1777733663749646902,0.4,0.0,0.0,0.0,0.0,-0.237902641296
1777733663753724098,0.4,0.0,0.0,0.0,0.0,-0.213311499357
1777733663757735013,0.4,0.0,0.0,0.0,0.0,-0.176424786448
1777733663761812925,0.4,0.0,0.0,0.0,0.0,-0.139538083971
1777733663765708923,0.4,0.0,0.0,0.0,0.0,-0.114946952462
1777733663769750118,0.4,0.0,0.0,0.0,0.0,-0.102651381493
1777733663773894071,0.4,0.0,0.0,0.0,0.0,-0.0657646737993
1777733663777781009,0.4,0.0,0.0,0.0,0.0,-0.0411735396832
1777733663798443078,0.4,0.0,0.0,0.0,0.0,-0.0288779713213
1777733663802128076,0.4,0.0,0.0,0.0,0.0,-0.0
1777733663806037902,0.4,0.0,0.0,0.0,0.0,-0.0
1777733663809864997,0.4,0.0,0.0,0.0,0.0,-0.0
1777733663822411060,0.4,0.0,0.0,0.0,0.0,-0.0
1777733663826138019,0.4,0.0,0.0,0.0,0.0,-0.0
1777733663830056905,0.4,0.0,0.0,0.0,0.0,-0.0
1777733663880558967,0.4,0.0,0.0,0.0,0.0,-0.0
1777733663930727005,0.4,0.0,0.0,0.0,0.0,-0.0
1777733663980838060,0.4,0.0,0.0,0.0,0.0,-0.0
1777733664031174898,0.4,0.0,0.0,0.0,0.0,-0.0
1777733664062406063,0.4,0.0,0.0,0.0,0.0,-0.0
1777733664112698078,0.4,0.0,0.0,0.0,0.0,-0.0
1777733664162903070,0.4,0.0,0.0,0.0,0.0,-0.0
1777733664213074922,0.4,0.0,0.0,0.0,0.0,-0.0
1777733664263245105,0.4,0.0,0.0,0.0,0.0,-0.0
1777733664313091039,0.4,0.0,0.0,0.0,0.0,-0.0
1777733664363331079,0.4,0.0,0.0,0.0,0.0,-0.0
1777733664413448095,0.4,0.0,0.0,0.0,0.0,-0.0
1777733664463573932,0.4,0.0,0.0,0.0,0.0,-0.0
1777733664513664960,0.4,0.0,0.0,0.0,0.0,-0.0
1777733664563709974,0.4,0.0,0.0,0.0,0.0,-0.0
1777733664613853931,0.4,0.0,0.0,0.0,0.0,-0.0
1777733664664010047,0.4,0.0,0.0,0.0,0.0,-0.0
1777733664714101076,0.4,0.0,0.0,0.0,0.0,-0.0
1777733664764292001,0.4,0.0,0.0,0.0,0.0,-0.0
1777733664814467906,0.4,0.0,0.0,0.0,0.0,-0.0
1777733664864620923,0.4,0.0,0.0,0.0,0.0,-0.0
1777733664914556026,0.4,0.0,0.0,0.0,0.0,-0.0
1777733664964767932,0.4,0.0,0.0,0.0,0.0,-0.0
1777733665014733076,0.4,0.0,0.0,0.0,0.0,-0.0
1777733665065018892,0.4,0.0,0.0,0.0,0.0,-0.0
1777733665114978075,0.4,0.0,0.0,0.0,0.0,-0.0
1777733665165438890,0.4,0.0,0.0,0.0,0.0,-0.0
1777733665215325117,0.4,0.0,0.0,0.0,0.0,-0.0
1777733665265363931,0.4,0.0,0.0,0.0,0.0,-0.0
1777733665315479993,0.4,0.0,0.0,0.0,0.0,-0.0
1777733665365819931,0.4,0.0,0.0,0.0,0.0,-0.0
1777733665415977001,0.4,0.0,0.0,0.0,0.0,-0.0
1777733665465877056,0.4,0.0,0.0,0.0,0.0,-0.0
1777733665515961885,0.4,0.0,0.0,0.0,0.0,-0.0
1777733665566313028,0.4,0.0,0.0,0.0,0.0,-0.0
1777733665616261005,0.4,0.0,0.0,0.0,0.0,-0.0
1777733665666234970,0.4,0.0,0.0,0.0,0.0,-0.0
1777733665716468095,0.4,0.0,0.0,0.0,0.0,-0.0
1777733665766807079,0.4,0.0,0.0,0.0,0.0,-0.0
1777733665816839933,0.4,0.0,0.0,0.0,0.0,-0.0
1777733665866595029,0.4,0.0,0.0,0.0,0.0,-0.0
1777733665917095899,0.4,0.0,0.0,0.0,0.0,-0.0
1777733665967178106,0.4,0.0,0.0,0.0,0.0,-0.0
1777733666017327070,0.4,0.0,0.0,0.0,0.0,-0.0
1777733666067586898,0.4,0.0,0.0,0.0,0.0,-0.0
1777733666117460012,0.4,0.0,0.0,0.0,0.0,-0.0
1777733666167781114,0.4,0.0,0.0,0.0,0.0,-0.0
1777733666217758893,0.4,0.0,0.0,0.0,0.0,-0.0
1777733666268088102,0.4,0.0,0.0,0.0,0.0,-0.0
1777733666318109035,0.4,0.0,0.0,0.0,0.0,-0.0
1777733666334476947,0.4,0.0,0.0,0.0,0.0,-0.0
1777733666384450912,0.4,0.0,0.0,0.0,0.0,-0.0
1777733666434566020,0.4,0.0,0.0,0.0,0.0,-0.0
1777733666484919071,0.4,0.0,0.0,0.0,0.0,-0.0
1777733666490077018,0.4,0.0,0.0,0.0,0.0,-0.0
1777733666498138904,0.4,0.0,0.0,0.0,0.0,-0.0
1777733666501980066,0.4,0.0,0.0,0.0,0.0,-0.0
1777733666514278888,0.4,0.0,0.0,0.0,0.0,-0.0
1777733666522402048,0.4,0.0,0.0,0.0,0.0,-0.00428683329374
1777733666532706975,0.4,0.0,0.0,0.0,0.0,-0.0288779713213
1777733666534081935,0.4,0.0,0.0,0.0,0.0,-0.0411735396832
1777733666546384096,0.4,0.0,0.0,0.0,0.0,-0.0657646737993
1777733666596358060,0.4,0.0,0.0,0.0,0.0,-0.0657646737993
1777733666646676063,0.4,0.0,0.0,0.0,0.0,-0.0657646737993
1777733666654282093,0.4,0.0,0.0,0.0,0.0,-0.102651381493
1777733666662204980,0.4,0.0,0.0,0.0,0.0,-0.114946952462
1777733666665904045,0.4,0.0,0.0,0.0,0.0,-0.139538083971
1777733666670175075,0.4,0.0,0.0,0.0,0.0,-0.16412922591
1777733666677723884,0.4,0.0,0.0,0.0,0.0,-0.176424786448
1777733666728301048,0.4,0.0,0.0,0.0,0.0,-0.176424786448
1777733666778546094,0.4,0.0,0.0,0.0,0.0,-0.176424786448
1777733666828773975,0.4,0.0,0.0,0.0,0.0,-0.176424786448
1777733666878942012,0.4,0.0,0.0,0.0,0.0,-0.176424786448
1777733666928818941,0.4,0.0,0.0,0.0,0.0,-0.176424786448
1777733666979007005,0.4,0.0,0.0,0.0,0.0,-0.176424786448
1777733667029336929,0.4,0.0,0.0,0.0,0.0,-0.176424786448
1777733667046489000,0.4,0.0,0.0,0.0,0.0,-0.114946952462
1777733667050415039,0.4,0.0,0.0,0.0,0.0,-0.102651381493
1777733667058520078,0.4,0.0,0.0,0.0,0.0,-0.0780602447689
1777733667062092065,0.4,0.0,0.0,0.0,0.0,-0.0657646737993
1777733667070432901,0.4,0.0,0.0,0.0,0.0,-0.0411735396832
1777733667074268102,0.4,0.0,0.0,0.0,0.0,-0.0288779713213
1777733667082345008,0.4,0.0,0.0,0.0,0.0,-0.00428683329374
1777733667094244956,0.4,0.0,0.0,0.0,0.0,-0.0
1777733667098136901,0.4,0.0,0.0,0.0,0.0,-0.0
1777733667106543064,0.4,0.0,0.0,0.0,0.0,-0.0
1777733667114052057,0.4,0.0,0.0,0.0,0.0,-0.0
1777733667130635976,0.4,0.0,0.0,0.0,0.0,-0.0
1777733667146543979,0.4,0.0,0.0,0.0,0.0,-0.0
1777733667190476894,0.4,0.0,0.0,0.0,0.0,-0.0
1777733667230618953,0.4,0.0,0.0,0.0,0.0,-0.0
1777733667280874013,0.4,0.0,0.0,0.0,0.0,-0.0
1777733667330673933,0.4,0.0,0.0,0.0,0.0,-0.0
1777733667381016969,0.4,0.0,0.0,0.0,0.0,-0.0
1777733667431068897,0.4,0.0,0.0,0.0,0.0,-0.0
1777733667480849981,0.4,0.0,0.0,0.0,0.0,-0.0
1777733667531106948,0.4,0.0,0.0,0.0,0.0,-0.0
1777733667581376075,0.4,0.0,0.0,0.0,0.0,-0.0
1777733667631405115,0.4,0.0,0.0,0.0,0.0,-0.0
1777733667681735992,0.4,0.0,0.0,0.0,0.0,-0.0
1777733667731722116,0.4,0.0,0.0,0.0,0.0,-0.0
1777733667781946897,0.4,0.0,0.0,0.0,0.0,-0.0
1777733667832055091,0.4,0.0,0.0,0.0,0.0,-0.0
1777733667881788015,0.4,0.0,0.0,0.0,0.0,-0.0
1777733667926541090,0.4,0.0,0.0,0.0,0.0,-0.0
1777733667976533889,0.4,0.0,0.0,0.0,0.0,-0.0
1777733668002408027,0.4,0.0,0.0,0.0,0.0,-0.0
1777733668042356014,0.4,0.0,0.0,0.0,0.0,-0.0
1777733668062340021,0.4,0.0,0.0,0.0,0.0,-0.0
1777733668082592010,0.4,0.0,0.0,0.0,0.0,-0.0
1777733668102579116,0.4,0.0,0.0,0.0,0.0,-0.0
1777733668152590036,0.4,0.0,0.0,0.0,0.0,-0.0
1777733668202743053,0.4,0.0,0.0,0.0,0.0,-0.0
1777733668210319042,0.4,0.0,0.0,0.0,0.0,-0.0
1777733668260399103,0.4,0.0,0.0,0.0,0.0,-0.0
1777733668290275096,0.4,0.0,0.0,0.0,0.0,-0.0
1777733668340591907,0.4,0.0,0.0,0.0,0.0,-0.0
1777733668390595912,0.4,0.0,0.0,0.0,0.0,-0.0
1777733668440830945,0.4,0.0,0.0,0.0,0.0,-0.0
1777733668490619897,0.4,0.0,0.0,0.0,0.0,-0.0
1777733668540925025,0.4,0.0,0.0,0.0,0.0,-0.0
1777733668590892076,0.4,0.0,0.0,0.0,0.0,-0.0
1777733668640944004,0.4,0.0,0.0,0.0,0.0,-0.0
1777733668690957069,0.4,0.0,0.0,0.0,0.0,-0.0
1777733668741420984,0.4,0.0,0.0,0.0,0.0,-0.0
1777733668791568994,0.4,0.0,0.0,0.0,0.0,-0.0
1777733668841875076,0.4,0.0,0.0,0.0,0.0,-0.0
1777733668891613960,0.4,0.0,0.0,0.0,0.0,-0.0
1777733668942102909,0.4,0.0,0.0,0.0,0.0,-0.0
1777733668992023944,0.4,0.0,0.0,0.0,0.0,-0.0
1777733669042174100,0.4,0.0,0.0,0.0,0.0,-0.0
1777733669092211961,0.4,0.0,0.0,0.0,0.0,-0.0
1777733669142448902,0.4,0.0,0.0,0.0,0.0,-0.0
1777733669192604064,0.4,0.0,0.0,0.0,0.0,-0.0
1777733669242786884,0.4,0.0,0.0,0.0,0.0,-0.0
1777733669292809009,0.4,0.0,0.0,0.0,0.0,-0.0
1777733669343044042,0.4,0.0,0.0,0.0,0.0,-0.0
1777733669392983913,0.4,0.0,0.0,0.0,0.0,-0.0
1777733669443074941,0.4,0.0,0.0,0.0,0.0,-0.0
1777733669493153095,0.4,0.0,0.0,0.0,0.0,-0.0
1777733669543549060,0.4,0.0,0.0,0.0,0.0,-0.0
1777733669593530893,0.4,0.0,0.0,0.0,0.0,-0.0
1777733669643734931,0.4,0.0,0.0,0.0,0.0,-0.0
1777733669693782091,0.4,0.0,0.0,0.0,0.0,-0.0
1777733669743947029,0.4,0.0,0.0,0.0,0.0,-0.0
1777733669794025897,0.4,0.0,0.0,0.0,0.0,-0.0
1777733669844327926,0.4,0.0,0.0,0.0,0.0,-0.0
1777733669894048929,0.4,0.0,0.0,0.0,0.0,-0.0
1777733669944232940,0.4,0.0,0.0,0.0,0.0,-0.0
1777733669994442939,0.4,0.0,0.0,0.0,0.0,-0.0
1777733670044856071,0.4,0.0,0.0,0.0,0.0,-0.0
1777733670094625949,0.4,0.0,0.0,0.0,0.0,-0.0
1777733670145068883,0.4,0.0,0.0,0.0,0.0,-0.0
1777733670194906949,0.4,0.0,0.0,0.0,0.0,-0.0
1777733670245289087,0.4,0.0,0.0,0.0,0.0,-0.0
1777733670295312881,0.4,0.0,0.0,0.0,0.0,-0.0
1777733670345573902,0.4,0.0,0.0,0.0,0.0,-0.0
1777733670395412921,0.4,0.0,0.0,0.0,0.0,-0.0
1777733670445555925,0.4,0.0,0.0,0.0,0.0,-0.0
1777733670495650053,0.4,0.0,0.0,0.0,0.0,-0.0
1777733670545746088,0.4,0.0,0.0,0.0,0.0,-0.0
1777733670595835924,0.4,0.0,0.0,0.0,0.0,-0.0
1777733670645981073,0.4,0.0,0.0,0.0,0.0,-0.0
1777733670696089029,0.4,0.0,0.0,0.0,0.0,-0.0
1777733670746248960,0.4,0.0,0.0,0.0,0.0,-0.0
1777733670796303033,0.4,0.0,0.0,0.0,0.0,-0.0
1777733670846482038,0.4,0.0,0.0,0.0,0.0,-0.0
1777733670896234989,0.4,0.0,0.0,0.0,0.0,-0.0
1777733670946697950,0.4,0.0,0.0,0.0,0.0,-0.0
1777733670996819972,0.4,0.0,0.0,0.0,0.0,-0.0
1777733671047130107,0.4,0.0,0.0,0.0,0.0,-0.0
1777733671096961021,0.4,0.0,0.0,0.0,0.0,-0.0
1777733671147181034,0.4,0.0,0.0,0.0,0.0,-0.0
1777733671197293043,0.4,0.0,0.0,0.0,0.0,-0.0
1777733671247324943,0.4,0.0,0.0,0.0,0.0,-0.0
1777733671297318935,0.4,0.0,0.0,0.0,0.0,-0.0
1777733671347686052,0.4,0.0,0.0,0.0,0.0,-0.0
1777733671397685050,0.4,0.0,0.0,0.0,0.0,-0.0
1777733671447915077,0.4,0.0,0.0,0.0,0.0,-0.0
1777733671497977972,0.4,0.0,0.0,0.0,0.0,-0.0
1777733671548154115,0.4,0.0,0.0,0.0,0.0,-0.0
1777733671598227024,0.4,0.0,0.0,0.0,0.0,-0.0
1777733671648459911,0.4,0.0,0.0,0.0,0.0,-0.0
1777733671698456048,0.4,0.0,0.0,0.0,0.0,-0.0
1777733671748668909,0.4,0.0,0.0,0.0,0.0,-0.0
1777733671799010992,0.4,0.0,0.0,0.0,0.0,-0.0
1777733671849247932,0.4,0.0,0.0,0.0,0.0,-0.0
1777733671898976087,0.4,0.0,0.0,0.0,0.0,-0.0
1777733671949192047,0.4,0.0,0.0,0.0,0.0,-0.0
1777733671999044895,0.4,0.0,0.0,0.0,0.0,-0.0
1777733672049520015,0.4,0.0,0.0,0.0,0.0,-0.0
1777733672099359989,0.4,0.0,0.0,0.0,0.0,-0.0
1777733672149701118,0.4,0.0,0.0,0.0,0.0,-0.0
1777733672199656963,0.4,0.0,0.0,0.0,0.0,-0.0
1777733672249882936,0.4,0.0,0.0,0.0,0.0,-0.0
1777733672299953937,0.4,0.0,0.0,0.0,0.0,-0.0
1777733672350131988,0.4,0.0,0.0,0.0,0.0,-0.0
1777733672400199890,0.4,0.0,0.0,0.0,0.0,-0.0
1777733672450485944,0.4,0.0,0.0,0.0,0.0,-0.0
1777733672500380992,0.4,0.0,0.0,0.0,0.0,-0.0
1777733672550636053,0.4,0.0,0.0,0.0,0.0,-0.0
1777733672600662946,0.4,0.0,0.0,0.0,0.0,-0.0
1777733672650748968,0.4,0.0,0.0,0.0,0.0,-0.0
1777733672700860977,0.4,0.0,0.0,0.0,0.0,-0.0
1777733672751476049,0.4,0.0,0.0,0.0,0.0,-0.0
1777733672801188945,0.4,0.0,0.0,0.0,0.0,-0.0
1777733672851548910,0.4,0.0,0.0,0.0,0.0,-0.0
1777733672901449918,0.4,0.0,0.0,0.0,0.0,-0.0
1777733672951539039,0.4,0.0,0.0,0.0,0.0,-0.0
1777733673001718044,0.4,0.0,0.0,0.0,0.0,-0.0
1777733673051923990,0.4,0.0,0.0,0.0,0.0,-0.0
1777733673102057933,0.4,0.0,0.0,0.0,0.0,-0.0
1777733673152156114,0.4,0.0,0.0,0.0,0.0,-0.0
1777733673202485084,0.4,0.0,0.0,0.0,0.0,-0.0
1777733673252521991,0.4,0.0,0.0,0.0,0.0,-0.0
1777733673302710056,0.4,0.0,0.0,0.0,0.0,-0.0
1777733673353121042,0.4,0.0,0.0,0.0,0.0,-0.0
1777733673403090953,0.4,0.0,0.0,0.0,0.0,-0.0
1777733673453052043,0.4,0.0,0.0,0.0,0.0,-0.0
1777733673503334999,0.4,0.0,0.0,0.0,0.0,-0.0
1777733673553474903,0.4,0.0,0.0,0.0,0.0,-0.0
1777733673603523015,0.4,0.0,0.0,0.0,0.0,-0.0
1777733673650403976,0.4,0.0,0.0,0.0,0.0,0.00438177976757
1777733673700851917,0.4,0.0,0.0,0.0,0.0,0.00438177976757
1777733673710560083,0.4,0.0,0.0,0.0,0.0,0.0166773481295
1777733673760633945,0.4,0.0,0.0,0.0,0.0,0.0166773481295
1777733673766254901,0.4,0.0,0.0,0.0,0.0,0.0412684861571
1777733673810617923,0.4,0.0,0.0,0.0,0.0,0.0658596202731
1777733673834307909,0.4,0.0,0.0,0.0,0.0,0.0781551912427
1777733673884260892,0.4,0.0,0.0,0.0,0.0,0.0781551912427
1777733673890229940,0.4,0.0,0.0,0.0,0.0,0.102746322751
1777733673906362056,0.4,0.0,0.0,0.0,0.0,0.115041893721
1777733673918334007,0.4,0.0,0.0,0.0,0.0,0.13963303566
1777733673930227041,0.4,0.0,0.0,0.0,0.0,0.151928596199
1777733673934138059,0.4,0.0,0.0,0.0,0.0,0.176519727707
1777733673976278066,0.4,0.0,0.0,0.0,0.0,0.201110869646
1777733673976512908,0.4,0.0,0.0,0.0,0.0,0.213406440616
1777733673976598978,0.4,0.0,0.0,0.0,0.0,0.237997582555
1777733673976665019,0.4,0.0,0.0,0.0,0.0,0.250293153524
1777733673978123903,0.4,0.0,0.0,0.0,0.0,0.274884274602
1777733673982053995,0.4,0.0,0.0,0.0,0.0,0.299475416541
1777733673994580030,0.4,0.0,0.0,0.0,0.0,0.311770987511
1777733674022347927,0.4,0.0,0.0,0.0,0.0,0.33636212945
1777733674072501897,0.4,0.0,0.0,0.0,0.0,0.33636212945
1777733674122292995,0.4,0.0,0.0,0.0,0.0,0.348657700419
1777733674154304981,0.4,0.0,0.0,0.0,0.0,0.373296302557
1777733674204498052,0.4,0.0,0.0,0.0,0.0,0.373296302557
1777733674218322992,0.380685162544,0.0,0.0,0.0,0.0,0.5331387043
1777733674222204923,0.380685162544,0.0,0.0,0.0,0.0,0.545434254408
1777733674225904941,0.377172160149,0.0,0.0,0.0,0.0,0.545434254408
1777733674238584041,0.377172160149,0.0,0.0,0.0,0.0,0.570025396347
1777733674250538110,0.370146107674,0.0,0.0,0.0,0.0,0.570025396347
1777733674254163026,0.370146107674,0.0,0.0,0.0,0.0,0.594616538286
1777733674278376102,0.370146107674,0.0,0.0,0.0,0.0,0.606912088394
1777733674290040969,0.366633105278,0.0,0.0,0.0,0.0,0.631503230333
1777733674298557996,0.366633105278,0.0,0.0,0.0,0.0,0.643798822165
1777733674306392908,0.366633105278,0.0,0.0,0.0,0.0,0.668389964104
1777733674313807964,0.363120079041,0.0,0.0,0.0,0.0,0.69298106432
1777733674317996025,0.363120079041,0.0,0.0,0.0,0.0,0.705276656151
1777733674321857929,0.356094026566,0.0,0.0,0.0,0.0,0.705276656151
1777733674329910993,0.356094026566,0.0,0.0,0.0,0.0,0.729867756367
1777733674333817005,0.35258102417,0.0,0.0,0.0,0.0,0.729867756367
1777733674337846040,0.35258102417,0.0,0.0,0.0,0.0,0.742163348198
1777733674346276044,0.345554971695,0.0,0.0,0.0,0.0,0.742163348198
1777733674354257106,0.345554971695,0.0,0.0,0.0,0.0,0.76675453186
1777733674370331048,0.345554971695,0.0,0.0,0.0,0.0,0.779050040245
1777733674389981985,0.345554971695,0.0,0.0,0.0,0.0,0.803641223907
1777733674406372070,0.342041969299,0.0,0.0,0.0,0.0,0.828232324123
1777733674426192998,0.342041969299,0.0,0.0,0.0,0.0,0.840527915955
1777733674430062055,0.335015916824,0.0,0.0,0.0,0.0,0.865119016171
1777733674438087940,0.331502890587,0.0,0.0,0.0,0.0,0.865119016171
1777733674442117929,0.331502890587,0.0,0.0,0.0,0.0,0.877414608002
1777733674446094036,0.324476861954,0.0,0.0,0.0,0.0,0.877414608002
1777733674449928998,0.303398752213,0.0,0.0,0.0,0.0,0.92664437294
1777733674453847885,0.299885725975,0.0,0.0,0.0,0.0,0.938939881325
1777733674457952022,0.292859697342,0.0,0.0,0.0,0.0,0.938939881325
1777733674466453075,0.289346671104,0.0,0.0,0.0,0.0,0.963531064987
1777733674470110893,0.285833644867,0.0,0.0,0.0,0.0,0.975826656818
1777733674474185943,0.278807616234,0.0,0.0,0.0,0.0,1.00041775703
1777733674478072881,0.275294589996,0.0,0.0,0.0,0.0,1.0250089407
1777733674481894016,0.264755535126,0.0,0.0,0.0,0.0,1.03730444908
1777733674485907077,0.257729482651,0.0,0.0,0.0,0.0,1.06189563274
1777733674489900112,0.247176861763,0.0,0.0,0.0,0.0,1.09878232479
1777733674493808031,0.243663859367,0.0,0.0,0.0,0.0,1.12337342501
1777733674497900009,0.233124780655,0.0,0.0,0.0,0.0,1.13566901684
1777733674501931905,0.226098752022,0.0,0.0,0.0,0.0,1.16026011705
1777733674506072998,0.222585725784,0.0,0.0,0.0,0.0,1.16026011705
1777733674509969949,0.215559697151,0.0,0.0,0.0,0.0,1.17255570889
1777733674513797998,0.212046670914,0.0,0.0,0.0,0.0,1.19714689255
1777733674517940998,0.212046670914,0.0,0.0,0.0,0.0,1.22173799276
1777733674521821022,0.205020642281,0.0,0.0,0.0,0.0,1.23403358459
1777733674525871992,0.201507616043,0.0,0.0,0.0,0.0,1.25862468481
1777733674529795885,0.197994589806,0.0,0.0,0.0,0.0,1.25862468481
1777733674534085988,0.190968561172,0.0,0.0,0.0,0.0,1.27092027664
1777733674537903070,0.187455534935,0.0,0.0,0.0,0.0,1.29551137686
1777733674542078971,0.176916480064,0.0,0.0,0.0,0.0,1.29551137686
1777733674545964956,0.166377413273,0.0,0.0,0.0,0.0,1.32010256052
1777733674554383039,0.15935138464,0.0,0.0,0.0,0.0,1.3323980689
1777733674558171033,0.148812317848,0.0,0.0,0.0,0.0,1.35698925257
1777733674562315940,0.145299303532,0.0,0.0,0.0,0.0,1.3692848444
1777733674574254989,0.138273262978,0.0,0.0,0.0,0.0,1.39387594461
1777733674582534074,0.134760248661,0.0,0.0,0.0,0.0,1.39387594461
1777733674585915088,0.127734208107,0.0,0.0,0.0,0.0,1.4
1777733674594319105,0.12422118187,0.0,0.0,0.0,0.0,1.4
1777733674598265886,0.120708167553,0.0,0.0,0.0,0.0,1.4
1777733674606486082,0.113682126999,0.0,0.0,0.0,0.0,1.4
1777733674614459991,0.110169100761,0.0,0.0,0.0,0.0,1.4
1777733674618360042,0.103129506111,0.0,0.0,0.0,0.0,1.4
1777733674626091957,0.0996164858341,0.0,0.0,0.0,0.0,1.4
1777733674634197950,0.0925904452801,0.0,0.0,0.0,0.0,1.4
1777733674654310941,0.0890774250031,0.0,0.0,0.0,0.0,1.4
1777733674704680919,0.0890774250031,0.0,0.0,0.0,0.0,1.4
1777733674754837036,0.0890774250031,0.0,0.0,0.0,0.0,1.4
1777733674766535043,0.078538364172,0.0,0.0,0.0,0.0,1.4
1777733674806570053,0.0715123295784,0.0,0.0,0.0,0.0,1.4
1777733674856554985,0.0715123295784,0.0,0.0,0.0,0.0,1.4
1777733674906812906,0.0715123295784,0.0,0.0,0.0,0.0,1.4
1777733674956854104,0.0715123295784,0.0,0.0,0.0,0.0,1.4
1777733675007008075,0.0715123295784,0.0,0.0,0.0,0.0,1.4
1777733675057054996,0.0715123295784,0.0,0.0,0.0,0.0,1.4
1777733675107073068,0.0715123295784,0.0,0.0,0.0,0.0,1.4
1777733675157341957,0.0715123295784,0.0,0.0,0.0,0.0,1.4
1777733675170277118,0.0996164858341,0.0,0.0,0.0,0.0,1.4
1777733675174114942,0.103129506111,0.0,0.0,0.0,0.0,1.4
1777733675178034067,0.110169100761,0.0,0.0,0.0,0.0,1.4
1777733675181982994,0.113682126999,0.0,0.0,0.0,0.0,1.4
1777733675190530061,0.120708167553,0.0,0.0,0.0,0.0,1.4
1777733675194292068,0.12422118187,0.0,0.0,0.0,0.0,1.4
1777733675198091983,0.127734208107,0.0,0.0,0.0,0.0,1.4
1777733675202018976,0.134760248661,0.0,0.0,0.0,0.0,1.4
1777733675206229925,0.138273262978,0.0,0.0,0.0,0.0,1.4
1777733675218322038,0.145299303532,0.0,0.0,0.0,0.0,1.4
1777733675234282970,0.148812317848,0.0,0.0,0.0,0.0,1.4
1777733675246155977,0.155838358402,0.0,0.0,0.0,0.0,1.4
1777733675250056028,0.15935138464,0.0,0.0,0.0,0.0,1.4
1777733675254304885,0.166377413273,0.0,0.0,0.0,0.0,1.4
1777733675258244037,0.187455534935,0.0,0.0,0.0,0.0,1.4
1777733675266287088,0.197994589806,0.0,0.0,0.0,0.0,1.4
1777733675270242929,0.201507616043,0.0,0.0,0.0,0.0,1.35698925257
1777733675274185895,0.205020642281,0.0,0.0,0.0,0.0,1.3323980689
1777733675277942895,0.215559697151,0.0,0.0,0.0,0.0,1.29551137686
1777733675286060094,0.222585725784,0.0,0.0,0.0,0.0,1.27092027664
1777733675290119886,0.243663859367,0.0,0.0,0.0,0.0,1.22173799276
1777733675294325113,0.257729482651,0.0,0.0,0.0,0.0,1.17255570889
1777733675302340984,0.285833644867,0.0,0.0,0.0,0.0,1.12337342501
1777733675306121110,0.292859697342,0.0,0.0,0.0,0.0,1.07419114113
1777733675309859037,0.299885725975,0.0,0.0,0.0,0.0,1.03730444908
1777733675313994884,0.313937807083,0.0,0.0,0.0,0.0,1.00041775703
1777733675321989059,0.331502890587,0.0,0.0,0.0,0.0,0.938939881325
1777733675330063104,0.345554971695,0.0,0.0,0.0,0.0,0.828232324123
1777733675334002971,0.35258102417,0.0,0.0,0.0,0.0,0.779050040245
1777733675337991952,0.363120079041,0.0,0.0,0.0,0.0,0.742163348198
1777733675341886043,0.366633105278,0.0,0.0,0.0,0.0,0.705276656151
1777733675346230983,0.370146107674,0.0,0.0,0.0,0.0,0.69298106432
1777733675349848031,0.377172160149,0.0,0.0,0.0,0.0,0.631503230333
1777733675353868961,0.380685162544,0.0,0.0,0.0,0.0,0.606912088394
1777733675357928037,0.380685162544,0.0,0.0,0.0,0.0,0.570025396347
1777733675361859083,0.387711215019,0.0,0.0,0.0,0.0,0.545434254408
1777733675365968942,0.387711215019,0.0,0.0,0.0,0.0,0.5331387043
1777733675370316982,0.387711215019,0.0,0.0,0.0,0.0,0.508547562361
1777733675373908996,0.391224241257,0.0,0.0,0.0,0.0,0.49625197053
1777733675386663913,0.391224241257,0.0,0.0,0.0,0.0,0.471660870314
1777733675390175104,0.39825026989,0.0,0.0,0.0,0.0,0.410182994604
1777733675406486034,0.4,0.0,0.0,0.0,0.0,0.373296302557
1777733675414292097,0.4,0.0,0.0,0.0,0.0,0.348657700419
1777733675430322885,0.4,0.0,0.0,0.0,0.0,0.311770987511
1777733675466610908,0.4,0.0,0.0,0.0,0.0,0.299475416541
1777733675486428022,0.4,0.0,0.0,0.0,0.0,0.274884274602
1777733675490004062,0.4,0.0,0.0,0.0,0.0,0.250293153524
1777733675498188018,0.4,0.0,0.0,0.0,0.0,0.237997582555
1777733675510572910,0.4,0.0,0.0,0.0,0.0,0.213406440616
1777733675546533107,0.4,0.0,0.0,0.0,0.0,0.201110869646
1777733675578313112,0.4,0.0,0.0,0.0,0.0,0.176519727707
1777733675586580991,0.4,0.0,0.0,0.0,0.0,0.151928596199
1777733675598445892,0.4,0.0,0.0,0.0,0.0,0.13963303566
1777733675610450983,0.4,0.0,0.0,0.0,0.0,0.115041893721
1777733675638421058,0.4,0.0,0.0,0.0,0.0,0.102746322751
1777733675670530080,0.4,0.0,0.0,0.0,0.0,0.0781551912427
1777733675682532072,0.4,0.0,0.0,0.0,0.0,0.0658596202731
1777733675706321001,0.4,0.0,0.0,0.0,0.0,0.0412684861571
1777733675756656885,0.4,0.0,0.0,0.0,0.0,0.0412684861571
1777733675806890964,0.4,0.0,0.0,0.0,0.0,0.0412684861571
1777733675856668949,0.4,0.0,0.0,0.0,0.0,0.0412684861571
1777733675906874895,0.4,0.0,0.0,0.0,0.0,0.0412684861571
1777733675956733942,0.4,0.0,0.0,0.0,0.0,0.0412684861571
1777733676007338047,0.4,0.0,0.0,0.0,0.0,0.0412684861571
1777733676057193994,0.4,0.0,0.0,0.0,0.0,0.0412684861571
1777733676107487916,0.4,0.0,0.0,0.0,0.0,0.0412684861571
1777733676157716035,0.4,0.0,0.0,0.0,0.0,0.0412684861571
1777733676207794904,0.4,0.0,0.0,0.0,0.0,0.0412684861571
1777733676257808923,0.4,0.0,0.0,0.0,0.0,0.0412684861571
1777733676307774066,0.4,0.0,0.0,0.0,0.0,0.0412684861571
1777733676358105897,0.4,0.0,0.0,0.0,0.0,0.0412684861571
1777733676408094882,0.4,0.0,0.0,0.0,0.0,0.0412684861571
1777733676458374977,0.4,0.0,0.0,0.0,0.0,0.0412684861571
1777733676508297920,0.4,0.0,0.0,0.0,0.0,0.0412684861571
1777733676558598995,0.4,0.0,0.0,0.0,0.0,0.0412684861571
1777733676608699083,0.4,0.0,0.0,0.0,0.0,0.0412684861571
1777733676658658027,0.4,0.0,0.0,0.0,0.0,0.0412684861571
1777733676708746910,0.4,0.0,0.0,0.0,0.0,0.0412684861571
1777733676758869886,0.4,0.0,0.0,0.0,0.0,0.0412684861571
1777733676809061050,0.4,0.0,0.0,0.0,0.0,0.0412684861571
1777733676859148025,0.4,0.0,0.0,0.0,0.0,0.0412684861571
1777733676909064054,0.4,0.0,0.0,0.0,0.0,0.0412684861571
1777733676959258079,0.4,0.0,0.0,0.0,0.0,0.0412684861571
1777733677009228944,0.4,0.0,0.0,0.0,0.0,0.0412684861571
1777733677059493064,0.4,0.0,0.0,0.0,0.0,0.0412684861571
1777733677109698057,0.4,0.0,0.0,0.0,0.0,0.0412684861571
1777733677159799098,0.4,0.0,0.0,0.0,0.0,0.0412684861571
1777733677209798097,0.4,0.0,0.0,0.0,0.0,0.0412684861571
1777733677259934902,0.4,0.0,0.0,0.0,0.0,0.0412684861571
1777733677309875965,0.4,0.0,0.0,0.0,0.0,0.0412684861571
1777733677360168933,0.4,0.0,0.0,0.0,0.0,0.0412684861571
1777733677410311937,0.4,0.0,0.0,0.0,0.0,0.0412684861571
1777733677460361003,0.4,0.0,0.0,0.0,0.0,0.0412684861571
1777733677510344982,0.4,0.0,0.0,0.0,0.0,0.0412684861571
1777733677560633897,0.4,0.0,0.0,0.0,0.0,0.0412684861571
1777733677610650062,0.4,0.0,0.0,0.0,0.0,0.0412684861571
1777733677660717964,0.4,0.0,0.0,0.0,0.0,0.0412684861571
1777733677710902929,0.4,0.0,0.0,0.0,0.0,0.0412684861571
1777733677760796070,0.4,0.0,0.0,0.0,0.0,0.0412684861571
1777733677810925960,0.4,0.0,0.0,0.0,0.0,0.0412684861571
1777733677861213922,0.4,0.0,0.0,0.0,0.0,0.0412684861571
1777733677911293029,0.4,0.0,0.0,0.0,0.0,0.0412684861571
1777733677961287021,0.4,0.0,0.0,0.0,0.0,0.0412684861571
1777733678011467933,0.4,0.0,0.0,0.0,0.0,0.0412684861571
1777733678061582088,0.4,0.0,0.0,0.0,0.0,0.0412684861571
1777733678111501932,0.4,0.0,0.0,0.0,0.0,0.0412684861571
1777733678161716938,0.4,0.0,0.0,0.0,0.0,0.0412684861571
1777733678211792945,0.4,0.0,0.0,0.0,0.0,0.0412684861571
1777733678222378015,0.4,0.0,0.0,0.0,0.0,0.0166773481295
1777733678234246969,0.4,0.0,0.0,0.0,0.0,0.00438177976757
1777733678238008975,0.4,0.0,0.0,0.0,0.0,-0.0
1777733678254538059,0.4,0.0,0.0,0.0,0.0,-0.0
1777733678266383886,0.4,0.0,0.0,0.0,0.0,-0.0
1777733678290290117,0.4,0.0,0.0,0.0,0.0,-0.0
1777733678306276082,0.4,0.0,0.0,0.0,0.0,-0.0
1777733678318696022,0.4,0.0,0.0,0.0,0.0,-0.0
1777733678326229095,0.4,0.0,0.0,0.0,0.0,-0.0
1777733678342358112,0.4,0.0,0.0,0.0,0.0,-0.0
1777733678378240108,0.4,0.0,0.0,0.0,0.0,-0.0
1777733678428344964,0.4,0.0,0.0,0.0,0.0,-0.0
1777733678478641033,0.4,0.0,0.0,0.0,0.0,-0.0
1777733678528624057,0.4,0.0,0.0,0.0,0.0,-0.0
1777733678578804016,0.4,0.0,0.0,0.0,0.0,-0.0
1777733678628815889,0.4,0.0,0.0,0.0,0.0,-0.0
1777733678679080009,0.4,0.0,0.0,0.0,0.0,-0.0
1777733678729032039,0.4,0.0,0.0,0.0,0.0,-0.0
1777733678779228925,0.4,0.0,0.0,0.0,0.0,-0.0
1777733678829497098,0.4,0.0,0.0,0.0,0.0,-0.0
1777733678879535913,0.4,0.0,0.0,0.0,0.0,-0.0
1777733678929708003,0.4,0.0,0.0,0.0,0.0,-0.0
1777733678979811906,0.4,0.0,0.0,0.0,0.0,-0.0
1777733679030055046,0.4,0.0,0.0,0.0,0.0,-0.0
1777733679080163002,0.4,0.0,0.0,0.0,0.0,-0.0
1777733679130440950,0.4,0.0,0.0,0.0,0.0,-0.0
1777733679180654048,0.4,0.0,0.0,0.0,0.0,-0.0
1777733679230535030,0.4,0.0,0.0,0.0,0.0,-0.0
1777733679281132936,0.4,0.0,0.0,0.0,0.0,-0.0
1777733679331196069,0.4,0.0,0.0,0.0,0.0,-0.0
1777733679381356954,0.4,0.0,0.0,0.0,0.0,-0.0
1777733679431612968,0.4,0.0,0.0,0.0,0.0,-0.0
1777733679483668088,0.4,0.0,0.0,0.0,0.0,-0.0
1777733679531430959,0.4,0.0,0.0,0.0,0.0,-0.0
1777733679581924915,0.4,0.0,0.0,0.0,0.0,-0.0
1777733679631863117,0.4,0.0,0.0,0.0,0.0,-0.0
1777733679682074069,0.4,0.0,0.0,0.0,0.0,-0.0
1777733679732023000,0.4,0.0,0.0,0.0,0.0,-0.0
1777733679782238006,0.4,0.0,0.0,0.0,0.0,-0.0
1777733679832516908,0.4,0.0,0.0,0.0,0.0,-0.0
1777733679882520914,0.4,0.0,0.0,0.0,0.0,-0.0
1777733679932548999,0.4,0.0,0.0,0.0,0.0,-0.0
1777733679982716083,0.4,0.0,0.0,0.0,0.0,-0.0
1777733680033025026,0.4,0.0,0.0,0.0,0.0,-0.0
1777733680082772970,0.4,0.0,0.0,0.0,0.0,-0.0
1777733680133302927,0.4,0.0,0.0,0.0,0.0,-0.0
1777733680182976961,0.4,0.0,0.0,0.0,0.0,-0.0
1777733680233093976,0.4,0.0,0.0,0.0,0.0,-0.0
1777733680283169984,0.4,0.0,0.0,0.0,0.0,-0.0
1777733680333089113,0.4,0.0,0.0,0.0,0.0,-0.0
1777733680382982969,0.4,0.0,0.0,0.0,0.0,-0.0
1777733680433497905,0.4,0.0,0.0,0.0,0.0,-0.0
1777733680483129024,0.4,0.0,0.0,0.0,0.0,-0.0
1777733680533368110,0.4,0.0,0.0,0.0,0.0,-0.0
1777733680583429098,0.4,0.0,0.0,0.0,0.0,-0.0
1777733680633654117,0.4,0.0,0.0,0.0,0.0,-0.0
1777733680683661937,0.4,0.0,0.0,0.0,0.0,-0.0
1777733680733936071,0.4,0.0,0.0,0.0,0.0,-0.0
1777733680783889055,0.4,0.0,0.0,0.0,0.0,-0.0
1777733680834229946,0.4,0.0,0.0,0.0,0.0,-0.0
1777733680884315013,0.4,0.0,0.0,0.0,0.0,-0.0
1777733680934360027,0.4,0.0,0.0,0.0,0.0,-0.0
1777733680984363079,0.4,0.0,0.0,0.0,0.0,-0.0
1777733681034821987,0.4,0.0,0.0,0.0,0.0,-0.0
1777733681084651947,0.4,0.0,0.0,0.0,0.0,-0.0
1777733681134852886,0.4,0.0,0.0,0.0,0.0,-0.0
1777733681184849023,0.4,0.0,0.0,0.0,0.0,-0.0
1777733681235121011,0.4,0.0,0.0,0.0,0.0,-0.0
1777733681285104036,0.4,0.0,0.0,0.0,0.0,-0.0
1777733681335448026,0.4,0.0,0.0,0.0,0.0,-0.0
1777733681384998083,0.4,0.0,0.0,0.0,0.0,-0.0
1777733681435342073,0.4,0.0,0.0,0.0,0.0,-0.0
1777733681485333919,0.4,0.0,0.0,0.0,0.0,-0.0
1777733681535752058,0.4,0.0,0.0,0.0,0.0,-0.0
1777733681585366010,0.4,0.0,0.0,0.0,0.0,-0.0
1777733681635590076,0.4,0.0,0.0,0.0,0.0,-0.0
1777733681685532093,0.4,0.0,0.0,0.0,0.0,-0.0
1777733681735769987,0.4,0.0,0.0,0.0,0.0,-0.0
1777733681750561952,0.4,0.0,0.0,0.0,0.0,-0.0
1777733681766258955,0.4,0.0,0.0,0.0,0.0,-0.0
1777733681778227090,0.4,0.0,0.0,0.0,0.0,-0.0
1777733681794174909,0.4,0.0,0.0,0.0,0.0,-0.0
1777733681826440095,0.4,0.0,0.0,0.0,0.0,-0.0
1777733681850455999,0.4,0.0,0.0,0.0,0.0,-0.0
1777733681858082056,0.4,0.0,0.0,0.0,0.0,0.00438177976757
1777733681861866950,0.4,0.0,0.0,0.0,0.0,0.0166773481295
1777733681865654945,0.4,0.0,0.0,0.0,0.0,0.0412684861571
1777733681878035068,0.4,0.0,0.0,0.0,0.0,0.0781551912427
1777733681906517982,0.4,0.0,0.0,0.0,0.0,0.115041893721
1777733681914227008,0.4,0.0,0.0,0.0,0.0,0.311770987511
1777733681922482013,0.4,0.0,0.0,0.0,0.0,0.348657700419
1777733681926151037,0.4,0.0,0.0,0.0,0.0,0.410182994604
1777733681929999113,0.4,0.0,0.0,0.0,0.0,0.434774136543
1777733681934025049,0.387711215019,0.0,0.0,0.0,0.0,0.471660870314
1777733681937596082,0.387711215019,0.0,0.0,0.0,0.0,0.49625197053
1777733681945677042,0.380685162544,0.0,0.0,0.0,0.0,0.5331387043
1777733681950300931,0.377172160149,0.0,0.0,0.0,0.0,0.570025396347
1777733681953948974,0.370146107674,0.0,0.0,0.0,0.0,0.594616538286
1777733681961718082,0.370146107674,0.0,0.0,0.0,0.0,0.631503230333
1777733681965627908,0.366633105278,0.0,0.0,0.0,0.0,0.668389964104
1777733681969671010,0.363120079041,0.0,0.0,0.0,0.0,0.69298106432
1777733681978003978,0.356094026566,0.0,0.0,0.0,0.0,0.729867756367
1777733681986092090,0.35258102417,0.0,0.0,0.0,0.0,0.742163348198
1777733682006139993,0.345554971695,0.0,0.0,0.0,0.0,0.779050040245
1777733682010149955,0.335015916824,0.0,0.0,0.0,0.0,0.865119016171
1777733682014178037,0.331502890587,0.0,0.0,0.0,0.0,0.877414608002
1777733682022190093,0.324476861954,0.0,0.0,0.0,0.0,0.902053189278
1777733682025929927,0.324476861954,0.0,0.0,0.0,0.0,0.92664437294
1777733682029887914,0.320963835716,0.0,0.0,0.0,0.0,0.92664437294
1777733682033730030,0.313937807083,0.0,0.0,0.0,0.0,0.938939881325
1777733682037656068,0.310424780846,0.0,0.0,0.0,0.0,0.938939881325
1777733682041989088,0.310424780846,0.0,0.0,0.0,0.0,0.963531064987
1777733682050323009,0.310424780846,0.0,0.0,0.0,0.0,0.975826656818
1777733682058212995,0.303398752213,0.0,0.0,0.0,0.0,0.975826656818
1777733682066284894,0.299885725975,0.0,0.0,0.0,0.0,0.975826656818
1777733682070013046,0.299885725975,0.0,0.0,0.0,0.0,1.00041775703
1777733682089976072,0.292859697342,0.0,0.0,0.0,0.0,1.0250089407
1777733682106266975,0.289346671104,0.0,0.0,0.0,0.0,1.0250089407
1777733682110059976,0.289346671104,0.0,0.0,0.0,0.0,1.03730444908
1777733682130045890,0.285833644867,0.0,0.0,0.0,0.0,1.06189563274
1777733682146276950,0.285833644867,0.0,0.0,0.0,0.0,1.07419114113
1777733682196494102,0.285833644867,0.0,0.0,0.0,0.0,1.07419114113
1777733682246521949,0.285833644867,0.0,0.0,0.0,0.0,1.07419114113
1777733682296564102,0.285833644867,0.0,0.0,0.0,0.0,1.07419114113
1777733682346481084,0.285833644867,0.0,0.0,0.0,0.0,1.07419114113
1777733682396640062,0.285833644867,0.0,0.0,0.0,0.0,1.07419114113
1777733682446774005,0.285833644867,0.0,0.0,0.0,0.0,1.07419114113
1777733682496989965,0.285833644867,0.0,0.0,0.0,0.0,1.07419114113
1777733682546941041,0.285833644867,0.0,0.0,0.0,0.0,1.07419114113
1777733682597131967,0.285833644867,0.0,0.0,0.0,0.0,1.07419114113
1777733682647011995,0.285833644867,0.0,0.0,0.0,0.0,1.07419114113
1777733682697478055,0.285833644867,0.0,0.0,0.0,0.0,1.07419114113
1777733682747292041,0.285833644867,0.0,0.0,0.0,0.0,1.07419114113
1777733682797411918,0.285833644867,0.0,0.0,0.0,0.0,1.07419114113
1777733682847672939,0.285833644867,0.0,0.0,0.0,0.0,1.07419114113
1777733682897824048,0.285833644867,0.0,0.0,0.0,0.0,1.07419114113
1777733682947592020,0.285833644867,0.0,0.0,0.0,0.0,1.07419114113
1777733682998012065,0.285833644867,0.0,0.0,0.0,0.0,1.07419114113
1777733683048104047,0.285833644867,0.0,0.0,0.0,0.0,1.07419114113
1777733683098170042,0.285833644867,0.0,0.0,0.0,0.0,1.07419114113
1777733683122306108,0.299885725975,0.0,0.0,0.0,0.0,1.07419114113
1777733683138062000,0.303398752213,0.0,0.0,0.0,0.0,1.0250089407
1777733683141868114,0.310424780846,0.0,0.0,0.0,0.0,1.0250089407
1777733683145659923,0.313937807083,0.0,0.0,0.0,0.0,1.00041775703
1777733683149683952,0.313937807083,0.0,0.0,0.0,0.0,0.975826656818
1777733683153680086,0.324476861954,0.0,0.0,0.0,0.0,0.938939881325
1777733683157707929,0.331502890587,0.0,0.0,0.0,0.0,0.92664437294
1777733683161765098,0.342041969299,0.0,0.0,0.0,0.0,0.902053189278
1777733683165879011,0.342041969299,0.0,0.0,0.0,0.0,0.865119016171
1777733683169790029,0.345554971695,0.0,0.0,0.0,0.0,0.840527915955
1777733683173763036,0.35258102417,0.0,0.0,0.0,0.0,0.828232324123
1777733683177777051,0.35258102417,0.0,0.0,0.0,0.0,0.803641223907
1777733683181792020,0.356094026566,0.0,0.0,0.0,0.0,0.779050040245
1777733683185731887,0.363120079041,0.0,0.0,0.0,0.0,0.742163348198
1777733683189923048,0.366633105278,0.0,0.0,0.0,0.0,0.742163348198
1777733683197987079,0.366633105278,0.0,0.0,0.0,0.0,0.705276656151
1777733683206176042,0.370146107674,0.0,0.0,0.0,0.0,0.69298106432
1777733683210362911,0.370146107674,0.0,0.0,0.0,0.0,0.643798822165
1777733683238142967,0.377172160149,0.0,0.0,0.0,0.0,0.594616538286
1777733683246265888,0.377172160149,0.0,0.0,0.0,0.0,0.570025396347
1777733683258369922,0.377172160149,0.0,0.0,0.0,0.0,0.545434254408
1777733683266530990,0.380685162544,0.0,0.0,0.0,0.0,0.545434254408
1777733683270152091,0.380685162544,0.0,0.0,0.0,0.0,0.5331387043
1777733683282109022,0.387711215019,0.0,0.0,0.0,0.0,0.508547562361
1777733683286024093,0.387711215019,0.0,0.0,0.0,0.0,0.49625197053
1777733683289819002,0.387711215019,0.0,0.0,0.0,0.0,0.471660870314
1777733683293679952,0.387711215019,0.0,0.0,0.0,0.0,0.434774136543
1777733683297703981,0.391224241257,0.0,0.0,0.0,0.0,0.410182994604
1777733683301949024,0.391224241257,0.0,0.0,0.0,0.0,0.397887444496
1777733683305917978,0.39825026989,0.0,0.0,0.0,0.0,0.373296302557
1777733683309948921,0.39825026989,0.0,0.0,0.0,0.0,0.348657700419
1777733683313914060,0.39825026989,0.0,0.0,0.0,0.0,0.33636212945
1777733683317950010,0.4,0.0,0.0,0.0,0.0,0.311770987511
1777733683321857929,0.4,0.0,0.0,0.0,0.0,0.299475416541
1777733683325809001,0.4,0.0,0.0,0.0,0.0,0.250293153524
1777733683329951047,0.4,0.0,0.0,0.0,0.0,0.237997582555
1777733683334033966,0.4,0.0,0.0,0.0,0.0,0.201110869646
1777733683337820053,0.4,0.0,0.0,0.0,0.0,0.176519727707
1777733683341809988,0.4,0.0,0.0,0.0,0.0,0.13963303566
1777733683345865011,0.4,0.0,0.0,0.0,0.0,0.115041893721
1777733683349848031,0.4,0.0,0.0,0.0,0.0,0.102746322751
1777733683353883981,0.4,0.0,0.0,0.0,0.0,0.0781551912427
1777733683358042001,0.4,0.0,0.0,0.0,0.0,0.0412684861571
1777733683361876010,0.4,0.0,0.0,0.0,0.0,0.0166773481295
1777733683366065979,0.4,0.0,0.0,0.0,0.0,0.00438177976757
1777733683370043992,0.4,0.0,0.0,0.0,0.0,-0.0
1777733683378432989,0.4,0.0,0.0,0.0,0.0,-0.0
1777733683386151075,0.4,0.0,0.0,0.0,0.0,-0.0
1777733683389864921,0.4,0.0,0.0,0.0,0.0,-0.0
1777733683393661975,0.4,0.0,0.0,0.0,0.0,-0.0
1777733683397751092,0.4,0.0,0.0,0.0,0.0,-0.0
1777733683401938915,0.4,0.0,0.0,0.0,0.0,-0.0
1777733683405700922,0.4,0.0,0.0,0.0,0.0,-0.0
1777733683456355094,0.4,0.0,0.0,0.0,0.0,-0.0
1777733683506470918,0.4,0.0,0.0,0.0,0.0,-0.0
1777733683556627988,0.4,0.0,0.0,0.0,0.0,-0.0
1777733683606689929,0.4,0.0,0.0,0.0,0.0,-0.0
1777733683656784057,0.4,0.0,0.0,0.0,0.0,-0.0
1777733683706729888,0.4,0.0,0.0,0.0,0.0,-0.0
1777733683757054090,0.4,0.0,0.0,0.0,0.0,-0.0
1777733683807239055,0.4,0.0,0.0,0.0,0.0,-0.0
1777733683857558012,0.4,0.0,0.0,0.0,0.0,-0.0
1777733683907593011,0.4,0.0,0.0,0.0,0.0,-0.0
1777733683957284927,0.4,0.0,0.0,0.0,0.0,-0.0
1777733684007653951,0.4,0.0,0.0,0.0,0.0,-0.0
1777733684057290077,0.4,0.0,0.0,0.0,0.0,-0.0
1777733684078277111,0.4,0.0,0.0,0.0,0.0,-0.0
1777733684094161033,0.4,0.0,0.0,0.0,0.0,-0.0
1777733684114134073,0.4,0.0,0.0,0.0,0.0,-0.0
1777733684130073070,0.4,0.0,0.0,0.0,0.0,-0.0
1777733684158334970,0.4,0.0,0.0,0.0,0.0,-0.0
1777733684189954996,0.4,0.0,0.0,0.0,0.0,-0.0
1777733684198105096,0.4,0.0,0.0,0.0,0.0,0.00438177976757
1777733684210257053,0.4,0.0,0.0,0.0,0.0,0.0166773481295
1777733684222362041,0.4,0.0,0.0,0.0,0.0,0.0412684861571
1777733684246474027,0.4,0.0,0.0,0.0,0.0,0.0658596202731
1777733684258435010,0.4,0.0,0.0,0.0,0.0,0.0781551912427
1777733684270248889,0.4,0.0,0.0,0.0,0.0,0.102746322751
1777733684282196998,0.4,0.0,0.0,0.0,0.0,0.115041893721
1777733684289985895,0.4,0.0,0.0,0.0,0.0,0.13963303566
1777733684302335023,0.4,0.0,0.0,0.0,0.0,0.151928596199
1777733684310041904,0.4,0.0,0.0,0.0,0.0,0.176519727707
1777733684317919969,0.4,0.0,0.0,0.0,0.0,0.201110869646
1777733684330121994,0.4,0.0,0.0,0.0,0.0,0.213406440616
1777733684346380949,0.4,0.0,0.0,0.0,0.0,0.237997582555
1777733684358284950,0.4,0.0,0.0,0.0,0.0,0.250293153524
1777733684366250038,0.4,0.0,0.0,0.0,0.0,0.274884274602
1777733684402275085,0.4,0.0,0.0,0.0,0.0,0.299475416541
1777733684418323993,0.4,0.0,0.0,0.0,0.0,0.311770987511
1777733684434153079,0.4,0.0,0.0,0.0,0.0,0.33636212945
1777733684442043066,0.4,0.0,0.0,0.0,0.0,0.348657700419
1777733684454349040,0.4,0.0,0.0,0.0,0.0,0.373296302557
1777733684504479885,0.4,0.0,0.0,0.0,0.0,0.373296302557
1777733684522306919,0.4,0.0,0.0,0.0,0.0,0.397887444496
1777733684534216880,0.4,0.0,0.0,0.0,0.0,0.410182994604
1777733684546374082,0.4,0.0,0.0,0.0,0.0,0.434774136543
1777733684554425001,0.387711215019,0.0,0.0,0.0,0.0,0.447069728374
1777733684570362091,0.387711215019,0.0,0.0,0.0,0.0,0.471660870314
1777733684620398998,0.387711215019,0.0,0.0,0.0,0.0,0.471660870314
1777733684670371055,0.387711215019,0.0,0.0,0.0,0.0,0.471660870314
1777733684720698118,0.387711215019,0.0,0.0,0.0,0.0,0.471660870314
1777733684758435964,0.387711215019,0.0,0.0,0.0,0.0,0.410182994604
1777733684762135982,0.387711215019,0.0,0.0,0.0,0.0,0.397887444496
1777733684765996932,0.387711215019,0.0,0.0,0.0,0.0,0.373296302557
1777733684769720077,0.4,0.0,0.0,0.0,0.0,0.348657700419
1777733684778223037,0.4,0.0,0.0,0.0,0.0,0.33636212945
1777733684782068014,0.4,0.0,0.0,0.0,0.0,0.311770987511
1777733684785725116,0.4,0.0,0.0,0.0,0.0,0.299475416541
1777733684793787002,0.4,0.0,0.0,0.0,0.0,0.250293153524
1777733684797875881,0.4,0.0,0.0,0.0,0.0,0.237997582555
1777733684802014112,0.4,0.0,0.0,0.0,0.0,0.213406440616
1777733684805939912,0.4,0.0,0.0,0.0,0.0,0.201110869646
1777733684814292907,0.4,0.0,0.0,0.0,0.0,0.176519727707
1777733684818178892,0.4,0.0,0.0,0.0,0.0,0.151928596199
1777733684830148935,0.4,0.0,0.0,0.0,0.0,0.13963303566
1777733684834116935,0.4,0.0,0.0,0.0,0.0,0.115041893721
1777733684846636056,0.4,0.0,0.0,0.0,0.0,0.102746322751
1777733684849981069,0.4,0.0,0.0,0.0,0.0,0.0781551912427
1777733684853713989,0.4,0.0,0.0,0.0,0.0,0.0658596202731
1777733684857979059,0.4,0.0,0.0,0.0,0.0,0.0412684861571
1777733684861962080,0.4,0.0,0.0,0.0,0.0,0.0166773481295
1777733684870374917,0.4,0.0,0.0,0.0,0.0,0.00438177976757
1777733684874207973,0.4,0.0,0.0,0.0,0.0,-0.0
1777733684885799884,0.4,0.0,0.0,0.0,0.0,-0.0
1777733684898346900,0.4,0.0,0.0,0.0,0.0,-0.0
1777733684922311067,0.4,0.0,0.0,0.0,0.0,-0.0
1777733684972249031,0.4,0.0,0.0,0.0,0.0,-0.0
1777733685022866010,0.4,0.0,0.0,0.0,0.0,-0.0
1777733685072735071,0.4,0.0,0.0,0.0,0.0,-0.0
1777733685122934103,0.4,0.0,0.0,0.0,0.0,-0.0
1777733685172699928,0.4,0.0,0.0,0.0,0.0,-0.0
1777733685222819089,0.4,0.0,0.0,0.0,0.0,-0.0
1777733685273006916,0.4,0.0,0.0,0.0,0.0,-0.0
1777733685323193073,0.4,0.0,0.0,0.0,0.0,-0.0
1777733685373055934,0.4,0.0,0.0,0.0,0.0,-0.0
1777733685423270940,0.4,0.0,0.0,0.0,0.0,-0.0
1777733685473431110,0.4,0.0,0.0,0.0,0.0,-0.0
1777733685523644924,0.4,0.0,0.0,0.0,0.0,-0.0
1777733685573587894,0.4,0.0,0.0,0.0,0.0,-0.0
1777733685623621940,0.4,0.0,0.0,0.0,0.0,-0.0
1777733685673687934,0.4,0.0,0.0,0.0,0.0,-0.0
1777733685724133014,0.4,0.0,0.0,0.0,0.0,-0.0
1777733685774216890,0.4,0.0,0.0,0.0,0.0,-0.0
1777733685824604034,0.4,0.0,0.0,0.0,0.0,-0.0
1777733685874427080,0.4,0.0,0.0,0.0,0.0,-0.0
1777733685924628019,0.4,0.0,0.0,0.0,0.0,-0.0
1777733685974692106,0.4,0.0,0.0,0.0,0.0,-0.0
1777733686024765014,0.4,0.0,0.0,0.0,0.0,-0.0
1777733686074606895,0.4,0.0,0.0,0.0,0.0,-0.0
1777733686124972105,0.4,0.0,0.0,0.0,0.0,-0.0
1777733686175040006,0.4,0.0,0.0,0.0,0.0,-0.0
1777733686225056886,0.4,0.0,0.0,0.0,0.0,-0.0
1777733686275222063,0.4,0.0,0.0,0.0,0.0,-0.0
1777733686325433969,0.4,0.0,0.0,0.0,0.0,-0.0
1777733686375349998,0.4,0.0,0.0,0.0,0.0,-0.0
1777733686425651073,0.4,0.0,0.0,0.0,0.0,-0.0
1777733686475795030,0.4,0.0,0.0,0.0,0.0,-0.0
1777733686525660037,0.4,0.0,0.0,0.0,0.0,-0.0
1777733686575764894,0.4,0.0,0.0,0.0,0.0,-0.0
1777733686625960111,0.4,0.0,0.0,0.0,0.0,-0.0
1777733686675740003,0.4,0.0,0.0,0.0,0.0,-0.0
1777733686726269960,0.4,0.0,0.0,0.0,0.0,-0.0
1777733686776288986,0.4,0.0,0.0,0.0,0.0,-0.0
1777733686826492071,0.4,0.0,0.0,0.0,0.0,-0.0
1777733686876538038,0.4,0.0,0.0,0.0,0.0,-0.0
1777733686926661968,0.4,0.0,0.0,0.0,0.0,-0.0
1777733686976711988,0.4,0.0,0.0,0.0,0.0,-0.0
1777733687026843070,0.4,0.0,0.0,0.0,0.0,-0.0
1777733687076832056,0.4,0.0,0.0,0.0,0.0,-0.0
1777733687127018928,0.4,0.0,0.0,0.0,0.0,-0.0
1777733687177061080,0.4,0.0,0.0,0.0,0.0,-0.0
1777733687226999998,0.4,0.0,0.0,0.0,0.0,-0.0
1777733687277085065,0.4,0.0,0.0,0.0,0.0,-0.0
1777733687327575922,0.4,0.0,0.0,0.0,0.0,-0.0
1777733687374592065,0.4,0.0,0.0,0.0,0.0,-0.0
1777733687424472093,0.4,0.0,0.0,0.0,0.0,-0.0
1777733687474613904,0.4,0.0,0.0,0.0,0.0,-0.0
1777733687524842023,0.4,0.0,0.0,0.0,0.0,-0.0
1777733687574897050,0.4,0.0,0.0,0.0,0.0,-0.0
1777733687624934911,0.4,0.0,0.0,0.0,0.0,-0.0
1777733687674539089,0.4,0.0,0.0,0.0,0.0,-0.0
1777733687725053071,0.4,0.0,0.0,0.0,0.0,-0.0
1777733687774970054,0.4,0.0,0.0,0.0,0.0,-0.0
1777733687825220108,0.4,0.0,0.0,0.0,0.0,-0.0
1777733687875233888,0.4,0.0,0.0,0.0,0.0,-0.0
1777733687925858974,0.4,0.0,0.0,0.0,0.0,-0.0
1777733687975595951,0.4,0.0,0.0,0.0,0.0,-0.0
1777733688026005029,0.4,0.0,0.0,0.0,0.0,-0.0
1777733688075725078,0.4,0.0,0.0,0.0,0.0,-0.0
1777733688125756978,0.4,0.0,0.0,0.0,0.0,-0.0
1777733688176001071,0.4,0.0,0.0,0.0,0.0,-0.0
1777733688226051092,0.4,0.0,0.0,0.0,0.0,-0.0
1777733688276159048,0.4,0.0,0.0,0.0,0.0,-0.0
1777733688326117038,0.4,0.0,0.0,0.0,0.0,-0.0
1777733688376575946,0.4,0.0,0.0,0.0,0.0,-0.0
1777733688426798105,0.4,0.0,0.0,0.0,0.0,-0.0
1777733688476679086,0.4,0.0,0.0,0.0,0.0,-0.0
1777733688527028083,0.4,0.0,0.0,0.0,0.0,-0.0
1777733688576945066,0.4,0.0,0.0,0.0,0.0,-0.0
1777733688627161026,0.4,0.0,0.0,0.0,0.0,-0.0
1777733688676940917,0.4,0.0,0.0,0.0,0.0,-0.0
1777733688727236986,0.4,0.0,0.0,0.0,0.0,-0.0
1777733688777328014,0.4,0.0,0.0,0.0,0.0,-0.0
1777733688827478885,0.4,0.0,0.0,0.0,0.0,-0.0
1777733688877973079,0.4,0.0,0.0,0.0,0.0,-0.0
1777733688928205013,0.4,0.0,0.0,0.0,0.0,-0.0
1777733688978002071,0.4,0.0,0.0,0.0,0.0,-0.0
1777733689028420925,0.4,0.0,0.0,0.0,0.0,-0.0
1777733689078346014,0.4,0.0,0.0,0.0,0.0,-0.0
1777733689128638982,0.4,0.0,0.0,0.0,0.0,-0.0
1777733689178649902,0.4,0.0,0.0,0.0,0.0,-0.0
1777733689228754997,0.4,0.0,0.0,0.0,0.0,-0.0
1777733689278881072,0.4,0.0,0.0,0.0,0.0,-0.0
1777733689328866958,0.4,0.0,0.0,0.0,0.0,-0.0
1777733689378994941,0.4,0.0,0.0,0.0,0.0,-0.0
1777733689429092884,0.4,0.0,0.0,0.0,0.0,-0.0
1777733689479437112,0.4,0.0,0.0,0.0,0.0,-0.0
1777733689529478073,0.4,0.0,0.0,0.0,0.0,-0.0
1777733689579315900,0.4,0.0,0.0,0.0,0.0,-0.0
1777733689629213094,0.4,0.0,0.0,0.0,0.0,-0.0
1777733689666455984,0.4,0.0,0.0,0.0,0.0,-0.0
1777733689716154098,0.4,0.0,0.0,0.0,0.0,-0.0
1777733689725719928,0.4,0.0,0.0,0.0,0.0,-0.0
1777733689776278018,0.4,0.0,0.0,0.0,0.0,-0.0
1777733689826333045,0.4,0.0,0.0,0.0,0.0,-0.0
1777733689876540899,0.4,0.0,0.0,0.0,0.0,-0.0
1777733689926770925,0.4,0.0,0.0,0.0,0.0,-0.0
1777733689976810932,0.4,0.0,0.0,0.0,0.0,-0.0
1777733690027105093,0.4,0.0,0.0,0.0,0.0,-0.0
1777733690077040910,0.4,0.0,0.0,0.0,0.0,-0.0
1777733690126903057,0.4,0.0,0.0,0.0,0.0,-0.0
1777733690177375078,0.4,0.0,0.0,0.0,0.0,-0.0
1777733690227615118,0.4,0.0,0.0,0.0,0.0,-0.0
1777733690277757883,0.4,0.0,0.0,0.0,0.0,-0.0
1777733690327831983,0.4,0.0,0.0,0.0,0.0,-0.0
1777733690377998113,0.4,0.0,0.0,0.0,0.0,-0.0
1777733690428078889,0.4,0.0,0.0,0.0,0.0,-0.0
1777733690478267908,0.4,0.0,0.0,0.0,0.0,-0.0
1777733690528260946,0.4,0.0,0.0,0.0,0.0,-0.0
1777733690578506946,0.4,0.0,0.0,0.0,0.0,-0.0
1777733690628665924,0.4,0.0,0.0,0.0,0.0,-0.0
1777733690678745985,0.4,0.0,0.0,0.0,0.0,-0.0
1777733690728735923,0.4,0.0,0.0,0.0,0.0,-0.0
1777733690779023885,0.4,0.0,0.0,0.0,0.0,-0.0
1777733690829349040,0.4,0.0,0.0,0.0,0.0,-0.0
1777733690879116058,0.4,0.0,0.0,0.0,0.0,-0.0
1777733690929328918,0.4,0.0,0.0,0.0,0.0,-0.0
1777733690979530096,0.4,0.0,0.0,0.0,0.0,-0.0
1777733691029613971,0.4,0.0,0.0,0.0,0.0,-0.0
1777733691079736948,0.4,0.0,0.0,0.0,0.0,-0.0
1777733691129898071,0.4,0.0,0.0,0.0,0.0,-0.0
1777733691179867982,0.4,0.0,0.0,0.0,0.0,-0.0
1777733691229940891,0.4,0.0,0.0,0.0,0.0,-0.0
1777733691280128002,0.4,0.0,0.0,0.0,0.0,-0.0
1777733691330235958,0.4,0.0,0.0,0.0,0.0,-0.0
1777733691380511045,0.4,0.0,0.0,0.0,0.0,-0.0
1777733691430896043,0.4,0.0,0.0,0.0,0.0,-0.0
1777733691480957031,0.4,0.0,0.0,0.0,0.0,-0.0
1777733691531126022,0.4,0.0,0.0,0.0,0.0,-0.0
1777733691581289052,0.4,0.0,0.0,0.0,0.0,-0.0
1777733691631336927,0.4,0.0,0.0,0.0,0.0,-0.0
1777733691681535005,0.4,0.0,0.0,0.0,0.0,-0.0
1777733691731611967,0.4,0.0,0.0,0.0,0.0,-0.0
1777733691781694889,0.4,0.0,0.0,0.0,0.0,-0.0
1777733691831939935,0.4,0.0,0.0,0.0,0.0,-0.0
1777733691882025957,0.4,0.0,0.0,0.0,0.0,-0.0
1777733691932070016,0.4,0.0,0.0,0.0,0.0,-0.0
1777733691982377052,0.4,0.0,0.0,0.0,0.0,-0.0
1777733692032614946,0.4,0.0,0.0,0.0,0.0,-0.0
1777733692082782983,0.4,0.0,0.0,0.0,0.0,-0.0
1777733692132751941,0.4,0.0,0.0,0.0,0.0,-0.0
1777733692182924985,0.4,0.0,0.0,0.0,0.0,-0.0
1777733692232826948,0.4,0.0,0.0,0.0,0.0,-0.0
1777733692283235073,0.4,0.0,0.0,0.0,0.0,-0.0
1777733692333276033,0.4,0.0,0.0,0.0,0.0,-0.0
1777733692383430004,0.4,0.0,0.0,0.0,0.0,-0.0
1777733692433480024,0.4,0.0,0.0,0.0,0.0,-0.0
1777733692483107089,0.4,0.0,0.0,0.0,0.0,-0.0
1777733692533577919,0.4,0.0,0.0,0.0,0.0,-0.0
1777733692583574056,0.4,0.0,0.0,0.0,0.0,-0.0
1777733692633945941,0.4,0.0,0.0,0.0,0.0,-0.0
1777733692684037923,0.4,0.0,0.0,0.0,0.0,-0.0
1777733692734093904,0.4,0.0,0.0,0.0,0.0,-0.0
1777733692784343957,0.4,0.0,0.0,0.0,0.0,-0.0
1777733692834364891,0.4,0.0,0.0,0.0,0.0,-0.0
1777733692884504079,0.4,0.0,0.0,0.0,0.0,-0.0
1777733692934588909,0.4,0.0,0.0,0.0,0.0,-0.0
1777733692984668016,0.4,0.0,0.0,0.0,0.0,-0.0
1777733693035017013,0.4,0.0,0.0,0.0,0.0,-0.0
1777733693084815979,0.4,0.0,0.0,0.0,0.0,-0.0
1777733693134999990,0.4,0.0,0.0,0.0,0.0,-0.0
1777733693185034036,0.4,0.0,0.0,0.0,0.0,-0.0
1777733693235163927,0.4,0.0,0.0,0.0,0.0,-0.0
1777733693285069942,0.4,0.0,0.0,0.0,0.0,-0.0
1777733693335345029,0.4,0.0,0.0,0.0,0.0,-0.0
1777733693385164976,0.4,0.0,0.0,0.0,0.0,-0.0
1777733693435702085,0.4,0.0,0.0,0.0,0.0,-0.0
1777733693485572099,0.4,0.0,0.0,0.0,0.0,-0.0
1777733693536005973,0.4,0.0,0.0,0.0,0.0,-0.0
1777733693585829019,0.4,0.0,0.0,0.0,0.0,-0.0
1777733693635993003,0.4,0.0,0.0,0.0,0.0,-0.0
1777733693685837984,0.4,0.0,0.0,0.0,0.0,-0.0
1777733693736150979,0.4,0.0,0.0,0.0,0.0,-0.0
1777733693786592006,0.4,0.0,0.0,0.0,0.0,-0.0
1777733693836431026,0.4,0.0,0.0,0.0,0.0,-0.0
1777733693886445045,0.4,0.0,0.0,0.0,0.0,-0.0
1777733693936758995,0.4,0.0,0.0,0.0,0.0,-0.0
1777733693986913919,0.4,0.0,0.0,0.0,0.0,-0.0
1777733694006249904,0.4,0.0,0.0,0.0,0.0,0.0166773481295
1777733694030313014,0.4,0.0,0.0,0.0,0.0,0.0412684861571
1777733694042512893,0.4,0.0,0.0,0.0,0.0,0.0658596202731
1777733694050489902,0.4,0.0,0.0,0.0,0.0,0.0781551912427
1777733694058202981,0.4,0.0,0.0,0.0,0.0,0.102746322751
1777733694070266008,0.4,0.0,0.0,0.0,0.0,0.115041893721
1777733694074280023,0.4,0.0,0.0,0.0,0.0,0.13963303566
1777733694078121900,0.4,0.0,0.0,0.0,0.0,0.151928596199
1777733694082031011,0.4,0.0,0.0,0.0,0.0,0.176519727707
1777733694089875936,0.4,0.0,0.0,0.0,0.0,0.213406440616
1777733694097913026,0.4,0.0,0.0,0.0,0.0,0.237997582555
1777733694101824998,0.4,0.0,0.0,0.0,0.0,0.250293153524
1777733694105884075,0.4,0.0,0.0,0.0,0.0,0.274884274602
1777733694109855890,0.4,0.0,0.0,0.0,0.0,0.299475416541
1777733694117923974,0.4,0.0,0.0,0.0,0.0,0.311770987511
1777733694121927022,0.4,0.0,0.0,0.0,0.0,0.33636212945
1777733694130127906,0.4,0.0,0.0,0.0,0.0,0.348657700419
1777733694138123035,0.4,0.0,0.0,0.0,0.0,0.373296302557
1777733694146224975,0.387711215019,0.0,0.0,0.0,0.0,0.397887444496
1777733694150206089,0.387711215019,0.0,0.0,0.0,0.0,0.410182994604
1777733694154011011,0.380685162544,0.0,0.0,0.0,0.0,0.434774136543
1777733694158020973,0.380685162544,0.0,0.0,0.0,0.0,0.447069728374
1777733694161995887,0.377172160149,0.0,0.0,0.0,0.0,0.471660870314
1777733694165844917,0.377172160149,0.0,0.0,0.0,0.0,0.49625197053
1777733694169924974,0.370146107674,0.0,0.0,0.0,0.0,0.508547562361
1777733694173724889,0.370146107674,0.0,0.0,0.0,0.0,0.5331387043
1777733694177609920,0.370146107674,0.0,0.0,0.0,0.0,0.545434254408
1777733694185677051,0.366633105278,0.0,0.0,0.0,0.0,0.570025396347
1777733694189605951,0.366633105278,0.0,0.0,0.0,0.0,0.594616538286
1777733694198318004,0.366633105278,0.0,0.0,0.0,0.0,0.606912088394
1777733694202168941,0.366633105278,0.0,0.0,0.0,0.0,0.631503230333
1777733694205859899,0.363120079041,0.0,0.0,0.0,0.0,0.643798822165
1777733694209796905,0.363120079041,0.0,0.0,0.0,0.0,0.668389964104
1777733694218252897,0.363120079041,0.0,0.0,0.0,0.0,0.69298106432
1777733694226368904,0.356094026566,0.0,0.0,0.0,0.0,0.705276656151
1777733694238171100,0.356094026566,0.0,0.0,0.0,0.0,0.729867756367
1777733694254183053,0.35258102417,0.0,0.0,0.0,0.0,0.729867756367
1777733694266277074,0.35258102417,0.0,0.0,0.0,0.0,0.742163348198
1777733694282290935,0.345554971695,0.0,0.0,0.0,0.0,0.76675453186
1777733694285912990,0.345554971695,0.0,0.0,0.0,0.0,0.779050040245
1777733694298151969,0.345554971695,0.0,0.0,0.0,0.0,0.803641223907
1777733694306135892,0.342041969299,0.0,0.0,0.0,0.0,0.828232324123
1777733694318164110,0.342041969299,0.0,0.0,0.0,0.0,0.840527915955
1777733694321897983,0.335015916824,0.0,0.0,0.0,0.0,0.840527915955
1777733694334402084,0.331502890587,0.0,0.0,0.0,0.0,0.865119016171
1777733694346422910,0.331502890587,0.0,0.0,0.0,0.0,0.877414608002
1777733694354341983,0.324476861954,0.0,0.0,0.0,0.0,0.877414608002
1777733694366523027,0.320963835716,0.0,0.0,0.0,0.0,0.902053189278
1777733694382610082,0.320963835716,0.0,0.0,0.0,0.0,0.92664437294
1777733694386008024,0.313937807083,0.0,0.0,0.0,0.0,0.92664437294
1777733694394114971,0.313937807083,0.0,0.0,0.0,0.0,0.938939881325
1777733694414369106,0.310424780846,0.0,0.0,0.0,0.0,0.938939881325
1777733694426383972,0.310424780846,0.0,0.0,0.0,0.0,0.963531064987
1777733694446261882,0.303398752213,0.0,0.0,0.0,0.0,0.975826656818
1777733694462546110,0.299885725975,0.0,0.0,0.0,0.0,1.00041775703
1777733694512609958,0.299885725975,0.0,0.0,0.0,0.0,1.00041775703
1777733694562875032,0.299885725975,0.0,0.0,0.0,0.0,1.00041775703
1777733694612829923,0.299885725975,0.0,0.0,0.0,0.0,1.00041775703
1777733694663216114,0.299885725975,0.0,0.0,0.0,0.0,1.00041775703
1777733694713356018,0.299885725975,0.0,0.0,0.0,0.0,1.00041775703
1777733694763561010,0.299885725975,0.0,0.0,0.0,0.0,1.00041775703
1777733694813425064,0.299885725975,0.0,0.0,0.0,0.0,1.00041775703
1777733694863827943,0.299885725975,0.0,0.0,0.0,0.0,1.00041775703
1777733694913686990,0.299885725975,0.0,0.0,0.0,0.0,1.00041775703
1777733694963984966,0.299885725975,0.0,0.0,0.0,0.0,1.00041775703
1777733695014184951,0.299885725975,0.0,0.0,0.0,0.0,1.00041775703
1777733695064233064,0.299885725975,0.0,0.0,0.0,0.0,1.00041775703
1777733695114253997,0.299885725975,0.0,0.0,0.0,0.0,1.00041775703
1777733695164623975,0.299885725975,0.0,0.0,0.0,0.0,1.00041775703
1777733695214632987,0.299885725975,0.0,0.0,0.0,0.0,1.00041775703
1777733695264853954,0.299885725975,0.0,0.0,0.0,0.0,1.00041775703
1777733695314785003,0.299885725975,0.0,0.0,0.0,0.0,1.00041775703
1777733695365056991,0.299885725975,0.0,0.0,0.0,0.0,1.00041775703
1777733695415005922,0.299885725975,0.0,0.0,0.0,0.0,1.00041775703
1777733695450855970,0.331502890587,0.0,0.0,0.0,0.0,0.840527915955
1777733695454200983,0.345554971695,0.0,0.0,0.0,0.0,0.779050040245
1777733695490422964,0.35258102417,0.0,0.0,0.0,0.0,0.76675453186
1777733695502273082,0.380685162544,0.0,0.0,0.0,0.0,0.471660870314
1777733695506670951,0.387711215019,0.0,0.0,0.0,0.0,0.434774136543
1777733695518285989,0.387711215019,0.0,0.0,0.0,0.0,0.410182994604
1777733695522867918,0.391224241257,0.0,0.0,0.0,0.0,0.410182994604
1777733695573184967,0.391224241257,0.0,0.0,0.0,0.0,0.410182994604
1777733695622433900,0.391224241257,0.0,0.0,0.0,0.0,0.397887444496
1777733695626322984,0.391224241257,0.0,0.0,0.0,0.0,0.373296302557
1777733695634296894,0.391224241257,0.0,0.0,0.0,0.0,0.348657700419
1777733695638091087,0.39825026989,0.0,0.0,0.0,0.0,0.348657700419
1777733695641905069,0.39825026989,0.0,0.0,0.0,0.0,0.33636212945
1777733695654490947,0.39825026989,0.0,0.0,0.0,0.0,0.311770987511
1777733695662525892,0.4,0.0,0.0,0.0,0.0,0.311770987511
1777733695712600946,0.4,0.0,0.0,0.0,0.0,0.311770987511
1777733695762707948,0.4,0.0,0.0,0.0,0.0,0.311770987511
1777733695812884092,0.4,0.0,0.0,0.0,0.0,0.311770987511
1777733695863251924,0.4,0.0,0.0,0.0,0.0,0.311770987511
1777733695913192987,0.4,0.0,0.0,0.0,0.0,0.311770987511
1777733695963212966,0.4,0.0,0.0,0.0,0.0,0.311770987511
1777733696013497114,0.4,0.0,0.0,0.0,0.0,0.311770987511
1777733696063545942,0.4,0.0,0.0,0.0,0.0,0.311770987511
1777733696113591909,0.4,0.0,0.0,0.0,0.0,0.311770987511
1777733696158955097,0.4,0.0,0.0,0.0,0.0,0.299475416541
1777733696166481971,0.4,0.0,0.0,0.0,0.0,0.250293153524
1777733696178283929,0.4,0.0,0.0,0.0,0.0,0.237997582555
1777733696186100959,0.4,0.0,0.0,0.0,0.0,0.213406440616
1777733696222192049,0.4,0.0,0.0,0.0,0.0,0.201110869646
1777733696226212024,0.4,0.0,0.0,0.0,0.0,0.176519727707
1777733696230149030,0.4,0.0,0.0,0.0,0.0,0.151928596199
1777733696234035968,0.4,0.0,0.0,0.0,0.0,0.13963303566
1777733696246469974,0.4,0.0,0.0,0.0,0.0,0.102746322751
1777733696250148057,0.4,0.0,0.0,0.0,0.0,0.0781551912427
1777733696253937005,0.4,0.0,0.0,0.0,0.0,0.0412684861571
1777733696257930994,0.4,0.0,0.0,0.0,0.0,0.0166773481295
1777733696262087106,0.4,0.0,0.0,0.0,0.0,-0.0
1777733696270355939,0.4,0.0,0.0,0.0,0.0,-0.0
1777733696274307966,0.4,0.0,0.0,0.0,0.0,-0.0
1777733696282449960,0.4,0.0,0.0,0.0,0.0,-0.0
1777733696306202888,0.4,0.0,0.0,0.0,0.0,-0.0
1777733696310023069,0.4,0.0,0.0,0.0,0.0,-0.0
1777733696346546888,0.4,0.0,0.0,0.0,0.0,-0.0
1777733696396323919,0.4,0.0,0.0,0.0,0.0,-0.0
1777733696446610927,0.4,0.0,0.0,0.0,0.0,-0.0
1777733696496862888,0.4,0.0,0.0,0.0,0.0,-0.0
1777733696546998023,0.4,0.0,0.0,0.0,0.0,-0.0
1777733696597145080,0.4,0.0,0.0,0.0,0.0,-0.0
1777733696646998882,0.4,0.0,0.0,0.0,0.0,-0.0
1777733696697243928,0.4,0.0,0.0,0.0,0.0,-0.0
1777733696747473955,0.4,0.0,0.0,0.0,0.0,-0.0
1777733696797631025,0.4,0.0,0.0,0.0,0.0,-0.0
1777733696847757101,0.4,0.0,0.0,0.0,0.0,-0.0
1777733696897850990,0.4,0.0,0.0,0.0,0.0,-0.0
1777733696948024988,0.4,0.0,0.0,0.0,0.0,-0.0
1777733696998140096,0.4,0.0,0.0,0.0,0.0,-0.0
1777733697048365116,0.4,0.0,0.0,0.0,0.0,-0.0
1777733697098653078,0.4,0.0,0.0,0.0,0.0,-0.0
1777733697148818969,0.4,0.0,0.0,0.0,0.0,-0.0
1777733697198844909,0.4,0.0,0.0,0.0,0.0,-0.0
1777733697249207973,0.4,0.0,0.0,0.0,0.0,-0.0
1777733697299360036,0.4,0.0,0.0,0.0,0.0,-0.0
1777733697349381923,0.4,0.0,0.0,0.0,0.0,-0.0
1777733697399614095,0.4,0.0,0.0,0.0,0.0,-0.0
1777733697449868917,0.4,0.0,0.0,0.0,0.0,-0.0
1777733697500060081,0.4,0.0,0.0,0.0,0.0,-0.0
1777733697550124883,0.4,0.0,0.0,0.0,0.0,-0.0
1777733697600343942,0.4,0.0,0.0,0.0,0.0,-0.0
1777733697650377988,0.4,0.0,0.0,0.0,0.0,-0.0
1777733697700375080,0.4,0.0,0.0,0.0,0.0,-0.0
1777733697750535011,0.4,0.0,0.0,0.0,0.0,-0.0
1777733697762584924,0.4,0.0,0.0,0.0,0.0,-0.0
1777733697812536001,0.4,0.0,0.0,0.0,0.0,-0.0
1777733697863128900,0.4,0.0,0.0,0.0,0.0,-0.0
1777733697913034915,0.4,0.0,0.0,0.0,0.0,-0.0
1777733697934319019,0.4,0.0,0.0,0.0,0.0,-0.0
1777733697984370946,0.4,0.0,0.0,0.0,0.0,-0.0
1777733698034809112,0.4,0.0,0.0,0.0,0.0,-0.0
1777733698084578037,0.4,0.0,0.0,0.0,0.0,-0.0
1777733698134991884,0.4,0.0,0.0,0.0,0.0,-0.0
1777733698184987068,0.4,0.0,0.0,0.0,0.0,-0.0
1777733698235016107,0.4,0.0,0.0,0.0,0.0,-0.0
1777733698285552978,0.4,0.0,0.0,0.0,0.0,-0.0
1777733698335580110,0.4,0.0,0.0,0.0,0.0,-0.0
1777733698385673046,0.4,0.0,0.0,0.0,0.0,-0.0
1777733698435733079,0.4,0.0,0.0,0.0,0.0,-0.0
1777733698485941886,0.4,0.0,0.0,0.0,0.0,-0.0
1777733698536082983,0.4,0.0,0.0,0.0,0.0,-0.0
1777733698566533088,0.4,0.0,0.0,0.0,0.0,-0.0
1777733698594403028,0.4,0.0,0.0,0.0,0.0,-0.0
1777733698644557952,0.4,0.0,0.0,0.0,0.0,-0.0
1777733698686512947,0.4,0.0,0.0,0.0,0.0,-0.0
1777733698706536054,0.4,0.0,0.0,0.0,0.0,-0.0
1777733698722315073,0.4,0.0,0.0,0.0,0.0,0.00438177976757
1777733698726147890,0.4,0.0,0.0,0.0,0.0,0.0166773481295
1777733698733957052,0.4,0.0,0.0,0.0,0.0,0.0412684861571
1777733698742116928,0.4,0.0,0.0,0.0,0.0,0.0658596202731
1777733698754453897,0.4,0.0,0.0,0.0,0.0,0.0781551912427
1777733698762274980,0.4,0.0,0.0,0.0,0.0,0.102746322751
1777733698766302108,0.4,0.0,0.0,0.0,0.0,0.115041893721
1777733698770006895,0.4,0.0,0.0,0.0,0.0,0.13963303566
1777733698773811101,0.4,0.0,0.0,0.0,0.0,0.176519727707
1777733698777918100,0.4,0.0,0.0,0.0,0.0,0.201110869646
1777733698782083034,0.4,0.0,0.0,0.0,0.0,0.213406440616
1777733698785794019,0.4,0.0,0.0,0.0,0.0,0.250293153524
1777733698794234991,0.4,0.0,0.0,0.0,0.0,0.299475416541
1777733698802270889,0.4,0.0,0.0,0.0,0.0,0.373296302557
1777733698806102037,0.4,0.0,0.0,0.0,0.0,0.410182994604
1777733698810132026,0.380685162544,0.0,0.0,0.0,0.0,0.447069728374
1777733698818250894,0.380685162544,0.0,0.0,0.0,0.0,0.49625197053
1777733698822154998,0.370146107674,0.0,0.0,0.0,0.0,0.570025396347
1777733698829888105,0.366633105278,0.0,0.0,0.0,0.0,0.643798822165
1777733698833972930,0.366633105278,0.0,0.0,0.0,0.0,0.69298106432
1777733698838212966,0.363120079041,0.0,0.0,0.0,0.0,0.705276656151
1777733698842185974,0.356094026566,0.0,0.0,0.0,0.0,0.729867756367
1777733698845969915,0.35258102417,0.0,0.0,0.0,0.0,0.742163348198
1777733698849881887,0.35258102417,0.0,0.0,0.0,0.0,0.779050040245
1777733698857920885,0.342041969299,0.0,0.0,0.0,0.0,0.828232324123
1777733698861949920,0.342041969299,0.0,0.0,0.0,0.0,0.840527915955
1777733698865919113,0.335015916824,0.0,0.0,0.0,0.0,0.865119016171
1777733698869765996,0.335015916824,0.0,0.0,0.0,0.0,0.877414608002
1777733698873716115,0.331502890587,0.0,0.0,0.0,0.0,0.877414608002
1777733698877800941,0.324476861954,0.0,0.0,0.0,0.0,0.92664437294
1777733698881685972,0.313937807083,0.0,0.0,0.0,0.0,0.938939881325
1777733698890033960,0.310424780846,0.0,0.0,0.0,0.0,0.963531064987
1777733698898228883,0.303398752213,0.0,0.0,0.0,0.0,1.00041775703
1777733698906198024,0.299885725975,0.0,0.0,0.0,0.0,1.0250089407
1777733698910088062,0.292859697342,0.0,0.0,0.0,0.0,1.0250089407
1777733698913903951,0.292859697342,0.0,0.0,0.0,0.0,1.03730444908
1777733698922003030,0.285833644867,0.0,0.0,0.0,0.0,1.06189563274
1777733698930454969,0.278807616234,0.0,0.0,0.0,0.0,1.07419114113
1777733698934083938,0.275294589996,0.0,0.0,0.0,0.0,1.09878232479
1777733698937844038,0.275294589996,0.0,0.0,0.0,0.0,1.12337342501
1777733698941884040,0.268268537521,0.0,0.0,0.0,0.0,1.12337342501
1777733698950243949,0.264755535126,0.0,0.0,0.0,0.0,1.13566901684
1777733698958517074,0.257729482651,0.0,0.0,0.0,0.0,1.13566901684
1777733698970314979,0.254216480255,0.0,0.0,0.0,0.0,1.13566901684
1777733698978523969,0.254216480255,0.0,0.0,0.0,0.0,1.16026011705
1777733698982158899,0.247176861763,0.0,0.0,0.0,0.0,1.16026011705
1777733698994515895,0.247176861763,0.0,0.0,0.0,0.0,1.17255570889
1777733698998466968,0.243663859367,0.0,0.0,0.0,0.0,1.17255570889
1777733699048670053,0.243663859367,0.0,0.0,0.0,0.0,1.17255570889
1777733699098756074,0.243663859367,0.0,0.0,0.0,0.0,1.17255570889
1777733699148696899,0.243663859367,0.0,0.0,0.0,0.0,1.17255570889
1777733699162522077,0.236637806892,0.0,0.0,0.0,0.0,1.17255570889
1777733699212694883,0.236637806892,0.0,0.0,0.0,0.0,1.17255570889
1777733699262758970,0.236637806892,0.0,0.0,0.0,0.0,1.17255570889
1777733699312728881,0.236637806892,0.0,0.0,0.0,0.0,1.17255570889
1777733699362989902,0.236637806892,0.0,0.0,0.0,0.0,1.17255570889
1777733699413116931,0.236637806892,0.0,0.0,0.0,0.0,1.17255570889
1777733699463227033,0.236637806892,0.0,0.0,0.0,0.0,1.17255570889
1777733699513329029,0.236637806892,0.0,0.0,0.0,0.0,1.17255570889
1777733699563235044,0.236637806892,0.0,0.0,0.0,0.0,1.17255570889
1777733699614289045,0.254216480255,0.0,0.0,0.0,0.0,1.17255570889
1777733699626168966,0.257729482651,0.0,0.0,0.0,0.0,1.17255570889
1777733699634114027,0.264755535126,0.0,0.0,0.0,0.0,1.17255570889
1777733699645956039,0.268268537521,0.0,0.0,0.0,0.0,1.17255570889
1777733699654005050,0.275294589996,0.0,0.0,0.0,0.0,1.17255570889
1777733699657727956,0.278807616234,0.0,0.0,0.0,0.0,1.17255570889
1777733699666254043,0.285833644867,0.0,0.0,0.0,0.0,1.17255570889
1777733699678319931,0.285833644867,0.0,0.0,0.0,0.0,1.12337342501
1777733699682657957,0.289346671104,0.0,0.0,0.0,0.0,1.09878232479
1777733699693991899,0.292859697342,0.0,0.0,0.0,0.0,1.07419114113
1777733699706195116,0.292859697342,0.0,0.0,0.0,0.0,1.06189563274
1777733699710200071,0.299885725975,0.0,0.0,0.0,0.0,1.06189563274
1777733699718079090,0.299885725975,0.0,0.0,0.0,0.0,1.03730444908
1777733699725878953,0.303398752213,0.0,0.0,0.0,0.0,1.0250089407
1777733699742549896,0.310424780846,0.0,0.0,0.0,0.0,1.00041775703
1777733699762449026,0.310424780846,0.0,0.0,0.0,0.0,0.975826656818
1777733699766474962,0.313937807083,0.0,0.0,0.0,0.0,0.975826656818
1777733699816274881,0.313937807083,0.0,0.0,0.0,0.0,0.975826656818
1777733699866620063,0.313937807083,0.0,0.0,0.0,0.0,0.975826656818
1777733699916690111,0.313937807083,0.0,0.0,0.0,0.0,0.975826656818
1777733699966754913,0.313937807083,0.0,0.0,0.0,0.0,0.975826656818
1777733700016886949,0.313937807083,0.0,0.0,0.0,0.0,0.975826656818
1777733700066996097,0.313937807083,0.0,0.0,0.0,0.0,0.975826656818
1777733700116864919,0.313937807083,0.0,0.0,0.0,0.0,0.975826656818
1777733700167107105,0.313937807083,0.0,0.0,0.0,0.0,0.975826656818
1777733700217159032,0.313937807083,0.0,0.0,0.0,0.0,0.975826656818
1777733700267535924,0.313937807083,0.0,0.0,0.0,0.0,0.975826656818
1777733700317369937,0.313937807083,0.0,0.0,0.0,0.0,0.975826656818
1777733700367507934,0.313937807083,0.0,0.0,0.0,0.0,0.975826656818
1777733700417615890,0.313937807083,0.0,0.0,0.0,0.0,0.975826656818
1777733700467916011,0.313937807083,0.0,0.0,0.0,0.0,0.975826656818
1777733700490381002,0.299885725975,0.0,0.0,0.0,0.0,0.975826656818
1777733700526464939,0.299885725975,0.0,0.0,0.0,0.0,1.0250089407
1777733700562326908,0.292859697342,0.0,0.0,0.0,0.0,1.0250089407
1777733700570230960,0.292859697342,0.0,0.0,0.0,0.0,1.03730444908
1777733700574076890,0.289346671104,0.0,0.0,0.0,0.0,1.03730444908
1777733700577833890,0.289346671104,0.0,0.0,0.0,0.0,1.06189563274
1777733700586338996,0.285833644867,0.0,0.0,0.0,0.0,1.07419114113
1777733700590019941,0.275294589996,0.0,0.0,0.0,0.0,1.09878232479
1777733700598185062,0.275294589996,0.0,0.0,0.0,0.0,1.12337342501
1777733700602122068,0.264755535126,0.0,0.0,0.0,0.0,1.13566901684
1777733700605834007,0.257729482651,0.0,0.0,0.0,0.0,1.13566901684
1777733700609958887,0.257729482651,0.0,0.0,0.0,0.0,1.16026011705
1777733700614022016,0.254216480255,0.0,0.0,0.0,0.0,1.16026011705
1777733700622494935,0.247176861763,0.0,0.0,0.0,0.0,1.16026011705
1777733700630518913,0.243663859367,0.0,0.0,0.0,0.0,1.17255570889
1777733700650454044,0.243663859367,0.0,0.0,0.0,0.0,1.19714689255
1777733700654525041,0.236637806892,0.0,0.0,0.0,0.0,1.19714689255
1777733700704591989,0.236637806892,0.0,0.0,0.0,0.0,1.19714689255
1777733700742461919,0.233124780655,0.0,0.0,0.0,0.0,1.19714689255
1777733700746160984,0.226098752022,0.0,0.0,0.0,0.0,1.19714689255
1777733700749926090,0.226098752022,0.0,0.0,0.0,0.0,1.22173799276
1777733700762370109,0.222585725784,0.0,0.0,0.0,0.0,1.22173799276
1777733700812561035,0.222585725784,0.0,0.0,0.0,0.0,1.22173799276
1777733700862657070,0.222585725784,0.0,0.0,0.0,0.0,1.22173799276
1777733700912938117,0.222585725784,0.0,0.0,0.0,0.0,1.22173799276
1777733700963116884,0.222585725784,0.0,0.0,0.0,0.0,1.22173799276
1777733701010194063,0.222585725784,0.0,0.0,0.0,0.0,1.23403358459
1777733701060400009,0.222585725784,0.0,0.0,0.0,0.0,1.23403358459
1777733701110625028,0.222585725784,0.0,0.0,0.0,0.0,1.23403358459
1777733701160826921,0.222585725784,0.0,0.0,0.0,0.0,1.23403358459
1777733701211139917,0.222585725784,0.0,0.0,0.0,0.0,1.23403358459
1777733701261147975,0.222585725784,0.0,0.0,0.0,0.0,1.23403358459
1777733701311034917,0.222585725784,0.0,0.0,0.0,0.0,1.23403358459
1777733701361331939,0.222585725784,0.0,0.0,0.0,0.0,1.23403358459
1777733701411464929,0.222585725784,0.0,0.0,0.0,0.0,1.23403358459
1777733701461735010,0.222585725784,0.0,0.0,0.0,0.0,1.23403358459
1777733701511776924,0.222585725784,0.0,0.0,0.0,0.0,1.23403358459
1777733701562027931,0.222585725784,0.0,0.0,0.0,0.0,1.23403358459
1777733701611937046,0.222585725784,0.0,0.0,0.0,0.0,1.23403358459
1777733701662009000,0.222585725784,0.0,0.0,0.0,0.0,1.23403358459
1777733701712085008,0.222585725784,0.0,0.0,0.0,0.0,1.23403358459
1777733701762237071,0.222585725784,0.0,0.0,0.0,0.0,1.23403358459
1777733701812442064,0.222585725784,0.0,0.0,0.0,0.0,1.23403358459
1777733701862642049,0.222585725784,0.0,0.0,0.0,0.0,1.23403358459
1777733701912525892,0.222585725784,0.0,0.0,0.0,0.0,1.23403358459
1777733701962846040,0.222585725784,0.0,0.0,0.0,0.0,1.23403358459
1777733702012866973,0.222585725784,0.0,0.0,0.0,0.0,1.23403358459
1777733702062968969,0.222585725784,0.0,0.0,0.0,0.0,1.23403358459
1777733702112864971,0.222585725784,0.0,0.0,0.0,0.0,1.23403358459
1777733702163239955,0.222585725784,0.0,0.0,0.0,0.0,1.23403358459
1777733702213296890,0.222585725784,0.0,0.0,0.0,0.0,1.23403358459
1777733702263731956,0.222585725784,0.0,0.0,0.0,0.0,1.23403358459
1777733702313405990,0.222585725784,0.0,0.0,0.0,0.0,1.23403358459
1777733702363796949,0.222585725784,0.0,0.0,0.0,0.0,1.23403358459
1777733702413665056,0.222585725784,0.0,0.0,0.0,0.0,1.23403358459
1777733702463903903,0.222585725784,0.0,0.0,0.0,0.0,1.23403358459
1777733702513840913,0.222585725784,0.0,0.0,0.0,0.0,1.23403358459
1777733702564043045,0.222585725784,0.0,0.0,0.0,0.0,1.23403358459
1777733702614058971,0.222585725784,0.0,0.0,0.0,0.0,1.23403358459
1777733702664304018,0.222585725784,0.0,0.0,0.0,0.0,1.23403358459
1777733702714320898,0.222585725784,0.0,0.0,0.0,0.0,1.23403358459
1777733702764549970,0.222585725784,0.0,0.0,0.0,0.0,1.23403358459
1777733702814634084,0.222585725784,0.0,0.0,0.0,0.0,1.23403358459
1777733702864799976,0.222585725784,0.0,0.0,0.0,0.0,1.23403358459
1777733702914705991,0.222585725784,0.0,0.0,0.0,0.0,1.23403358459
1777733702964726924,0.222585725784,0.0,0.0,0.0,0.0,1.23403358459
1777733703017714023,0.222585725784,0.0,0.0,0.0,0.0,1.23403358459
1777733703064904928,0.222585725784,0.0,0.0,0.0,0.0,1.23403358459
1777733703115362882,0.222585725784,0.0,0.0,0.0,0.0,1.23403358459
1777733703165756940,0.222585725784,0.0,0.0,0.0,0.0,1.23403358459
1777733703215636968,0.222585725784,0.0,0.0,0.0,0.0,1.23403358459
1777733703265831947,0.222585725784,0.0,0.0,0.0,0.0,1.23403358459
1777733703315845012,0.222585725784,0.0,0.0,0.0,0.0,1.23403358459
1777733703366080045,0.222585725784,0.0,0.0,0.0,0.0,1.23403358459
1777733703416163921,0.222585725784,0.0,0.0,0.0,0.0,1.23403358459
1777733703466499090,0.222585725784,0.0,0.0,0.0,0.0,1.23403358459
1777733703516446113,0.222585725784,0.0,0.0,0.0,0.0,1.23403358459
1777733703566607952,0.222585725784,0.0,0.0,0.0,0.0,1.23403358459
1777733703616655111,0.222585725784,0.0,0.0,0.0,0.0,1.23403358459
1777733703666870117,0.222585725784,0.0,0.0,0.0,0.0,1.23403358459
1777733703717129945,0.222585725784,0.0,0.0,0.0,0.0,1.23403358459
1777733703767237901,0.222585725784,0.0,0.0,0.0,0.0,1.23403358459
1777733703817075014,0.222585725784,0.0,0.0,0.0,0.0,1.23403358459
1777733703867487907,0.222585725784,0.0,0.0,0.0,0.0,1.23403358459
1777733703917315006,0.222585725784,0.0,0.0,0.0,0.0,1.23403358459
1777733703967705011,0.222585725784,0.0,0.0,0.0,0.0,1.23403358459
1777733704017631053,0.222585725784,0.0,0.0,0.0,0.0,1.23403358459
1777733704067895889,0.222585725784,0.0,0.0,0.0,0.0,1.23403358459
1777733704117990970,0.222585725784,0.0,0.0,0.0,0.0,1.23403358459
1777733704168188095,0.222585725784,0.0,0.0,0.0,0.0,1.23403358459
1777733704218024969,0.222585725784,0.0,0.0,0.0,0.0,1.23403358459
1777733704268508911,0.222585725784,0.0,0.0,0.0,0.0,1.23403358459
1777733704318312883,0.222585725784,0.0,0.0,0.0,0.0,1.23403358459
1777733704368221998,0.222585725784,0.0,0.0,0.0,0.0,1.23403358459
1777733704418445110,0.222585725784,0.0,0.0,0.0,0.0,1.23403358459
1777733704468810081,0.222585725784,0.0,0.0,0.0,0.0,1.23403358459
1777733704518862009,0.222585725784,0.0,0.0,0.0,0.0,1.23403358459
1777733704569082021,0.222585725784,0.0,0.0,0.0,0.0,1.23403358459
1777733704618902921,0.222585725784,0.0,0.0,0.0,0.0,1.23403358459
1777733704668905019,0.222585725784,0.0,0.0,0.0,0.0,1.23403358459
1777733704719438076,0.222585725784,0.0,0.0,0.0,0.0,1.23403358459
1777733704769522905,0.222585725784,0.0,0.0,0.0,0.0,1.23403358459
1777733704819683074,0.222585725784,0.0,0.0,0.0,0.0,1.23403358459
1777733704869790077,0.222585725784,0.0,0.0,0.0,0.0,1.23403358459
1777733704919773101,0.222585725784,0.0,0.0,0.0,0.0,1.23403358459
1777733704970021009,0.222585725784,0.0,0.0,0.0,0.0,1.23403358459
1777733705020149946,0.222585725784,0.0,0.0,0.0,0.0,1.23403358459
1777733705070199966,0.222585725784,0.0,0.0,0.0,0.0,1.23403358459
1777733705120189905,0.222585725784,0.0,0.0,0.0,0.0,1.23403358459
1777733705170362949,0.222585725784,0.0,0.0,0.0,0.0,1.23403358459
1777733705214320898,0.236637806892,0.0,0.0,0.0,0.0,1.23403358459
1777733705226423025,0.247176861763,0.0,0.0,0.0,0.0,1.23403358459
1777733705233959913,0.257729482651,0.0,0.0,0.0,0.0,1.23403358459
1777733705237878084,0.257729482651,0.0,0.0,0.0,0.0,1.17255570889
1777733705241905927,0.264755535126,0.0,0.0,0.0,0.0,1.16026011705
1777733705245878934,0.275294589996,0.0,0.0,0.0,0.0,1.16026011705
1777733705249927997,0.278807616234,0.0,0.0,0.0,0.0,1.13566901684
1777733705253813028,0.285833644867,0.0,0.0,0.0,0.0,1.13566901684
1777733705258019924,0.285833644867,0.0,0.0,0.0,0.0,1.12337342501
1777733705265937089,0.289346671104,0.0,0.0,0.0,0.0,1.09878232479
1777733705269985914,0.292859697342,0.0,0.0,0.0,0.0,1.07419114113
1777733705278366088,0.292859697342,0.0,0.0,0.0,0.0,1.06189563274
1777733705282124996,0.299885725975,0.0,0.0,0.0,0.0,1.06189563274
1777733705294229030,0.299885725975,0.0,0.0,0.0,0.0,1.03730444908
1777733705298255920,0.303398752213,0.0,0.0,0.0,0.0,1.03730444908
1777733705302289962,0.303398752213,0.0,0.0,0.0,0.0,1.0250089407
1777733705306545972,0.310424780846,0.0,0.0,0.0,0.0,1.0250089407
1777733705310328006,0.310424780846,0.0,0.0,0.0,0.0,1.00041775703
1777733705318161964,0.313937807083,0.0,0.0,0.0,0.0,1.00041775703
1777733705334585905,0.313937807083,0.0,0.0,0.0,0.0,0.975826656818
1777733705338372945,0.320963835716,0.0,0.0,0.0,0.0,0.938939881325
1777733705342278957,0.324476861954,0.0,0.0,0.0,0.0,0.938939881325
1777733705346316099,0.324476861954,0.0,0.0,0.0,0.0,0.92664437294
1777733705350244045,0.331502890587,0.0,0.0,0.0,0.0,0.902053189278
1777733705354016065,0.342041969299,0.0,0.0,0.0,0.0,0.877414608002
1777733705362514019,0.345554971695,0.0,0.0,0.0,0.0,0.840527915955
1777733705370382070,0.35258102417,0.0,0.0,0.0,0.0,0.828232324123
1777733705374224901,0.35258102417,0.0,0.0,0.0,0.0,0.803641223907
1777733705378236055,0.35258102417,0.0,0.0,0.0,0.0,0.779050040245
1777733705382277965,0.356094026566,0.0,0.0,0.0,0.0,0.76675453186
1777733705390064001,0.363120079041,0.0,0.0,0.0,0.0,0.742163348198
1777733705393970966,0.363120079041,0.0,0.0,0.0,0.0,0.729867756367
1777733705398050069,0.363120079041,0.0,0.0,0.0,0.0,0.705276656151
1777733705401884078,0.366633105278,0.0,0.0,0.0,0.0,0.705276656151
1777733705405952930,0.366633105278,0.0,0.0,0.0,0.0,0.69298106432
1777733705414144992,0.370146107674,0.0,0.0,0.0,0.0,0.643798822165
1777733705422283887,0.370146107674,0.0,0.0,0.0,0.0,0.631503230333
1777733705430187940,0.370146107674,0.0,0.0,0.0,0.0,0.606912088394
1777733705434139966,0.370146107674,0.0,0.0,0.0,0.0,0.594616538286
1777733705438148021,0.370146107674,0.0,0.0,0.0,0.0,0.570025396347
1777733705450444936,0.377172160149,0.0,0.0,0.0,0.0,0.545434254408
1777733705454180955,0.380685162544,0.0,0.0,0.0,0.0,0.5331387043
1777733705462320089,0.380685162544,0.0,0.0,0.0,0.0,0.508547562361
1777733705474332094,0.387711215019,0.0,0.0,0.0,0.0,0.49625197053
1777733705494491100,0.387711215019,0.0,0.0,0.0,0.0,0.471660870314
1777733705502218008,0.387711215019,0.0,0.0,0.0,0.0,0.447069728374
1777733705510057926,0.387711215019,0.0,0.0,0.0,0.0,0.434774136543
1777733705522250890,0.387711215019,0.0,0.0,0.0,0.0,0.410182994604
1777733705525944948,0.391224241257,0.0,0.0,0.0,0.0,0.410182994604
1777733705534477949,0.391224241257,0.0,0.0,0.0,0.0,0.397887444496
1777733705584451913,0.391224241257,0.0,0.0,0.0,0.0,0.397887444496
1777733705634366989,0.391224241257,0.0,0.0,0.0,0.0,0.397887444496
1777733705684640884,0.391224241257,0.0,0.0,0.0,0.0,0.397887444496
1777733705734823942,0.391224241257,0.0,0.0,0.0,0.0,0.397887444496
1777733705785172939,0.391224241257,0.0,0.0,0.0,0.0,0.397887444496
1777733705830461978,0.391224241257,0.0,0.0,0.0,0.0,0.373296302557
1777733705880589008,0.391224241257,0.0,0.0,0.0,0.0,0.373296302557
1777733705930553913,0.391224241257,0.0,0.0,0.0,0.0,0.373296302557
1777733705980856895,0.391224241257,0.0,0.0,0.0,0.0,0.373296302557
1777733706031143903,0.391224241257,0.0,0.0,0.0,0.0,0.373296302557
1777733706081104040,0.391224241257,0.0,0.0,0.0,0.0,0.373296302557
1777733706131309986,0.391224241257,0.0,0.0,0.0,0.0,0.373296302557
1777733706181440114,0.391224241257,0.0,0.0,0.0,0.0,0.373296302557
1777733706202521085,0.39825026989,0.0,0.0,0.0,0.0,0.373296302557
1777733706210467100,0.39825026989,0.0,0.0,0.0,0.0,0.348657700419
1777733706218297958,0.39825026989,0.0,0.0,0.0,0.0,0.33636212945
1777733706226037979,0.4,0.0,0.0,0.0,0.0,0.311770987511
1777733706276624917,0.4,0.0,0.0,0.0,0.0,0.311770987511
1777733706326355934,0.4,0.0,0.0,0.0,0.0,0.311770987511
1777733706358347892,0.4,0.0,0.0,0.0,0.0,0.299475416541
1777733706386136054,0.4,0.0,0.0,0.0,0.0,0.274884274602
1777733706436810016,0.4,0.0,0.0,0.0,0.0,0.274884274602
1777733706438210010,0.4,0.0,0.0,0.0,0.0,0.237997582555
1777733706446190118,0.4,0.0,0.0,0.0,0.0,0.201110869646
1777733706496799945,0.4,0.0,0.0,0.0,0.0,0.201110869646
1777733706547038078,0.4,0.0,0.0,0.0,0.0,0.201110869646
1777733706597145080,0.4,0.0,0.0,0.0,0.0,0.201110869646
1777733706646974086,0.4,0.0,0.0,0.0,0.0,0.201110869646
1777733706697257041,0.4,0.0,0.0,0.0,0.0,0.201110869646
1777733706726308107,0.4,0.0,0.0,0.0,0.0,0.151928596199
1777733706734417915,0.4,0.0,0.0,0.0,0.0,0.13963303566
1777733706738379001,0.4,0.0,0.0,0.0,0.0,0.115041893721
1777733706742160081,0.4,0.0,0.0,0.0,0.0,0.102746322751
1777733706746052026,0.4,0.0,0.0,0.0,0.0,0.0781551912427
1777733706750130891,0.4,0.0,0.0,0.0,0.0,0.0658596202731
1777733706754184961,0.4,0.0,0.0,0.0,0.0,0.0412684861571
1777733706758200883,0.4,0.0,0.0,0.0,0.0,0.0166773481295
1777733706762319087,0.4,0.0,0.0,0.0,0.0,0.00438177976757
1777733706778455972,0.4,0.0,0.0,0.0,0.0,-0.0
1777733706798508882,0.4,0.0,0.0,0.0,0.0,-0.0
1777733706838433980,0.4,0.0,0.0,0.0,0.0,-0.0
1777733706874377012,0.4,0.0,0.0,0.0,0.0,-0.0
1777733706886353015,0.4,0.0,0.0,0.0,0.0,-0.0
1777733706894175052,0.4,0.0,0.0,0.0,0.0,-0.0
1777733706902379035,0.4,0.0,0.0,0.0,0.0,-0.0
1777733706906106948,0.4,0.0,0.0,0.0,0.0,-0.0
1777733706910212993,0.4,0.0,0.0,0.0,0.0,-0.0
1777733706960879087,0.4,0.0,0.0,0.0,0.0,-0.0
1777733707010853052,0.4,0.0,0.0,0.0,0.0,-0.0
1777733707061003923,0.4,0.0,0.0,0.0,0.0,-0.0
1777733707111128091,0.4,0.0,0.0,0.0,0.0,-0.0
1777733707161299943,0.4,0.0,0.0,0.0,0.0,-0.0
1777733707211452960,0.4,0.0,0.0,0.0,0.0,-0.0
1777733707261746883,0.4,0.0,0.0,0.0,0.0,-0.0
1777733707311525106,0.4,0.0,0.0,0.0,0.0,-0.0
1777733707361840963,0.4,0.0,0.0,0.0,0.0,-0.0
1777733707411820888,0.4,0.0,0.0,0.0,0.0,-0.0
1777733707418155908,0.4,0.0,0.0,0.0,0.0,-0.0
1777733707468508005,0.4,0.0,0.0,0.0,0.0,-0.0
1777733707518691062,0.4,0.0,0.0,0.0,0.0,-0.0
1777733707568782091,0.4,0.0,0.0,0.0,0.0,-0.0
1777733707618932962,0.4,0.0,0.0,0.0,0.0,-0.0
1777733707634572029,0.4,0.0,0.0,0.0,0.0,-0.0
1777733707642426013,0.4,0.0,0.0,0.0,0.0,-0.0
1777733707692665100,0.4,0.0,0.0,0.0,0.0,-0.0
1777733707742743968,0.4,0.0,0.0,0.0,0.0,-0.0
1777733707792759895,0.4,0.0,0.0,0.0,0.0,-0.0
1777733707843283891,0.4,0.0,0.0,0.0,0.0,-0.0
1777733707846342086,0.4,0.0,0.0,0.0,0.0,-0.0
1777733707850023031,0.4,0.0,0.0,0.0,0.0,-0.0
1777733707854055881,0.4,0.0,0.0,0.0,0.0,-0.0
1777733707857995986,0.4,0.0,0.0,0.0,0.0,-0.0
1777733707874444007,0.4,0.0,0.0,0.0,0.0,-0.0
1777733707894469976,0.4,0.0,0.0,0.0,0.0,-0.00428683329374
1777733707898159027,0.4,0.0,0.0,0.0,0.0,-0.0288779713213
1777733707901966094,0.4,0.0,0.0,0.0,0.0,-0.0411735396832
1777733707910207986,0.4,0.0,0.0,0.0,0.0,-0.0657646737993
1777733707960561990,0.4,0.0,0.0,0.0,0.0,-0.0657646737993
1777733708010726928,0.4,0.0,0.0,0.0,0.0,-0.0657646737993
1777733708054353952,0.4,0.0,0.0,0.0,0.0,-0.102651381493
1777733708058131933,0.4,0.0,0.0,0.0,0.0,-0.139538083971
1777733708061923027,0.4,0.0,0.0,0.0,0.0,-0.176424786448
1777733708065988063,0.4,0.0,0.0,0.0,0.0,-0.201015928388
1777733708070430040,0.4,0.0,0.0,0.0,0.0,-0.213311499357
1777733708120604991,0.4,0.0,0.0,0.0,0.0,-0.213311499357
1777733708170720100,0.4,0.0,0.0,0.0,0.0,-0.213311499357
1777733708221095085,0.4,0.0,0.0,0.0,0.0,-0.213311499357
1777733708270857095,0.4,0.0,0.0,0.0,0.0,-0.213311499357
1777733708321156024,0.4,0.0,0.0,0.0,0.0,-0.213311499357
1777733708371237993,0.4,0.0,0.0,0.0,0.0,-0.213311499357
1777733708421374082,0.4,0.0,0.0,0.0,0.0,-0.213311499357
1777733708471378087,0.4,0.0,0.0,0.0,0.0,-0.213311499357
1777733708521711111,0.4,0.0,0.0,0.0,0.0,-0.213311499357
1777733708571940898,0.4,0.0,0.0,0.0,0.0,-0.213311499357
1777733708594619989,0.4,0.0,0.0,0.0,0.0,-0.16412922591
1777733708610548019,0.4,0.0,0.0,0.0,0.0,-0.139538083971
1777733708622553110,0.4,0.0,0.0,0.0,0.0,-0.114946952462
1777733708634382963,0.4,0.0,0.0,0.0,0.0,-0.102651381493
1777733708642600059,0.4,0.0,0.0,0.0,0.0,-0.0780602447689
1777733708646454095,0.4,0.0,0.0,0.0,0.0,-0.0657646737993
1777733708650345087,0.4,0.0,0.0,0.0,0.0,-0.0411735396832
1777733708654376029,0.4,0.0,0.0,0.0,0.0,-0.0288779713213
1777733708662676095,0.4,0.0,0.0,0.0,0.0,-0.00428683329374
1777733708670223951,0.4,0.0,0.0,0.0,0.0,-0.0
1777733708673887968,0.4,0.0,0.0,0.0,0.0,-0.0
1777733708677855968,0.4,0.0,0.0,0.0,0.0,-0.0
1777733708681772947,0.4,0.0,0.0,0.0,0.0,-0.0
1777733708698590040,0.4,0.0,0.0,0.0,0.0,-0.0
1777733708702517986,0.4,0.0,0.0,0.0,0.0,-0.0
1777733708713968992,0.4,0.0,0.0,0.0,0.0,-0.0
1777733708726627111,0.4,0.0,0.0,0.0,0.0,-0.0
1777733708738496065,0.4,0.0,0.0,0.0,0.0,-0.0
1777733708788465023,0.4,0.0,0.0,0.0,0.0,-0.0
1777733708838793992,0.4,0.0,0.0,0.0,0.0,-0.0
1777733708888796091,0.4,0.0,0.0,0.0,0.0,-0.0
1777733708906280994,0.4,0.0,0.0,0.0,0.0,-0.0
1777733708914237022,0.4,0.0,0.0,0.0,0.0,-0.0
1777733708926516056,0.4,0.0,0.0,0.0,0.0,-0.0
1777733708942584037,0.4,0.0,0.0,0.0,0.0,-0.0
1777733708978498935,0.4,0.0,0.0,0.0,0.0,-0.0
1777733709028552055,0.4,0.0,0.0,0.0,0.0,-0.0
1777733709078682899,0.4,0.0,0.0,0.0,0.0,-0.0
1777733709128807067,0.4,0.0,0.0,0.0,0.0,-0.0
1777733709179068088,0.4,0.0,0.0,0.0,0.0,-0.0
1777733709229113101,0.4,0.0,0.0,0.0,0.0,-0.0
1777733709279120922,0.4,0.0,0.0,0.0,0.0,-0.0
1777733709329380989,0.4,0.0,0.0,0.0,0.0,-0.0
1777733709379529953,0.4,0.0,0.0,0.0,0.0,-0.0
1777733709429687976,0.4,0.0,0.0,0.0,0.0,-0.0
1777733709479698896,0.4,0.0,0.0,0.0,0.0,-0.0
1777733709529972076,0.4,0.0,0.0,0.0,0.0,-0.0
1777733709580077886,0.4,0.0,0.0,0.0,0.0,-0.0
1777733709630405902,0.4,0.0,0.0,0.0,0.0,-0.0
1777733709680027961,0.4,0.0,0.0,0.0,0.0,-0.0
1777733709730406045,0.4,0.0,0.0,0.0,0.0,-0.0
1777733709780627012,0.4,0.0,0.0,0.0,0.0,-0.0
1777733709830733060,0.4,0.0,0.0,0.0,0.0,-0.0
1777733709880661964,0.4,0.0,0.0,0.0,0.0,-0.0
1777733709930874109,0.4,0.0,0.0,0.0,0.0,-0.0
1777733709981180906,0.4,0.0,0.0,0.0,0.0,-0.0
1777733710031152009,0.4,0.0,0.0,0.0,0.0,-0.0
1777733710081310987,0.4,0.0,0.0,0.0,0.0,-0.0
1777733710131453037,0.4,0.0,0.0,0.0,0.0,-0.0
1777733710181515932,0.4,0.0,0.0,0.0,0.0,-0.0
1777733710231564998,0.4,0.0,0.0,0.0,0.0,-0.0
1777733710281841039,0.4,0.0,0.0,0.0,0.0,-0.0
1777733710331787109,0.4,0.0,0.0,0.0,0.0,-0.0
1777733710382041931,0.4,0.0,0.0,0.0,0.0,-0.0
1777733710432280063,0.4,0.0,0.0,0.0,0.0,-0.0
1777733710482438087,0.4,0.0,0.0,0.0,0.0,-0.0
1777733710532212972,0.4,0.0,0.0,0.0,0.0,-0.0
1777733710582506895,0.4,0.0,0.0,0.0,0.0,-0.0
1777733710632707118,0.4,0.0,0.0,0.0,0.0,-0.0
1777733710682724952,0.4,0.0,0.0,0.0,0.0,-0.0
1777733710732795000,0.4,0.0,0.0,0.0,0.0,-0.0
1777733710782962083,0.4,0.0,0.0,0.0,0.0,-0.0
1777733710832859039,0.4,0.0,0.0,0.0,0.0,-0.0
1777733710883301973,0.4,0.0,0.0,0.0,0.0,-0.0
1777733710933207035,0.4,0.0,0.0,0.0,0.0,-0.0
1777733710983728885,0.4,0.0,0.0,0.0,0.0,-0.0
1777733711033432960,0.4,0.0,0.0,0.0,0.0,-0.0
1777733711083297014,0.4,0.0,0.0,0.0,0.0,-0.0
1777733711122548103,0.4,0.0,0.0,0.0,0.0,-0.0
1777733711172626018,0.4,0.0,0.0,0.0,0.0,-0.0
1777733711222662925,0.4,0.0,0.0,0.0,0.0,-0.0
1777733711272778034,0.4,0.0,0.0,0.0,0.0,-0.0
1777733711274138927,0.4,0.0,0.0,0.0,0.0,-0.0
1777733711324585914,0.4,0.0,0.0,0.0,0.0,-0.0
1777733711374658107,0.4,0.0,0.0,0.0,0.0,-0.0
1777733711424880981,0.4,0.0,0.0,0.0,0.0,-0.0
1777733711438419103,0.4,0.0,0.0,0.0,0.0,-0.0
1777733711486289024,0.4,0.0,0.0,0.0,0.0,0.00438177976757
1777733711536540985,0.4,0.0,0.0,0.0,0.0,0.00438177976757
1777733711566579103,0.4,0.0,0.0,0.0,0.0,0.0166773481295
1777733711616602897,0.4,0.0,0.0,0.0,0.0,0.0166773481295
1777733711666599988,0.4,0.0,0.0,0.0,0.0,0.0166773481295
1777733711716636896,0.4,0.0,0.0,0.0,0.0,0.0166773481295
1777733711742321968,0.4,0.0,0.0,0.0,0.0,0.0412684861571
1777733711792658090,0.4,0.0,0.0,0.0,0.0,0.0412684861571
1777733711842946052,0.4,0.0,0.0,0.0,0.0,0.0412684861571
1777733711892771005,0.4,0.0,0.0,0.0,0.0,0.0412684861571
1777733711942364931,0.4,0.0,0.0,0.0,0.0,0.0412684861571
1777733711993026971,0.4,0.0,0.0,0.0,0.0,0.0412684861571
1777733712043159961,0.4,0.0,0.0,0.0,0.0,0.0412684861571
1777733712093336105,0.4,0.0,0.0,0.0,0.0,0.0412684861571
1777733712143255949,0.4,0.0,0.0,0.0,0.0,0.0412684861571
1777733712193634033,0.4,0.0,0.0,0.0,0.0,0.0412684861571
1777733712243657112,0.4,0.0,0.0,0.0,0.0,0.0412684861571
1777733712293832063,0.4,0.0,0.0,0.0,0.0,0.0412684861571
1777733712343839883,0.4,0.0,0.0,0.0,0.0,0.0412684861571
1777733712393558979,0.4,0.0,0.0,0.0,0.0,0.0412684861571
1777733712444169998,0.4,0.0,0.0,0.0,0.0,0.0412684861571
1777733712494143009,0.4,0.0,0.0,0.0,0.0,0.0412684861571
1777733712544253110,0.4,0.0,0.0,0.0,0.0,0.0412684861571
1777733712594511032,0.4,0.0,0.0,0.0,0.0,0.0412684861571
1777733712644665002,0.4,0.0,0.0,0.0,0.0,0.0412684861571
1777733712694798946,0.4,0.0,0.0,0.0,0.0,0.0412684861571
1777733712744657039,0.4,0.0,0.0,0.0,0.0,0.0412684861571
1777733712794918060,0.4,0.0,0.0,0.0,0.0,0.0412684861571
1777733712845053911,0.4,0.0,0.0,0.0,0.0,0.0412684861571
1777733712895134925,0.4,0.0,0.0,0.0,0.0,0.0412684861571
1777733712945015907,0.4,0.0,0.0,0.0,0.0,0.0412684861571
1777733712995448112,0.4,0.0,0.0,0.0,0.0,0.0412684861571
1777733713045583009,0.4,0.0,0.0,0.0,0.0,0.0412684861571
1777733713095585107,0.4,0.0,0.0,0.0,0.0,0.0412684861571
1777733713145701885,0.4,0.0,0.0,0.0,0.0,0.0412684861571
1777733713195872068,0.4,0.0,0.0,0.0,0.0,0.0412684861571
1777733713245974063,0.4,0.0,0.0,0.0,0.0,0.0412684861571
1777733713295953989,0.4,0.0,0.0,0.0,0.0,0.0412684861571
1777733713346322059,0.4,0.0,0.0,0.0,0.0,0.0412684861571
1777733713396671056,0.4,0.0,0.0,0.0,0.0,0.0412684861571
1777733713446763992,0.4,0.0,0.0,0.0,0.0,0.0412684861571
1777733713454247951,0.4,0.0,0.0,0.0,0.0,-0.0
1777733713466423988,0.4,0.0,0.0,0.0,0.0,-0.0
1777733713470200061,0.4,0.0,0.0,0.0,0.0,-0.0
1777733713474030971,0.4,0.0,0.0,0.0,0.0,-0.0
1777733713477933883,0.4,0.0,0.0,0.0,0.0,-0.0
1777733713490340948,0.4,0.0,0.0,0.0,0.0,-0.0
1777733713497832059,0.4,0.0,0.0,0.0,0.0,-0.0
1777733713506166934,0.4,0.0,0.0,0.0,0.0,-0.0
1777733713510062932,0.4,0.0,0.0,0.0,0.0,-0.0
1777733713560579061,0.4,0.0,0.0,0.0,0.0,-0.0
1777733713610714912,0.4,0.0,0.0,0.0,0.0,-0.0
1777733713660607099,0.4,0.0,0.0,0.0,0.0,-0.0
1777733713710982084,0.4,0.0,0.0,0.0,0.0,-0.0
1777733713760989904,0.4,0.0,0.0,0.0,0.0,-0.0
1777733713811295032,0.4,0.0,0.0,0.0,0.0,-0.0
1777733713861430883,0.4,0.0,0.0,0.0,0.0,-0.0
1777733713911588907,0.4,0.0,0.0,0.0,0.0,-0.0
1777733713961900949,0.4,0.0,0.0,0.0,0.0,-0.0
1777733714011759996,0.4,0.0,0.0,0.0,0.0,-0.0
1777733714061871051,0.4,0.0,0.0,0.0,0.0,-0.0
1777733714111812114,0.4,0.0,0.0,0.0,0.0,-0.0
1777733714162055969,0.4,0.0,0.0,0.0,0.0,-0.0
1777733714212045907,0.4,0.0,0.0,0.0,0.0,-0.0
1777733714262307882,0.4,0.0,0.0,0.0,0.0,-0.0
1777733714312105894,0.4,0.0,0.0,0.0,0.0,-0.0
1777733714362637996,0.4,0.0,0.0,0.0,0.0,-0.0
1777733714412421941,0.4,0.0,0.0,0.0,0.0,-0.0
1777733714462904930,0.4,0.0,0.0,0.0,0.0,-0.0
1777733714512810945,0.4,0.0,0.0,0.0,0.0,-0.0
1777733714563168048,0.4,0.0,0.0,0.0,0.0,-0.0
1777733714613262891,0.4,0.0,0.0,0.0,0.0,-0.0
1777733714663356065,0.4,0.0,0.0,0.0,0.0,-0.0
1777733714713320016,0.4,0.0,0.0,0.0,0.0,-0.0
1777733714763570070,0.4,0.0,0.0,0.0,0.0,-0.0
1777733714813705921,0.4,0.0,0.0,0.0,0.0,-0.0
1777733714863866090,0.4,0.0,0.0,0.0,0.0,-0.0
1777733714913963079,0.4,0.0,0.0,0.0,0.0,-0.0
1777733714964186906,0.4,0.0,0.0,0.0,0.0,-0.0
1777733715014122009,0.4,0.0,0.0,0.0,0.0,-0.0
1777733715064448118,0.4,0.0,0.0,0.0,0.0,-0.0
1777733715114428043,0.4,0.0,0.0,0.0,0.0,-0.0
1777733715164536952,0.4,0.0,0.0,0.0,0.0,-0.0
1777733715214678049,0.4,0.0,0.0,0.0,0.0,-0.0
1777733715264723062,0.4,0.0,0.0,0.0,0.0,-0.0
1777733715315092086,0.4,0.0,0.0,0.0,0.0,-0.0
1777733715365180015,0.4,0.0,0.0,0.0,0.0,-0.0
1777733715415260076,0.4,0.0,0.0,0.0,0.0,-0.0
1777733715465485095,0.4,0.0,0.0,0.0,0.0,-0.0
1777733715515445947,0.4,0.0,0.0,0.0,0.0,-0.0
1777733715565526008,0.4,0.0,0.0,0.0,0.0,-0.0
1777733715615580081,0.4,0.0,0.0,0.0,0.0,-0.0
1777733715665952920,0.4,0.0,0.0,0.0,0.0,-0.0
1777733715716186046,0.4,0.0,0.0,0.0,0.0,-0.0
1777733715766283988,0.4,0.0,0.0,0.0,0.0,-0.0
1777733715816169977,0.4,0.0,0.0,0.0,0.0,-0.0
1777733715866373062,0.4,0.0,0.0,0.0,0.0,-0.0
1777733715878262996,0.4,0.0,0.0,0.0,0.0,-0.0
1777733715890206098,0.4,0.0,0.0,0.0,0.0,-0.0
1777733715940466880,0.4,0.0,0.0,0.0,0.0,-0.0
1777733715990628957,0.4,0.0,0.0,0.0,0.0,-0.0
1777733716002487897,0.4,0.0,0.0,0.0,0.0,0.0781551912427
1777733716010818958,0.4,0.0,0.0,0.0,0.0,0.102746322751
1777733716022659063,0.4,0.0,0.0,0.0,0.0,0.115041893721
1777733716034558057,0.4,0.0,0.0,0.0,0.0,0.13963303566
1777733716066571950,0.4,0.0,0.0,0.0,0.0,0.151928596199
1777733716086216926,0.4,0.0,0.0,0.0,0.0,0.176519727707
1777733716102446079,0.4,0.0,0.0,0.0,0.0,0.201110869646
1777733716106165885,0.4,0.0,0.0,0.0,0.0,0.213406440616
1777733716122769117,0.4,0.0,0.0,0.0,0.0,0.237997582555
1777733716138526916,0.4,0.0,0.0,0.0,0.0,0.250293153524
1777733716182537078,0.4,0.0,0.0,0.0,0.0,0.274884274602
1777733716202558994,0.4,0.0,0.0,0.0,0.0,0.299475416541
1777733716214461088,0.4,0.0,0.0,0.0,0.0,0.311770987511
1777733716254537105,0.4,0.0,0.0,0.0,0.0,0.33636212945
1777733716278527021,0.4,0.0,0.0,0.0,0.0,0.348657700419
1777733716286147117,0.387711215019,0.0,0.0,0.0,0.0,0.348657700419
1777733716298558950,0.380685162544,0.0,0.0,0.0,0.0,0.397887444496
1777733716306503057,0.380685162544,0.0,0.0,0.0,0.0,0.410182994604
1777733716314429044,0.377172160149,0.0,0.0,0.0,0.0,0.434774136543
1777733716322551965,0.377172160149,0.0,0.0,0.0,0.0,0.447069728374
1777733716326091051,0.377172160149,0.0,0.0,0.0,0.0,0.471660870314
1777733716376435041,0.377172160149,0.0,0.0,0.0,0.0,0.471660870314
1777733716422378063,0.370146107674,0.0,0.0,0.0,0.0,0.49625197053
1777733716433937072,0.370146107674,0.0,0.0,0.0,0.0,0.508547562361
1777733716484260082,0.370146107674,0.0,0.0,0.0,0.0,0.508547562361
1777733716534630060,0.370146107674,0.0,0.0,0.0,0.0,0.508547562361
1777733716546323060,0.370146107674,0.0,0.0,0.0,0.0,0.5331387043
1777733716550278902,0.366633105278,0.0,0.0,0.0,0.0,0.631503230333
1777733716600615978,0.366633105278,0.0,0.0,0.0,0.0,0.631503230333
1777733716602186918,0.363120079041,0.0,0.0,0.0,0.0,0.668389964104
1777733716610210895,0.363120079041,0.0,0.0,0.0,0.0,0.69298106432
1777733716614180088,0.356094026566,0.0,0.0,0.0,0.0,0.705276656151
1777733716654275894,0.356094026566,0.0,0.0,0.0,0.0,0.729867756367
1777733716662507057,0.335015916824,0.0,0.0,0.0,0.0,0.828232324123
1777733716670149087,0.331502890587,0.0,0.0,0.0,0.0,0.840527915955
1777733716686248064,0.324476861954,0.0,0.0,0.0,0.0,0.865119016171
1777733716694443941,0.324476861954,0.0,0.0,0.0,0.0,0.877414608002
1777733716706406116,0.320963835716,0.0,0.0,0.0,0.0,0.877414608002
1777733716710277080,0.320963835716,0.0,0.0,0.0,0.0,0.902053189278
1777733716713809013,0.320963835716,0.0,0.0,0.0,0.0,0.92664437294
1777733716722076892,0.313937807083,0.0,0.0,0.0,0.0,0.938939881325
1777733716738302946,0.310424780846,0.0,0.0,0.0,0.0,0.938939881325
1777733716742248058,0.310424780846,0.0,0.0,0.0,0.0,0.963531064987
1777733716758657932,0.310424780846,0.0,0.0,0.0,0.0,0.975826656818
1777733716762288093,0.303398752213,0.0,0.0,0.0,0.0,0.975826656818
1777733716770276069,0.303398752213,0.0,0.0,0.0,0.0,1.00041775703
1777733716778131961,0.299885725975,0.0,0.0,0.0,0.0,1.00041775703
1777733716828528881,0.299885725975,0.0,0.0,0.0,0.0,1.00041775703
1777733716854305028,0.299885725975,0.0,0.0,0.0,0.0,1.0250089407
1777733716858215093,0.292859697342,0.0,0.0,0.0,0.0,1.0250089407
1777733716870336055,0.292859697342,0.0,0.0,0.0,0.0,1.03730444908
1777733716878204107,0.289346671104,0.0,0.0,0.0,0.0,1.03730444908
1777733716890194892,0.289346671104,0.0,0.0,0.0,0.0,1.06189563274
1777733716902302980,0.285833644867,0.0,0.0,0.0,0.0,1.06189563274
1777733716906518936,0.278807616234,0.0,0.0,0.0,0.0,1.09878232479
1777733716914184093,0.275294589996,0.0,0.0,0.0,0.0,1.09878232479
1777733716918121099,0.275294589996,0.0,0.0,0.0,0.0,1.12337342501
1777733716946222066,0.268268537521,0.0,0.0,0.0,0.0,1.12337342501
1777733716996184110,0.268268537521,0.0,0.0,0.0,0.0,1.12337342501
1777733717046649932,0.268268537521,0.0,0.0,0.0,0.0,1.12337342501
1777733717070487976,0.268268537521,0.0,0.0,0.0,0.0,1.13566901684
1777733717082468032,0.264755535126,0.0,0.0,0.0,0.0,1.13566901684
1777733717132451057,0.264755535126,0.0,0.0,0.0,0.0,1.13566901684
1777733717138320922,0.257729482651,0.0,0.0,0.0,0.0,1.13566901684
1777733717188208103,0.257729482651,0.0,0.0,0.0,0.0,1.13566901684
1777733717238646030,0.257729482651,0.0,0.0,0.0,0.0,1.13566901684
1777733717288497924,0.257729482651,0.0,0.0,0.0,0.0,1.13566901684
1777733717338910102,0.257729482651,0.0,0.0,0.0,0.0,1.13566901684
1777733717388783931,0.257729482651,0.0,0.0,0.0,0.0,1.13566901684
1777733717418135881,0.275294589996,0.0,0.0,0.0,0.0,1.13566901684
1777733717426173925,0.278807616234,0.0,0.0,0.0,0.0,1.13566901684
1777733717434428930,0.285833644867,0.0,0.0,0.0,0.0,1.13566901684
1777733717442651033,0.289346671104,0.0,0.0,0.0,0.0,1.13566901684
1777733717450450897,0.292859697342,0.0,0.0,0.0,0.0,1.13566901684
1777733717454485893,0.292859697342,0.0,0.0,0.0,0.0,1.07419114113
1777733717457954883,0.299885725975,0.0,0.0,0.0,0.0,1.06189563274
1777733717466257095,0.303398752213,0.0,0.0,0.0,0.0,1.03730444908
1777733717470133066,0.310424780846,0.0,0.0,0.0,0.0,1.0250089407
1777733717473972082,0.313937807083,0.0,0.0,0.0,0.0,1.00041775703
1777733717477911949,0.320963835716,0.0,0.0,0.0,0.0,0.975826656818
1777733717481806993,0.324476861954,0.0,0.0,0.0,0.0,0.938939881325
1777733717485860109,0.324476861954,0.0,0.0,0.0,0.0,0.92664437294
1777733717489902973,0.324476861954,0.0,0.0,0.0,0.0,0.902053189278
1777733717498567104,0.331502890587,0.0,0.0,0.0,0.0,0.877414608002
1777733717502321004,0.342041969299,0.0,0.0,0.0,0.0,0.828232324123
1777733717506164073,0.35258102417,0.0,0.0,0.0,0.0,0.779050040245
1777733717509886026,0.356094026566,0.0,0.0,0.0,0.0,0.742163348198
1777733717513799905,0.363120079041,0.0,0.0,0.0,0.0,0.705276656151
1777733717518048048,0.366633105278,0.0,0.0,0.0,0.0,0.69298106432
1777733717522082090,0.366633105278,0.0,0.0,0.0,0.0,0.643798822165
1777733717525824069,0.366633105278,0.0,0.0,0.0,0.0,0.631503230333
1777733717530064105,0.370146107674,0.0,0.0,0.0,0.0,0.606912088394
1777733717534069061,0.370146107674,0.0,0.0,0.0,0.0,0.594616538286
1777733717538094043,0.370146107674,0.0,0.0,0.0,0.0,0.570025396347
1777733717541982889,0.370146107674,0.0,0.0,0.0,0.0,0.545434254408
1777733717545810937,0.377172160149,0.0,0.0,0.0,0.0,0.5331387043
1777733717554626941,0.377172160149,0.0,0.0,0.0,0.0,0.508547562361
1777733717566616058,0.380685162544,0.0,0.0,0.0,0.0,0.49625197053
1777733717570101022,0.380685162544,0.0,0.0,0.0,0.0,0.471660870314
1777733717594238042,0.387711215019,0.0,0.0,0.0,0.0,0.471660870314
1777733717606437921,0.387711215019,0.0,0.0,0.0,0.0,0.447069728374
1777733717610131025,0.387711215019,0.0,0.0,0.0,0.0,0.434774136543
1777733717622503042,0.387711215019,0.0,0.0,0.0,0.0,0.410182994604
1777733717630233049,0.391224241257,0.0,0.0,0.0,0.0,0.410182994604
1777733717633876085,0.391224241257,0.0,0.0,0.0,0.0,0.397887444496
1777733717670355081,0.391224241257,0.0,0.0,0.0,0.0,0.373296302557
1777733717678469896,0.391224241257,0.0,0.0,0.0,0.0,0.348657700419
1777733717682096958,0.39825026989,0.0,0.0,0.0,0.0,0.348657700419
1777733717732630968,0.39825026989,0.0,0.0,0.0,0.0,0.348657700419
1777733717742594957,0.4,0.0,0.0,0.0,0.0,0.33636212945
1777733717754168987,0.4,0.0,0.0,0.0,0.0,0.311770987511
1777733717804534912,0.4,0.0,0.0,0.0,0.0,0.311770987511
1777733717854845046,0.4,0.0,0.0,0.0,0.0,0.311770987511
1777733717905026912,0.4,0.0,0.0,0.0,0.0,0.311770987511
1777733717954787015,0.4,0.0,0.0,0.0,0.0,0.311770987511
1777733718005219936,0.4,0.0,0.0,0.0,0.0,0.311770987511
1777733718055427074,0.4,0.0,0.0,0.0,0.0,0.311770987511
1777733718105660915,0.4,0.0,0.0,0.0,0.0,0.311770987511
1777733718155611038,0.4,0.0,0.0,0.0,0.0,0.311770987511
1777733718206043004,0.4,0.0,0.0,0.0,0.0,0.311770987511
1777733718255898952,0.4,0.0,0.0,0.0,0.0,0.311770987511
1777733718306092023,0.4,0.0,0.0,0.0,0.0,0.311770987511
1777733718356256008,0.4,0.0,0.0,0.0,0.0,0.311770987511
1777733718406521081,0.4,0.0,0.0,0.0,0.0,0.311770987511
1777733718456255912,0.4,0.0,0.0,0.0,0.0,0.311770987511
1777733718506799936,0.4,0.0,0.0,0.0,0.0,0.311770987511
1777733718556750059,0.4,0.0,0.0,0.0,0.0,0.311770987511
1777733718606867074,0.4,0.0,0.0,0.0,0.0,0.311770987511
1777733718657004117,0.4,0.0,0.0,0.0,0.0,0.311770987511
1777733718707211971,0.4,0.0,0.0,0.0,0.0,0.311770987511
1777733718750514030,0.4,0.0,0.0,0.0,0.0,0.274884274602
1777733718754458904,0.4,0.0,0.0,0.0,0.0,0.250293153524
1777733718758143901,0.4,0.0,0.0,0.0,0.0,0.213406440616
1777733718762010097,0.4,0.0,0.0,0.0,0.0,0.201110869646
1777733718765897035,0.4,0.0,0.0,0.0,0.0,0.176519727707
1777733718769916057,0.4,0.0,0.0,0.0,0.0,0.13963303566
1777733718774034976,0.4,0.0,0.0,0.0,0.0,0.115041893721
1777733718777983903,0.4,0.0,0.0,0.0,0.0,0.0781551912427
1777733718781991004,0.4,0.0,0.0,0.0,0.0,0.0166773481295
1777733718786007881,0.4,0.0,0.0,0.0,0.0,-0.0
1777733718794363975,0.4,0.0,0.0,0.0,0.0,-0.0
1777733718798331975,0.4,0.0,0.0,0.0,0.0,-0.0
1777733718806279897,0.4,0.0,0.0,0.0,0.0,-0.0
1777733718818295955,0.4,0.0,0.0,0.0,0.0,-0.0
1777733718842623949,0.4,0.0,0.0,0.0,0.0,-0.0
1777733718858505964,0.4,0.0,0.0,0.0,0.0,-0.0
1777733718874500989,0.4,0.0,0.0,0.0,0.0,-0.0
1777733718886157989,0.4,0.0,0.0,0.0,0.0,-0.0
1777733718936757087,0.4,0.0,0.0,0.0,0.0,-0.0
1777733718986905097,0.4,0.0,0.0,0.0,0.0,-0.0
1777733719036930084,0.4,0.0,0.0,0.0,0.0,-0.0
1777733719087038040,0.4,0.0,0.0,0.0,0.0,-0.0
1777733719136955976,0.4,0.0,0.0,0.0,0.0,-0.0
1777733719187057971,0.4,0.0,0.0,0.0,0.0,-0.0
1777733719237076997,0.4,0.0,0.0,0.0,0.0,-0.0
1777733719287343978,0.4,0.0,0.0,0.0,0.0,-0.0
1777733719337460041,0.4,0.0,0.0,0.0,0.0,-0.0
1777733719387319087,0.4,0.0,0.0,0.0,0.0,-0.0
1777733719437999010,0.4,0.0,0.0,0.0,0.0,-0.0
1777733719487834930,0.4,0.0,0.0,0.0,0.0,-0.0
1777733719506510972,0.4,0.0,0.0,0.0,0.0,-0.0
1777733719510360002,0.4,0.0,0.0,0.0,0.0,-0.0
1777733719514285087,0.4,0.0,0.0,0.0,0.0,-0.0
1777733719518316984,0.4,0.0,0.0,0.0,0.0,-0.0
1777733719521967887,0.4,0.0,0.0,0.0,0.0,-0.0
1777733719534456014,0.4,0.0,0.0,0.0,0.0,-0.0
1777733719538341999,0.4,0.0,0.0,0.0,0.0,0.00438177976757
1777733719546114921,0.4,0.0,0.0,0.0,0.0,0.0166773481295
1777733719549973011,0.4,0.0,0.0,0.0,0.0,0.0412684861571
1777733719558458089,0.4,0.0,0.0,0.0,0.0,0.0658596202731
1777733719562269926,0.4,0.0,0.0,0.0,0.0,0.0781551912427
1777733719570194959,0.4,0.0,0.0,0.0,0.0,0.102746322751
1777733719574270963,0.4,0.0,0.0,0.0,0.0,0.13963303566
1777733719582082986,0.4,0.0,0.0,0.0,0.0,0.151928596199
1777733719586081981,0.4,0.0,0.0,0.0,0.0,0.201110869646
1777733719594479084,0.4,0.0,0.0,0.0,0.0,0.213406440616
1777733719598314046,0.4,0.0,0.0,0.0,0.0,0.250293153524
1777733719602353096,0.4,0.0,0.0,0.0,0.0,0.299475416541
1777733719606445074,0.4,0.0,0.0,0.0,0.0,0.311770987511
1777733719614029884,0.4,0.0,0.0,0.0,0.0,0.33636212945
1777733719617954969,0.4,0.0,0.0,0.0,0.0,0.348657700419
1777733719626440048,0.4,0.0,0.0,0.0,0.0,0.373296302557
1777733719634378910,0.387711215019,0.0,0.0,0.0,0.0,0.397887444496
1777733719642221927,0.387711215019,0.0,0.0,0.0,0.0,0.410182994604
1777733719650181055,0.380685162544,0.0,0.0,0.0,0.0,0.447069728374
1777733719658500909,0.377172160149,0.0,0.0,0.0,0.0,0.471660870314
1777733719694422006,0.377172160149,0.0,0.0,0.0,0.0,0.508547562361
1777733719702352046,0.370146107674,0.0,0.0,0.0,0.0,0.545434254408
1777733719706361055,0.370146107674,0.0,0.0,0.0,0.0,0.570025396347
1777733719756609916,0.370146107674,0.0,0.0,0.0,0.0,0.570025396347
1777733719774463891,0.366633105278,0.0,0.0,0.0,0.0,0.570025396347
1777733719782284021,0.366633105278,0.0,0.0,0.0,0.0,0.594616538286
1777733719785919904,0.366633105278,0.0,0.0,0.0,0.0,0.606912088394
1777733719794308900,0.366633105278,0.0,0.0,0.0,0.0,0.631503230333
1777733719806431055,0.366633105278,0.0,0.0,0.0,0.0,0.643798822165
1777733719826524972,0.366633105278,0.0,0.0,0.0,0.0,0.668389964104
1777733719854429960,0.363120079041,0.0,0.0,0.0,0.0,0.668389964104
1777733719904539108,0.363120079041,0.0,0.0,0.0,0.0,0.668389964104
1777733719954699993,0.363120079041,0.0,0.0,0.0,0.0,0.668389964104
1777733720004869937,0.363120079041,0.0,0.0,0.0,0.0,0.668389964104
1777733720054840087,0.363120079041,0.0,0.0,0.0,0.0,0.668389964104
1777733720104994058,0.363120079041,0.0,0.0,0.0,0.0,0.668389964104
1777733720155011892,0.363120079041,0.0,0.0,0.0,0.0,0.668389964104
1777733720205167055,0.363120079041,0.0,0.0,0.0,0.0,0.668389964104
1777733720255179882,0.363120079041,0.0,0.0,0.0,0.0,0.668389964104
1777733720305363893,0.363120079041,0.0,0.0,0.0,0.0,0.668389964104
1777733720355634927,0.363120079041,0.0,0.0,0.0,0.0,0.668389964104
1777733720405762910,0.363120079041,0.0,0.0,0.0,0.0,0.668389964104
1777733720455962896,0.363120079041,0.0,0.0,0.0,0.0,0.668389964104
1777733720505964040,0.363120079041,0.0,0.0,0.0,0.0,0.668389964104
1777733720556294918,0.363120079041,0.0,0.0,0.0,0.0,0.668389964104
1777733720606354951,0.363120079041,0.0,0.0,0.0,0.0,0.668389964104
1777733720642441034,0.363120079041,0.0,0.0,0.0,0.0,0.705276656151
1777733720670488119,0.363120079041,0.0,0.0,0.0,0.0,0.729867756367
1777733720678312063,0.356094026566,0.0,0.0,0.0,0.0,0.729867756367
1777733720728379011,0.356094026566,0.0,0.0,0.0,0.0,0.729867756367
1777733720778692960,0.356094026566,0.0,0.0,0.0,0.0,0.729867756367
1777733720828447103,0.356094026566,0.0,0.0,0.0,0.0,0.729867756367
1777733720878915071,0.356094026566,0.0,0.0,0.0,0.0,0.729867756367
1777733720928760051,0.356094026566,0.0,0.0,0.0,0.0,0.729867756367
1777733720979106903,0.356094026566,0.0,0.0,0.0,0.0,0.729867756367
1777733721029195070,0.356094026566,0.0,0.0,0.0,0.0,0.729867756367
1777733721079314947,0.356094026566,0.0,0.0,0.0,0.0,0.729867756367
1777733721130443096,0.35258102417,0.0,0.0,0.0,0.0,0.742163348198
1777733721138221025,0.35258102417,0.0,0.0,0.0,0.0,0.76675453186
1777733721146289110,0.345554971695,0.0,0.0,0.0,0.0,0.779050040245
1777733721162383079,0.345554971695,0.0,0.0,0.0,0.0,0.803641223907
1777733721212595939,0.345554971695,0.0,0.0,0.0,0.0,0.803641223907
1777733721242141962,0.345554971695,0.0,0.0,0.0,0.0,0.828232324123
1777733721246176958,0.342041969299,0.0,0.0,0.0,0.0,0.828232324123
1777733721266309022,0.342041969299,0.0,0.0,0.0,0.0,0.840527915955
1777733721282592058,0.335015916824,0.0,0.0,0.0,0.0,0.840527915955
1777733721294044017,0.335015916824,0.0,0.0,0.0,0.0,0.865119016171
1777733721334359884,0.331502890587,0.0,0.0,0.0,0.0,0.877414608002
1777733721374300956,0.324476861954,0.0,0.0,0.0,0.0,0.877414608002
1777733721382515907,0.324476861954,0.0,0.0,0.0,0.0,0.902053189278
1777733721394273996,0.324476861954,0.0,0.0,0.0,0.0,0.92664437294
1777733721402512073,0.320963835716,0.0,0.0,0.0,0.0,0.92664437294
1777733721410320043,0.320963835716,0.0,0.0,0.0,0.0,0.938939881325
1777733721413944959,0.313937807083,0.0,0.0,0.0,0.0,0.938939881325
1777733721426204919,0.310424780846,0.0,0.0,0.0,0.0,0.963531064987
1777733721429824113,0.310424780846,0.0,0.0,0.0,0.0,0.975826656818
1777733721433845996,0.303398752213,0.0,0.0,0.0,0.0,0.975826656818
1777733721437741041,0.303398752213,0.0,0.0,0.0,0.0,1.00041775703
1777733721441747903,0.299885725975,0.0,0.0,0.0,0.0,1.00041775703
1777733721450514078,0.292859697342,0.0,0.0,0.0,0.0,1.00041775703
1777733721458513021,0.292859697342,0.0,0.0,0.0,0.0,1.0250089407
1777733721466660022,0.292859697342,0.0,0.0,0.0,0.0,1.03730444908
1777733721470438957,0.289346671104,0.0,0.0,0.0,0.0,1.03730444908
1777733721474073886,0.289346671104,0.0,0.0,0.0,0.0,1.06189563274
1777733721477796077,0.285833644867,0.0,0.0,0.0,0.0,1.06189563274
1777733721481771945,0.278807616234,0.0,0.0,0.0,0.0,1.07419114113
1777733721485925912,0.278807616234,0.0,0.0,0.0,0.0,1.09878232479
1777733721498709917,0.275294589996,0.0,0.0,0.0,0.0,1.12337342501
1777733721502285957,0.257729482651,0.0,0.0,0.0,0.0,1.13566901684
1777733721505909919,0.254216480255,0.0,0.0,0.0,0.0,1.16026011705
1777733721509918928,0.247176861763,0.0,0.0,0.0,0.0,1.16026011705
1777733721513832092,0.243663859367,0.0,0.0,0.0,0.0,1.17255570889
1777733721518243074,0.236637806892,0.0,0.0,0.0,0.0,1.19714689255
1777733721522200107,0.226098752022,0.0,0.0,0.0,0.0,1.22173799276
1777733721526326894,0.222585725784,0.0,0.0,0.0,0.0,1.23403358459
1777733721530040979,0.215559697151,0.0,0.0,0.0,0.0,1.23403358459
1777733721533941984,0.215559697151,0.0,0.0,0.0,0.0,1.25862468481
1777733721537902116,0.212046670914,0.0,0.0,0.0,0.0,1.27092027664
1777733721542360067,0.201507616043,0.0,0.0,0.0,0.0,1.27092027664
1777733721545918941,0.201507616043,0.0,0.0,0.0,0.0,1.29551137686
1777733721549906969,0.197994589806,0.0,0.0,0.0,0.0,1.29551137686
1777733721553797006,0.190968561172,0.0,0.0,0.0,0.0,1.32010256052
1777733721558311939,0.180429494381,0.0,0.0,0.0,0.0,1.3323980689
1777733721562273979,0.16989043951,0.0,0.0,0.0,0.0,1.35698925257
1777733721570317029,0.15935138464,0.0,0.0,0.0,0.0,1.35698925257
1777733721574152946,0.145299303532,0.0,0.0,0.0,0.0,1.3692848444
1777733721577822923,0.145299303532,0.0,0.0,0.0,0.0,1.39387594461
1777733721581878900,0.138273262978,0.0,0.0,0.0,0.0,1.39387594461
1777733721585880041,0.134760248661,0.0,0.0,0.0,0.0,1.4
1777733721589875936,0.127734208107,0.0,0.0,0.0,0.0,1.4
1777733721598128080,0.120708167553,0.0,0.0,0.0,0.0,1.4
1777733721602202892,0.110169100761,0.0,0.0,0.0,0.0,1.4
1777733721606080055,0.103129506111,0.0,0.0,0.0,0.0,1.4
1777733721610126018,0.0996164858341,0.0,0.0,0.0,0.0,1.4
1777733721618175029,0.0925904452801,0.0,0.0,0.0,0.0,1.4
1777733721625780105,0.0890774250031,0.0,0.0,0.0,0.0,1.4
1777733721646084070,0.082051384449,0.0,0.0,0.0,0.0,1.4
1777733721654113054,0.078538364172,0.0,0.0,0.0,0.0,1.4
1777733721661797046,0.0715123295784,0.0,0.0,0.0,0.0,1.4
1777733721665736913,0.0679993093014,0.0,0.0,0.0,0.0,1.4
1777733721674134016,0.0609732687473,0.0,0.0,0.0,0.0,1.4
1777733721677936077,0.0574602484703,0.0,0.0,0.0,0.0,1.4
1777733721685895919,0.0504342079163,0.0,0.0,0.0,0.0,1.4
1777733721736269950,0.0504342079163,0.0,0.0,0.0,0.0,1.4
1777733721786283016,0.0504342079163,0.0,0.0,0.0,0.0,1.4
1777733721802486896,0.0469211906195,0.0,0.0,0.0,0.0,1.4
1777733721852313041,0.0469211906195,0.0,0.0,0.0,0.0,1.4
1777733721902797937,0.0469211906195,0.0,0.0,0.0,0.0,1.4
1777733721952809095,0.0469211906195,0.0,0.0,0.0,0.0,1.4
1777733722003135919,0.0469211906195,0.0,0.0,0.0,0.0,1.4
1777733722053144931,0.0469211906195,0.0,0.0,0.0,0.0,1.4
1777733722103236913,0.0469211906195,0.0,0.0,0.0,0.0,1.4
1777733722153175115,0.0469211906195,0.0,0.0,0.0,0.0,1.4
1777733722203358888,0.0469211906195,0.0,0.0,0.0,0.0,1.4
1777733722253245115,0.0469211906195,0.0,0.0,0.0,0.0,1.4
1777733722303440093,0.0469211906195,0.0,0.0,0.0,0.0,1.4
1777733722353718042,0.0469211906195,0.0,0.0,0.0,0.0,1.4
1777733722403697013,0.0469211906195,0.0,0.0,0.0,0.0,1.4
1777733722453684091,0.0469211906195,0.0,0.0,0.0,0.0,1.4
1777733722503407955,0.0469211906195,0.0,0.0,0.0,0.0,1.4
1777733722554027080,0.0469211906195,0.0,0.0,0.0,0.0,1.4
1777733722604007005,0.0469211906195,0.0,0.0,0.0,0.0,1.4
1777733722653940916,0.0469211906195,0.0,0.0,0.0,0.0,1.4
1777733722704188108,0.0469211906195,0.0,0.0,0.0,0.0,1.4
1777733722754419088,0.0469211906195,0.0,0.0,0.0,0.0,1.4
1777733722804528951,0.0469211906195,0.0,0.0,0.0,0.0,1.4
1777733722854846000,0.0469211906195,0.0,0.0,0.0,0.0,1.4
1777733722904542922,0.0469211906195,0.0,0.0,0.0,0.0,1.4
1777733722954999923,0.0469211906195,0.0,0.0,0.0,0.0,1.4
1777733723004911899,0.0469211906195,0.0,0.0,0.0,0.0,1.4
1777733723055041074,0.0469211906195,0.0,0.0,0.0,0.0,1.4
1777733723104969978,0.0469211906195,0.0,0.0,0.0,0.0,1.4
1777733723155381917,0.0469211906195,0.0,0.0,0.0,0.0,1.4
1777733723205764055,0.0469211906195,0.0,0.0,0.0,0.0,1.4
1777733723255647897,0.0469211906195,0.0,0.0,0.0,0.0,1.4
1777733723305125951,0.0469211906195,0.0,0.0,0.0,0.0,1.4
1777733723355813026,0.0469211906195,0.0,0.0,0.0,0.0,1.4
1777733723405839920,0.0469211906195,0.0,0.0,0.0,0.0,1.4
1777733723455979108,0.0469211906195,0.0,0.0,0.0,0.0,1.4
1777733723506040096,0.0469211906195,0.0,0.0,0.0,0.0,1.4
1777733723556143045,0.0469211906195,0.0,0.0,0.0,0.0,1.4
1777733723606365919,0.0469211906195,0.0,0.0,0.0,0.0,1.4
1777733723656663894,0.0469211906195,0.0,0.0,0.0,0.0,1.4
1777733723706362009,0.0469211906195,0.0,0.0,0.0,0.0,1.4
1777733723756601095,0.0469211906195,0.0,0.0,0.0,0.0,1.4
1777733723806776046,0.0469211906195,0.0,0.0,0.0,0.0,1.4
1777733723857027053,0.0469211906195,0.0,0.0,0.0,0.0,1.4
1777733723906913042,0.0469211906195,0.0,0.0,0.0,0.0,1.4
1777733723957068920,0.0469211906195,0.0,0.0,0.0,0.0,1.4
1777733724007119894,0.0469211906195,0.0,0.0,0.0,0.0,1.4
1777733724057293891,0.0469211906195,0.0,0.0,0.0,0.0,1.4
1777733724107372999,0.0469211906195,0.0,0.0,0.0,0.0,1.4
1777733724157533884,0.0469211906195,0.0,0.0,0.0,0.0,1.4
1777733724207614898,0.0469211906195,0.0,0.0,0.0,0.0,1.4
1777733724257858991,0.0469211906195,0.0,0.0,0.0,0.0,1.4
1777733724307797908,0.0469211906195,0.0,0.0,0.0,0.0,1.4
1777733724357988119,0.0469211906195,0.0,0.0,0.0,0.0,1.4
1777733724408112049,0.0469211906195,0.0,0.0,0.0,0.0,1.4
1777733724458319902,0.0469211906195,0.0,0.0,0.0,0.0,1.4
1777733724508454084,0.0469211906195,0.0,0.0,0.0,0.0,1.4
1777733724558626890,0.0469211906195,0.0,0.0,0.0,0.0,1.4
1777733724608645915,0.0469211906195,0.0,0.0,0.0,0.0,1.4
1777733724658608913,0.0469211906195,0.0,0.0,0.0,0.0,1.4
1777733724708899021,0.0469211906195,0.0,0.0,0.0,0.0,1.4
1777733724759243965,0.0469211906195,0.0,0.0,0.0,0.0,1.4
1777733724809294939,0.0469211906195,0.0,0.0,0.0,0.0,1.4
1777733724859482049,0.0469211906195,0.0,0.0,0.0,0.0,1.4
1777733724909198045,0.0469211906195,0.0,0.0,0.0,0.0,1.4
1777733724959613084,0.0469211906195,0.0,0.0,0.0,0.0,1.4
1777733725009819030,0.0469211906195,0.0,0.0,0.0,0.0,1.4
1777733725059989929,0.0469211906195,0.0,0.0,0.0,0.0,1.4
1777733725110064983,0.0469211906195,0.0,0.0,0.0,0.0,1.4
1777733725160080909,0.0469211906195,0.0,0.0,0.0,0.0,1.4
1777733725210192918,0.0469211906195,0.0,0.0,0.0,0.0,1.4
1777733725260459899,0.0469211906195,0.0,0.0,0.0,0.0,1.4
1777733725310445070,0.0469211906195,0.0,0.0,0.0,0.0,1.4
1777733725360817909,0.0469211906195,0.0,0.0,0.0,0.0,1.4
1777733725410738945,0.0469211906195,0.0,0.0,0.0,0.0,1.4
1777733725460952043,0.0469211906195,0.0,0.0,0.0,0.0,1.4
1777733725511131048,0.0469211906195,0.0,0.0,0.0,0.0,1.4
1777733725561291933,0.0469211906195,0.0,0.0,0.0,0.0,1.4
1777733725611372947,0.0469211906195,0.0,0.0,0.0,0.0,1.4
1777733725661628007,0.0469211906195,0.0,0.0,0.0,0.0,1.4
1777733725711694002,0.0469211906195,0.0,0.0,0.0,0.0,1.4
1777733725761910915,0.0469211906195,0.0,0.0,0.0,0.0,1.4
1777733725812103986,0.0469211906195,0.0,0.0,0.0,0.0,1.4
1777733725862021923,0.0469211906195,0.0,0.0,0.0,0.0,1.4
1777733725912256956,0.0469211906195,0.0,0.0,0.0,0.0,1.4
1777733725962322950,0.0469211906195,0.0,0.0,0.0,0.0,1.4
1777733726012468099,0.0469211906195,0.0,0.0,0.0,0.0,1.4
1777733726058533906,0.0609732687473,0.0,0.0,0.0,0.0,1.4
1777733726062278032,0.0715123295784,0.0,0.0,0.0,0.0,1.4
1777733726066531896,0.078538364172,0.0,0.0,0.0,0.0,1.4
1777733726070455074,0.0890774250031,0.0,0.0,0.0,0.0,1.4
1777733726074111938,0.0925904452801,0.0,0.0,0.0,0.0,1.4
1777733726078023910,0.103129506111,0.0,0.0,0.0,0.0,1.4
1777733726081926107,0.113682126999,0.0,0.0,0.0,0.0,1.4
1777733726085779905,0.127734208107,0.0,0.0,0.0,0.0,1.4
1777733726090019941,0.145299303532,0.0,0.0,0.0,0.0,1.4
1777733726094012975,0.155838358402,0.0,0.0,0.0,0.0,1.4
1777733726098092079,0.176916480064,0.0,0.0,0.0,0.0,1.4
1777733726101901054,0.197994589806,0.0,0.0,0.0,0.0,1.4
1777733726106020927,0.205020642281,0.0,0.0,0.0,0.0,1.3323980689
1777733726109997034,0.222585725784,0.0,0.0,0.0,0.0,1.29551137686
1777733726113938093,0.226098752022,0.0,0.0,0.0,0.0,1.25862468481
1777733726117913007,0.247176861763,0.0,0.0,0.0,0.0,1.22173799276
1777733726121822118,0.264755535126,0.0,0.0,0.0,0.0,1.17255570889
1777733726125782012,0.285833644867,0.0,0.0,0.0,0.0,1.13566901684
1777733726129839897,0.292859697342,0.0,0.0,0.0,0.0,1.07419114113
1777733726133869886,0.303398752213,0.0,0.0,0.0,0.0,1.0250089407
1777733726137684106,0.320963835716,0.0,0.0,0.0,0.0,0.963531064987
1777733726141782999,0.335015916824,0.0,0.0,0.0,0.0,0.902053189278
1777733726145714044,0.345554971695,0.0,0.0,0.0,0.0,0.840527915955
1777733726149787902,0.356094026566,0.0,0.0,0.0,0.0,0.76675453186
1777733726153971910,0.363120079041,0.0,0.0,0.0,0.0,0.705276656151
1777733726158082962,0.370146107674,0.0,0.0,0.0,0.0,0.631503230333
1777733726161962032,0.377172160149,0.0,0.0,0.0,0.0,0.5331387043
1777733726166023969,0.387711215019,0.0,0.0,0.0,0.0,0.447069728374
1777733726170130968,0.391224241257,0.0,0.0,0.0,0.0,0.373296302557
1777733726173922061,0.4,0.0,0.0,0.0,0.0,0.299475416541
1777733726177853107,0.4,0.0,0.0,0.0,0.0,0.213406440616
1777733726181863069,0.4,0.0,0.0,0.0,0.0,0.115041893721
1777733726185972929,0.4,0.0,0.0,0.0,0.0,0.0412684861571
1777733726189812898,0.4,0.0,0.0,0.0,0.0,-0.0
1777733726193943023,0.4,0.0,0.0,0.0,0.0,-0.0
1777733726198096990,0.4,0.0,0.0,0.0,0.0,-0.0
1777733726248717069,0.4,0.0,0.0,0.0,0.0,-0.0
1777733726298393964,0.4,0.0,0.0,0.0,0.0,-0.0
1777733726348779916,0.4,0.0,0.0,0.0,0.0,-0.0
1777733726398891925,0.4,0.0,0.0,0.0,0.0,-0.0
1777733726449158906,0.4,0.0,0.0,0.0,0.0,-0.0
1777733726499226093,0.4,0.0,0.0,0.0,0.0,-0.0
1777733726549154996,0.4,0.0,0.0,0.0,0.0,-0.0
1777733726599647045,0.4,0.0,0.0,0.0,0.0,-0.0
1777733726638461112,0.4,0.0,0.0,0.0,0.0,-0.0
1777733726646569967,0.4,0.0,0.0,0.0,0.0,-0.0
1777733726654284954,0.4,0.0,0.0,0.0,0.0,-0.0
1777733726658428907,0.4,0.0,0.0,0.0,0.0,-0.0
1777733726666176080,0.4,0.0,0.0,0.0,0.0,-0.0
1777733726674271106,0.4,0.0,0.0,0.0,0.0,-0.0
1777733726678164005,0.4,0.0,0.0,0.0,0.0,0.00438177976757
1777733726682188034,0.4,0.0,0.0,0.0,0.0,0.0166773481295
1777733726690197944,0.4,0.0,0.0,0.0,0.0,0.0412684861571
1777733726694225072,0.4,0.0,0.0,0.0,0.0,0.0658596202731
1777733726697776079,0.4,0.0,0.0,0.0,0.0,0.0781551912427
1777733726701986074,0.4,0.0,0.0,0.0,0.0,0.102746322751
1777733726710015058,0.4,0.0,0.0,0.0,0.0,0.115041893721
1777733726713917016,0.4,0.0,0.0,0.0,0.0,0.13963303566
1777733726718031883,0.4,0.0,0.0,0.0,0.0,0.151928596199
1777733726726011991,0.4,0.0,0.0,0.0,0.0,0.176519727707
1777733726733994007,0.4,0.0,0.0,0.0,0.0,0.201110869646
1777733726746347904,0.4,0.0,0.0,0.0,0.0,0.213406440616
1777733726754482030,0.4,0.0,0.0,0.0,0.0,0.237997582555
1777733726762346029,0.4,0.0,0.0,0.0,0.0,0.250293153524
1777733726766305923,0.4,0.0,0.0,0.0,0.0,0.274884274602
1777733726770270109,0.4,0.0,0.0,0.0,0.0,0.299475416541
1777733726778405904,0.4,0.0,0.0,0.0,0.0,0.311770987511
1777733726790136098,0.4,0.0,0.0,0.0,0.0,0.33636212945
1777733726802493095,0.4,0.0,0.0,0.0,0.0,0.348657700419
1777733726852418899,0.4,0.0,0.0,0.0,0.0,0.348657700419
1777733726854017019,0.4,0.0,0.0,0.0,0.0,0.373296302557
1777733726904624938,0.4,0.0,0.0,0.0,0.0,0.373296302557
1777733726954627037,0.4,0.0,0.0,0.0,0.0,0.373296302557
1777733727002600908,0.4,0.0,0.0,0.0,0.0,0.397887444496
1777733727010452032,0.4,0.0,0.0,0.0,0.0,0.410182994604
1777733727014143943,0.4,0.0,0.0,0.0,0.0,0.434774136543
1777733727018063068,0.387711215019,0.0,0.0,0.0,0.0,0.434774136543
1777733727021977901,0.387711215019,0.0,0.0,0.0,0.0,0.447069728374
1777733727026186943,0.387711215019,0.0,0.0,0.0,0.0,0.471660870314
1777733727076628923,0.387711215019,0.0,0.0,0.0,0.0,0.471660870314
1777733727126693964,0.387711215019,0.0,0.0,0.0,0.0,0.471660870314
1777733727176839113,0.387711215019,0.0,0.0,0.0,0.0,0.471660870314
1777733727226913928,0.387711215019,0.0,0.0,0.0,0.0,0.471660870314
1777733727246503114,0.387711215019,0.0,0.0,0.0,0.0,0.410182994604
1777733727254446983,0.387711215019,0.0,0.0,0.0,0.0,0.397887444496
1777733727266352891,0.387711215019,0.0,0.0,0.0,0.0,0.373296302557
1777733727270108938,0.4,0.0,0.0,0.0,0.0,0.373296302557
1777733727273802995,0.4,0.0,0.0,0.0,0.0,0.348657700419
1777733727286286115,0.4,0.0,0.0,0.0,0.0,0.33636212945
1777733727294285058,0.4,0.0,0.0,0.0,0.0,0.311770987511
1777733727306289911,0.4,0.0,0.0,0.0,0.0,0.299475416541
1777733727350516080,0.4,0.0,0.0,0.0,0.0,0.250293153524
1777733727354248046,0.4,0.0,0.0,0.0,0.0,0.0781551912427
1777733727362709999,0.4,0.0,0.0,0.0,0.0,0.0658596202731
1777733727366178989,0.4,0.0,0.0,0.0,0.0,0.0412684861571
1777733727370273113,0.4,0.0,0.0,0.0,0.0,0.0166773481295
1777733727382371902,0.4,0.0,0.0,0.0,0.0,0.00438177976757
1777733727386210918,0.4,0.0,0.0,0.0,0.0,-0.0
1777733727398283958,0.4,0.0,0.0,0.0,0.0,-0.0
1777733727410376071,0.4,0.0,0.0,0.0,0.0,-0.0
1777733727418565034,0.4,0.0,0.0,0.0,0.0,-0.0
1777733727422221899,0.4,0.0,0.0,0.0,0.0,-0.0
1777733727430062055,0.4,0.0,0.0,0.0,0.0,-0.0
1777733727438249111,0.4,0.0,0.0,0.0,0.0,-0.0
1777733727446708917,0.4,0.0,0.0,0.0,0.0,-0.0
1777733727458570957,0.4,0.0,0.0,0.0,0.0,-0.0
1777733727508595943,0.4,0.0,0.0,0.0,0.0,-0.0
1777733727558813095,0.4,0.0,0.0,0.0,0.0,-0.0
1777733727609019994,0.4,0.0,0.0,0.0,0.0,-0.0
1777733727658982038,0.4,0.0,0.0,0.0,0.0,-0.0
1777733727709285020,0.4,0.0,0.0,0.0,0.0,-0.0
1777733727759191989,0.4,0.0,0.0,0.0,0.0,-0.0
1777733727798472881,0.4,0.0,0.0,0.0,0.0,-0.0
1777733727806298017,0.4,0.0,0.0,0.0,0.0,-0.0
1777733727818428993,0.4,0.0,0.0,0.0,0.0,-0.0
1777733727830519914,0.4,0.0,0.0,0.0,0.0,-0.0
1777733727880686044,0.4,0.0,0.0,0.0,0.0,-0.0
1777733727930677890,0.4,0.0,0.0,0.0,0.0,-0.0
1777733727980890035,0.4,0.0,0.0,0.0,0.0,-0.0
1777733728030910968,0.4,0.0,0.0,0.0,0.0,-0.0
1777733728081190109,0.4,0.0,0.0,0.0,0.0,-0.0
1777733728131251096,0.4,0.0,0.0,0.0,0.0,-0.0
1777733728181416034,0.4,0.0,0.0,0.0,0.0,-0.0
1777733728218405961,0.4,0.0,0.0,0.0,0.0,-0.0
1777733728230804920,0.4,0.0,0.0,0.0,0.0,-0.0
1777733728262634992,0.4,0.0,0.0,0.0,0.0,-0.0
1777733728266211032,0.4,0.0,0.0,0.0,0.0,-0.00428683329374
1777733728270176887,0.4,0.0,0.0,0.0,0.0,-0.0288779713213
1777733728278225898,0.4,0.0,0.0,0.0,0.0,-0.0411735396832
1777733728302710056,0.4,0.0,0.0,0.0,0.0,-0.0657646737993
1777733728352567911,0.4,0.0,0.0,0.0,0.0,-0.0657646737993
1777733728374501943,0.4,0.0,0.0,0.0,0.0,-0.0780602447689
1777733728378266096,0.4,0.0,0.0,0.0,0.0,-0.102651381493
1777733728382241010,0.4,0.0,0.0,0.0,0.0,-0.114946952462
1777733728385941028,0.4,0.0,0.0,0.0,0.0,-0.139538083971
1777733728398660898,0.4,0.0,0.0,0.0,0.0,-0.16412922591
1777733728406198024,0.4,0.0,0.0,0.0,0.0,-0.176424786448
1777733728414450883,0.4,0.0,0.0,0.0,0.0,-0.201015928388
1777733728418240070,0.4,0.0,0.0,0.0,0.0,-0.213311499357
1777733728468739032,0.4,0.0,0.0,0.0,0.0,-0.213311499357
1777733728518814086,0.4,0.0,0.0,0.0,0.0,-0.213311499357
1777733728568855047,0.4,0.0,0.0,0.0,0.0,-0.213311499357
1777733728582158088,0.4,0.0,0.0,0.0,0.0,-0.237902641296
1777733728632597923,0.4,0.0,0.0,0.0,0.0,-0.237902641296
1777733728682442903,0.4,0.0,0.0,0.0,0.0,-0.237902641296
1777733728732673883,0.4,0.0,0.0,0.0,0.0,-0.237902641296
1777733728782931089,0.4,0.0,0.0,0.0,0.0,-0.237902641296
1777733728833106040,0.4,0.0,0.0,0.0,0.0,-0.237902641296
1777733728883327007,0.4,0.0,0.0,0.0,0.0,-0.237902641296
1777733728933229923,0.4,0.0,0.0,0.0,0.0,-0.237902641296
1777733728954379081,0.4,0.0,0.0,0.0,0.0,-0.176424786448
1777733728958334922,0.4,0.0,0.0,0.0,0.0,-0.16412922591
1777733728962316036,0.4,0.0,0.0,0.0,0.0,-0.139538083971
1777733728965991020,0.4,0.0,0.0,0.0,0.0,-0.114946952462
1777733728970196008,0.4,0.0,0.0,0.0,0.0,-0.102651381493
1777733728973897933,0.4,0.0,0.0,0.0,0.0,-0.0657646737993
1777733728977863073,0.4,0.0,0.0,0.0,0.0,-0.0411735396832
1777733728982043981,0.4,0.0,0.0,0.0,0.0,-0.0288779713213
1777733728986208915,0.4,0.0,0.0,0.0,0.0,-0.00428683329374
1777733728989905118,0.4,0.0,0.0,0.0,0.0,-0.0
1777733728993819952,0.4,0.0,0.0,0.0,0.0,-0.0
1777733728997909069,0.4,0.0,0.0,0.0,0.0,-0.0
1777733729001921892,0.4,0.0,0.0,0.0,0.0,-0.0
1777733729005902051,0.4,0.0,0.0,0.0,0.0,-0.0
1777733729014117002,0.4,0.0,0.0,0.0,0.0,-0.0
1777733729018127918,0.4,0.0,0.0,0.0,0.0,-0.0
1777733729068728923,0.4,0.0,0.0,0.0,0.0,-0.0
1777733729086532115,0.4,0.0,0.0,0.0,0.0,-0.0
1777733729094027042,0.4,0.0,0.0,0.0,0.0,-0.0
1777733729097995996,0.4,0.0,0.0,0.0,0.0,-0.0
1777733729106194972,0.4,0.0,0.0,0.0,0.0,-0.0
1777733729114059925,0.4,0.0,0.0,0.0,0.0,-0.0
1777733729134253978,0.4,0.0,0.0,0.0,0.0,-0.0
1777733729138155937,0.4,0.0,0.0,0.0,0.0,-0.0
1777733729154685020,0.4,0.0,0.0,0.0,0.0,0.00438177976757
1777733729186480045,0.4,0.0,0.0,0.0,0.0,0.0166773481295
1777733729236639022,0.4,0.0,0.0,0.0,0.0,0.0166773481295
1777733729286381006,0.4,0.0,0.0,0.0,0.0,0.0166773481295
1777733729336716890,0.4,0.0,0.0,0.0,0.0,0.0166773481295
1777733729386784076,0.4,0.0,0.0,0.0,0.0,0.0166773481295
1777733729437036037,0.4,0.0,0.0,0.0,0.0,0.0166773481295
1777733729486900091,0.4,0.0,0.0,0.0,0.0,0.0166773481295
1777733729537251949,0.4,0.0,0.0,0.0,0.0,0.0166773481295
1777733729587228059,0.4,0.0,0.0,0.0,0.0,0.0166773481295
1777733729637456893,0.4,0.0,0.0,0.0,0.0,0.0166773481295
1777733729687573909,0.4,0.0,0.0,0.0,0.0,0.0166773481295
1777733729738208055,0.4,0.0,0.0,0.0,0.0,0.0166773481295
1777733729787839889,0.4,0.0,0.0,0.0,0.0,0.0166773481295
1777733729838203907,0.4,0.0,0.0,0.0,0.0,0.0166773481295
1777733729888183116,0.4,0.0,0.0,0.0,0.0,0.0166773481295
1777733729938275098,0.4,0.0,0.0,0.0,0.0,0.0166773481295
1777733729988503932,0.4,0.0,0.0,0.0,0.0,0.0166773481295
1777733730038758039,0.4,0.0,0.0,0.0,0.0,0.0166773481295
1777733730088764905,0.4,0.0,0.0,0.0,0.0,0.0166773481295
1777733730138967037,0.4,0.0,0.0,0.0,0.0,0.0166773481295
1777733730188735008,0.4,0.0,0.0,0.0,0.0,0.0166773481295
1777733730239475965,0.4,0.0,0.0,0.0,0.0,0.0166773481295
1777733730288947105,0.4,0.0,0.0,0.0,0.0,0.0166773481295
1777733730339553117,0.4,0.0,0.0,0.0,0.0,0.0166773481295
1777733730389341115,0.4,0.0,0.0,0.0,0.0,0.0166773481295
1777733730439668893,0.4,0.0,0.0,0.0,0.0,0.0166773481295
1777733730489545106,0.4,0.0,0.0,0.0,0.0,0.0166773481295
1777733730539894104,0.4,0.0,0.0,0.0,0.0,0.0166773481295
1777733730589637041,0.4,0.0,0.0,0.0,0.0,0.0166773481295
1777733730640435934,0.4,0.0,0.0,0.0,0.0,0.0166773481295
1777733730690488100,0.4,0.0,0.0,0.0,0.0,0.0166773481295
1777733730740588903,0.4,0.0,0.0,0.0,0.0,0.0166773481295
1777733730790484905,0.4,0.0,0.0,0.0,0.0,0.0166773481295
1777733730840773105,0.4,0.0,0.0,0.0,0.0,0.0166773481295
1777733730890932083,0.4,0.0,0.0,0.0,0.0,0.0166773481295
1777733730940892934,0.4,0.0,0.0,0.0,0.0,0.0166773481295
1777733730990710020,0.4,0.0,0.0,0.0,0.0,0.0166773481295
1777733731040920972,0.4,0.0,0.0,0.0,0.0,0.0166773481295
1777733731090756893,0.4,0.0,0.0,0.0,0.0,0.0166773481295
1777733731141566038,0.4,0.0,0.0,0.0,0.0,0.0166773481295
1777733731191247940,0.4,0.0,0.0,0.0,0.0,0.0166773481295
1777733731241580009,0.4,0.0,0.0,0.0,0.0,0.0166773481295
1777733731291352033,0.4,0.0,0.0,0.0,0.0,0.0166773481295
1777733731341876983,0.4,0.0,0.0,0.0,0.0,0.0166773481295
1777733731391658067,0.4,0.0,0.0,0.0,0.0,0.0166773481295
1777733731441941976,0.4,0.0,0.0,0.0,0.0,0.0166773481295
1777733731491918087,0.4,0.0,0.0,0.0,0.0,0.0166773481295
1777733731542227983,0.4,0.0,0.0,0.0,0.0,0.0166773481295
1777733731592487096,0.4,0.0,0.0,0.0,0.0,0.0166773481295
1777733731642641067,0.4,0.0,0.0,0.0,0.0,0.0166773481295
1777733731692547082,0.4,0.0,0.0,0.0,0.0,0.0166773481295
1777733731742860078,0.4,0.0,0.0,0.0,0.0,0.0166773481295
1777733731793091058,0.4,0.0,0.0,0.0,0.0,0.0166773481295
1777733731843324899,0.4,0.0,0.0,0.0,0.0,0.0166773481295
1777733731893333911,0.4,0.0,0.0,0.0,0.0,0.0166773481295
1777733731943490982,0.4,0.0,0.0,0.0,0.0,0.0166773481295
1777733731993685007,0.4,0.0,0.0,0.0,0.0,0.0166773481295
1777733732043729066,0.4,0.0,0.0,0.0,0.0,0.0166773481295
1777733732093703031,0.4,0.0,0.0,0.0,0.0,0.0166773481295
1777733732144160032,0.4,0.0,0.0,0.0,0.0,0.0166773481295
1777733732193977117,0.4,0.0,0.0,0.0,0.0,0.0166773481295
1777733732244345903,0.4,0.0,0.0,0.0,0.0,0.0166773481295
1777733732294080972,0.4,0.0,0.0,0.0,0.0,0.0166773481295
1777733732344477891,0.4,0.0,0.0,0.0,0.0,0.0166773481295
1777733732394578933,0.4,0.0,0.0,0.0,0.0,0.0166773481295
1777733732444840908,0.4,0.0,0.0,0.0,0.0,0.0166773481295
1777733732494982957,0.4,0.0,0.0,0.0,0.0,0.0166773481295
1777733732545039892,0.4,0.0,0.0,0.0,0.0,0.0166773481295
1777733732595269918,0.4,0.0,0.0,0.0,0.0,0.0166773481295
1777733732645840883,0.4,0.0,0.0,0.0,0.0,0.0166773481295
1777733732695511102,0.4,0.0,0.0,0.0,0.0,0.0166773481295
1777733732745599985,0.4,0.0,0.0,0.0,0.0,0.0166773481295
1777733732795770883,0.4,0.0,0.0,0.0,0.0,0.0166773481295
1777733732845954895,0.4,0.0,0.0,0.0,0.0,0.0166773481295
1777733732896064043,0.4,0.0,0.0,0.0,0.0,0.0166773481295
1777733732946181058,0.4,0.0,0.0,0.0,0.0,0.0166773481295
1777733732996104955,0.4,0.0,0.0,0.0,0.0,0.0166773481295
1777733733046524047,0.4,0.0,0.0,0.0,0.0,0.0166773481295
1777733733096751928,0.4,0.0,0.0,0.0,0.0,0.0166773481295
1777733733146681070,0.4,0.0,0.0,0.0,0.0,0.0166773481295
1777733733196659088,0.4,0.0,0.0,0.0,0.0,0.0166773481295
1777733733246997117,0.4,0.0,0.0,0.0,0.0,0.0166773481295
1777733733297247886,0.4,0.0,0.0,0.0,0.0,0.0166773481295
1777733733347012996,0.4,0.0,0.0,0.0,0.0,0.0166773481295
1777733733396853923,0.4,0.0,0.0,0.0,0.0,0.0166773481295
1777733733447469949,0.4,0.0,0.0,0.0,0.0,0.0166773481295
1777733733497447013,0.4,0.0,0.0,0.0,0.0,0.0166773481295
1777733733547775983,0.4,0.0,0.0,0.0,0.0,0.0166773481295
1777733733597839117,0.4,0.0,0.0,0.0,0.0,0.0166773481295
1777733733647941112,0.4,0.0,0.0,0.0,0.0,0.0166773481295
1777733733698322057,0.4,0.0,0.0,0.0,0.0,0.0166773481295
1777733733748265027,0.4,0.0,0.0,0.0,0.0,0.0166773481295
1777733733798541069,0.4,0.0,0.0,0.0,0.0,0.0166773481295
1777733733848545074,0.4,0.0,0.0,0.0,0.0,0.0166773481295
1777733733898746013,0.4,0.0,0.0,0.0,0.0,0.0166773481295
1777733733948662042,0.4,0.0,0.0,0.0,0.0,0.0166773481295
1777733733998651027,0.4,0.0,0.0,0.0,0.0,0.0166773481295
1777733734049020051,0.4,0.0,0.0,0.0,0.0,0.0166773481295
1777733734099189043,0.4,0.0,0.0,0.0,0.0,0.0166773481295
1777733734149226903,0.4,0.0,0.0,0.0,0.0,0.0166773481295
1777733734199799060,0.4,0.0,0.0,0.0,0.0,0.0166773481295
1777733734250026941,0.4,0.0,0.0,0.0,0.0,0.0166773481295
1777733734300072908,0.4,0.0,0.0,0.0,0.0,0.0166773481295
1777733734350326061,0.4,0.0,0.0,0.0,0.0,0.0166773481295
1777733734400357007,0.4,0.0,0.0,0.0,0.0,0.0166773481295
1777733734450603008,0.4,0.0,0.0,0.0,0.0,0.0166773481295
1777733734500638961,0.4,0.0,0.0,0.0,0.0,0.0166773481295
1777733734550863027,0.4,0.0,0.0,0.0,0.0,0.0166773481295
1777733734600848913,0.4,0.0,0.0,0.0,0.0,0.0166773481295
1777733734651041984,0.4,0.0,0.0,0.0,0.0,0.0166773481295
1777733734701343059,0.4,0.0,0.0,0.0,0.0,0.0166773481295
1777733734751189947,0.4,0.0,0.0,0.0,0.0,0.0166773481295
1777733734801757097,0.4,0.0,0.0,0.0,0.0,0.0166773481295
1777733734851605892,0.4,0.0,0.0,0.0,0.0,0.0166773481295
1777733734902097940,0.4,0.0,0.0,0.0,0.0,0.0166773481295
1777733734951976060,0.4,0.0,0.0,0.0,0.0,0.0166773481295
1777733735002146959,0.4,0.0,0.0,0.0,0.0,0.0166773481295
1777733735052125930,0.4,0.0,0.0,0.0,0.0,0.0166773481295
1777733735102296113,0.4,0.0,0.0,0.0,0.0,0.0166773481295
1777733735152188062,0.4,0.0,0.0,0.0,0.0,0.0166773481295
1777733735202738046,0.4,0.0,0.0,0.0,0.0,0.0166773481295
1777733735252295017,0.4,0.0,0.0,0.0,0.0,0.0166773481295
1777733735302932024,0.4,0.0,0.0,0.0,0.0,0.0166773481295
1777733735352943897,0.4,0.0,0.0,0.0,0.0,0.0166773481295
1777733735402880907,0.4,0.0,0.0,0.0,0.0,0.0166773481295
1777733735453144073,0.4,0.0,0.0,0.0,0.0,0.0166773481295
1777733735503206014,0.4,0.0,0.0,0.0,0.0,0.0166773481295
1777733735553492069,0.4,0.0,0.0,0.0,0.0,0.0166773481295
1777733735603634119,0.4,0.0,0.0,0.0,0.0,0.0166773481295
1777733735653769969,0.4,0.0,0.0,0.0,0.0,0.0166773481295
1777733735703969001,0.4,0.0,0.0,0.0,0.0,0.0166773481295
1777733735753987073,0.4,0.0,0.0,0.0,0.0,0.0166773481295
1777733735804075956,0.4,0.0,0.0,0.0,0.0,0.0166773481295
1777733735810269117,0.4,0.0,0.0,0.0,0.0,-0.0
1777733735830444097,0.4,0.0,0.0,0.0,0.0,-0.0
1777733735838185071,0.4,0.0,0.0,0.0,0.0,-0.0
1777733735846179008,0.4,0.0,0.0,0.0,0.0,-0.0
1777733735854351043,0.4,0.0,0.0,0.0,0.0,-0.0
1777733735878247976,0.4,0.0,0.0,0.0,0.0,-0.0
1777733735928644895,0.4,0.0,0.0,0.0,0.0,-0.0
1777733735954296112,0.4,0.0,0.0,0.0,0.0,-0.0
1777733735978292942,0.4,0.0,0.0,0.0,0.0,-0.0
1777733736028358936,0.4,0.0,0.0,0.0,0.0,-0.0
1777733736078594923,0.4,0.0,0.0,0.0,0.0,-0.0
1777733736128683090,0.4,0.0,0.0,0.0,0.0,-0.0
1777733736178767919,0.4,0.0,0.0,0.0,0.0,-0.0
1777733736228787899,0.4,0.0,0.0,0.0,0.0,-0.0
1777733736278944969,0.4,0.0,0.0,0.0,0.0,-0.0
1777733736328814029,0.4,0.0,0.0,0.0,0.0,-0.0
1777733736334228992,0.4,0.0,0.0,0.0,0.0,-0.0288779713213
1777733736338152885,0.4,0.0,0.0,0.0,0.0,-0.102651381493
1777733736342266082,0.4,0.0,0.0,0.0,0.0,-0.139538083971
1777733736346368074,0.4,0.0,0.0,0.0,0.0,-0.16412922591
1777733736350087881,0.4,0.0,0.0,0.0,0.0,-0.176424786448
1777733736354376077,0.4,0.0,0.0,0.0,0.0,-0.213311499357
1777733736361867904,0.4,0.0,0.0,0.0,0.0,-0.237902641296
1777733736365827083,0.4,0.0,0.0,0.0,0.0,-0.274789333344
1777733736378145933,0.4,0.0,0.0,0.0,0.0,-0.287084904313
1777733736381969928,0.4,0.0,0.0,0.0,0.0,-0.311676046252
1777733736406352996,0.4,0.0,0.0,0.0,0.0,-0.323971617222
1777733736418267011,0.4,0.0,0.0,0.0,0.0,-0.348562738299
1777733736426151037,0.4,0.0,0.0,0.0,0.0,-0.360858309269
1777733736430023908,0.4,0.0,0.0,0.0,0.0,-0.385496932268
1777733736437896966,0.4,0.0,0.0,0.0,0.0,-0.397792482376
1777733736446312904,0.4,0.0,0.0,0.0,0.0,-0.422383624315
1777733736450309038,0.4,0.0,0.0,0.0,0.0,-0.446974766254
1777733736454294919,0.4,0.0,0.0,0.0,0.0,-0.459270316362
1777733736458328962,0.4,0.0,0.0,0.0,0.0,-0.496157050133
1777733736462219953,0.4,0.0,0.0,0.0,0.0,-0.520748192072
1777733736465899944,0.387711215019,0.0,0.0,0.0,0.0,-0.557634884119
1777733736470297098,0.387711215019,0.0,0.0,0.0,0.0,-0.569930434227
1777733736473880052,0.380685162544,0.0,0.0,0.0,0.0,-0.594521576166
1777733736477781057,0.380685162544,0.0,0.0,0.0,0.0,-0.606817167997
1777733736481894969,0.377172160149,0.0,0.0,0.0,0.0,-0.643703860044
1777733736486093997,0.377172160149,0.0,0.0,0.0,0.0,-0.680590552092
1777733736490246057,0.370146107674,0.0,0.0,0.0,0.0,-0.705181694031
1777733736502562999,0.370146107674,0.0,0.0,0.0,0.0,-0.717477285862
1777733736506253957,0.366633105278,0.0,0.0,0.0,0.0,-0.76665956974
1777733736510010004,0.363120079041,0.0,0.0,0.0,0.0,-0.76665956974
1777733736513951063,0.363120079041,0.0,0.0,0.0,0.0,-0.778955078125
1777733736518167972,0.363120079041,0.0,0.0,0.0,0.0,-0.803546261787
1777733736522097110,0.356094026566,0.0,0.0,0.0,0.0,-0.815841853619
1777733736530541896,0.35258102417,0.0,0.0,0.0,0.0,-0.840432953835
1777733736534261941,0.35258102417,0.0,0.0,0.0,0.0,-0.852728545666
1777733736538328886,0.345554971695,0.0,0.0,0.0,0.0,-0.877319645882
1777733736550621986,0.342041969299,0.0,0.0,0.0,0.0,-0.889615237713
1777733736558645009,0.342041969299,0.0,0.0,0.0,0.0,-0.914253818989
1777733736566276073,0.342041969299,0.0,0.0,0.0,0.0,-0.92654941082
1777733736570245027,0.335015916824,0.0,0.0,0.0,0.0,-0.92654941082
1777733736574265003,0.335015916824,0.0,0.0,0.0,0.0,-0.951140511036
1777733736586329936,0.331502890587,0.0,0.0,0.0,0.0,-0.963436102867
1777733736590154886,0.324476861954,0.0,0.0,0.0,0.0,-0.98802728653
1777733736594319105,0.320963835716,0.0,0.0,0.0,0.0,-0.98802728653
1777733736602461099,0.313937807083,0.0,0.0,0.0,0.0,-1.00032279491
1777733736626142024,0.310424780846,0.0,0.0,0.0,0.0,-1.00032279491
1777733736676244974,0.310424780846,0.0,0.0,0.0,0.0,-1.00032279491
1777733736726888895,0.310424780846,0.0,0.0,0.0,0.0,-1.00032279491
1777733736776930093,0.310424780846,0.0,0.0,0.0,0.0,-1.00032279491
1777733736826812028,0.310424780846,0.0,0.0,0.0,0.0,-1.00032279491
1777733736876959085,0.310424780846,0.0,0.0,0.0,0.0,-1.00032279491
1777733736927186012,0.310424780846,0.0,0.0,0.0,0.0,-1.00032279491
1777733736977159976,0.310424780846,0.0,0.0,0.0,0.0,-1.00032279491
1777733737027225971,0.310424780846,0.0,0.0,0.0,0.0,-1.00032279491
1777733737077413082,0.310424780846,0.0,0.0,0.0,0.0,-1.00032279491
1777733737127675056,0.310424780846,0.0,0.0,0.0,0.0,-1.00032279491
1777733737177902936,0.310424780846,0.0,0.0,0.0,0.0,-1.00032279491
1777733737227761030,0.310424780846,0.0,0.0,0.0,0.0,-1.00032279491
1777733737278170108,0.310424780846,0.0,0.0,0.0,0.0,-1.00032279491
1777733737328082084,0.310424780846,0.0,0.0,0.0,0.0,-1.00032279491
1777733737378036975,0.310424780846,0.0,0.0,0.0,0.0,-1.00032279491
1777733737428136110,0.310424780846,0.0,0.0,0.0,0.0,-1.00032279491
1777733737478264093,0.310424780846,0.0,0.0,0.0,0.0,-1.00032279491
1777733737528481006,0.310424780846,0.0,0.0,0.0,0.0,-1.00032279491
1777733737578708887,0.310424780846,0.0,0.0,0.0,0.0,-1.00032279491
1777733737628911018,0.310424780846,0.0,0.0,0.0,0.0,-1.00032279491
1777733737678905963,0.310424780846,0.0,0.0,0.0,0.0,-1.00032279491
1777733737729135036,0.310424780846,0.0,0.0,0.0,0.0,-1.00032279491
1777733737779299974,0.310424780846,0.0,0.0,0.0,0.0,-1.00032279491
1777733737829147100,0.310424780846,0.0,0.0,0.0,0.0,-1.00032279491
1777733737879726886,0.310424780846,0.0,0.0,0.0,0.0,-1.00032279491
1777733737929606914,0.310424780846,0.0,0.0,0.0,0.0,-1.00032279491
1777733737979809999,0.310424780846,0.0,0.0,0.0,0.0,-1.00032279491
1777733737986382007,0.292859697342,0.0,0.0,0.0,0.0,-1.09868736267
1777733737998403072,0.292859697342,0.0,0.0,0.0,0.0,-1.12327846289
1777733738002270936,0.278807616234,0.0,0.0,0.0,0.0,-1.13557405472
1777733738010473012,0.264755535126,0.0,0.0,0.0,0.0,-1.13557405472
1777733738014414072,0.254216480255,0.0,0.0,0.0,0.0,-1.13557405472
1777733738018430948,0.243663859367,0.0,0.0,0.0,0.0,-1.13557405472
1777733738022016048,0.233124780655,0.0,0.0,0.0,0.0,-1.13557405472
1777733738026025056,0.222585725784,0.0,0.0,0.0,0.0,-1.13557405472
1777733738029942989,0.215559697151,0.0,0.0,0.0,0.0,-1.13557405472
1777733738038516998,0.201507616043,0.0,0.0,0.0,0.0,-1.13557405472
1777733738042236089,0.16989043951,0.0,0.0,0.0,0.0,-1.06180067062
1777733738046024084,0.148812317848,0.0,0.0,0.0,0.0,-1.02491397858
1777733738050014972,0.134760248661,0.0,0.0,0.0,0.0,-1.00032279491
1777733738054064035,0.113682126999,0.0,0.0,0.0,0.0,-0.98802728653
1777733738058011054,0.0925904452801,0.0,0.0,0.0,0.0,-0.98802728653
1777733738066071033,0.0574602484703,0.0,0.0,0.0,0.0,-0.951140511036
1777733738070270061,0.0258430749178,0.0,0.0,0.0,0.0,-0.92654941082
1777733738074340105,0.00476495660841,0.0,0.0,0.0,0.0,-0.889615237713
1777733738078434944,-0.0,0.0,0.0,0.0,0.0,-0.852728545666
1777733738081904888,-0.0,0.0,0.0,0.0,0.0,-0.815841853619
1777733738085855960,-0.0,0.0,0.0,0.0,0.0,-0.778955078125
1777733738089922904,-0.0,0.0,0.0,0.0,0.0,-0.717477285862
1777733738098505020,-0.0,0.0,0.0,0.0,0.0,-0.594521576166
1777733738102317094,-0.0,0.0,0.0,0.0,0.0,-0.459270316362
1777733738114207983,-0.0,0.0,0.0,0.0,0.0,-0.385496932268
1777733738118083000,-0.0,0.0,0.0,0.0,0.0,-0.213311499357
1777733738121810913,-0.0,0.0,0.0,0.0,0.0,-0.114946952462
1777733738125895977,-0.0,0.0,0.0,0.0,0.0,-0.00428683329374
1777733738129981040,-0.0,0.0,0.0,0.0,0.0,-0.0
1777733738134037971,-0.0,0.0,0.0,0.0,0.0,-0.0
1777733738154540061,-0.0,0.0,0.0,0.0,0.0,-0.0
1777733738158356904,-0.0,0.0,0.0,0.0,0.0,-0.0
1777733738162450075,-0.0,0.0,0.0,0.0,0.0,-0.0
1777733738166059970,-0.0,0.0,0.0,0.0,0.0,-0.0
1777733738174161911,-0.0117638684809,0.0,0.0,0.0,0.0,-0.0
1777733738178462028,-0.0223029270768,0.0,0.0,0.0,0.0,-0.0
1777733738181972026,-0.0293289661407,0.0,0.0,0.0,0.0,-0.0
1777733738185961961,-0.0504070818424,0.0,0.0,0.0,0.0,-0.0
1777733738198641061,-0.0679721832275,0.0,0.0,0.0,0.0,0.0166773481295
1777733738202425956,-0.117168021202,0.0,0.0,0.0,0.0,0.102746322751
1777733738206482887,-0.134733116627,0.0,0.0,0.0,0.0,0.115041893721
1777733738210370063,-0.155811238289,0.0,0.0,0.0,0.0,0.13963303566
1777733738218178987,-0.169863307476,0.0,0.0,0.0,0.0,0.151928596199
1777733738222028017,-0.190941429138,0.0,0.0,0.0,0.0,0.176519727707
1777733738225836992,-0.212019538879,0.0,0.0,0.0,0.0,0.201110869646
1777733738229863882,-0.229584646225,0.0,0.0,0.0,0.0,0.213406440616
1777733738233848094,-0.247149729729,0.0,0.0,0.0,0.0,0.213406440616
1777733738237951993,-0.268241429329,0.0,0.0,0.0,0.0,0.237997582555
1777733738246186017,-0.313910675049,0.0,0.0,0.0,0.0,0.237997582555
1777733738250071048,-0.370118999481,0.0,0.0,0.0,0.0,0.250293153524
1777733738257900953,-0.391197109222,0.0,0.0,0.0,0.0,0.250293153524
1777733738261853933,-0.4,0.0,0.0,0.0,0.0,0.250293153524
1777733738312555074,-0.4,0.0,0.0,0.0,0.0,0.250293153524
1777733738362808942,-0.4,0.0,0.0,0.0,0.0,0.250293153524
1777733738412851095,-0.4,0.0,0.0,0.0,0.0,0.250293153524
1777733738450308084,-0.4,0.0,0.0,0.0,0.0,0.471660870314
1777733738458178043,-0.4,0.0,0.0,0.0,0.0,0.508547562361
1777733738461905956,-0.4,0.0,0.0,0.0,0.0,0.5331387043
1777733738465713024,-0.4,0.0,0.0,0.0,0.0,0.545434254408
1777733738478437900,-0.4,0.0,0.0,0.0,0.0,0.570025396347
1777733738494381904,-0.387684082985,0.0,0.0,0.0,0.0,0.631503230333
1777733738506201982,-0.380658054352,0.0,0.0,0.0,0.0,0.668389964104
1777733738510149955,-0.377145028114,0.0,0.0,0.0,0.0,0.69298106432
1777733738522151947,-0.377145028114,0.0,0.0,0.0,0.0,0.705276656151
1777733738530221939,-0.377145028114,0.0,0.0,0.0,0.0,0.729867756367
1777733738542334079,-0.370118999481,0.0,0.0,0.0,0.0,0.729867756367
1777733738550379037,-0.370118999481,0.0,0.0,0.0,0.0,0.742163348198
1777733738600497007,-0.370118999481,0.0,0.0,0.0,0.0,0.742163348198
1777733738650657892,-0.370118999481,0.0,0.0,0.0,0.0,0.742163348198
1777733738700695037,-0.370118999481,0.0,0.0,0.0,0.0,0.742163348198
1777733738750869035,-0.370118999481,0.0,0.0,0.0,0.0,0.742163348198
1777733738758447885,-0.370118999481,0.0,0.0,0.0,0.0,0.76675453186
1777733738808662891,-0.370118999481,0.0,0.0,0.0,0.0,0.76675453186
1777733738854440927,-0.370118999481,0.0,0.0,0.0,0.0,0.69298106432
1777733738858129978,-0.387684082985,0.0,0.0,0.0,0.0,0.643798822165
1777733738862107038,-0.391197109222,0.0,0.0,0.0,0.0,0.594616538286
1777733738866137981,-0.398223137856,0.0,0.0,0.0,0.0,0.5331387043
1777733738870100021,-0.4,0.0,0.0,0.0,0.0,0.471660870314
1777733738874181985,-0.4,0.0,0.0,0.0,0.0,0.410182994604
1777733738878196001,-0.4,0.0,0.0,0.0,0.0,0.348657700419
1777733738882158041,-0.4,0.0,0.0,0.0,0.0,0.274884274602
1777733738886229991,-0.4,0.0,0.0,0.0,0.0,0.201110869646
1777733738890203952,-0.4,0.0,0.0,0.0,0.0,0.102746322751
1777733738898231029,-0.4,0.0,0.0,0.0,0.0,0.0166773481295
1777733738902220010,-0.4,0.0,0.0,0.0,0.0,-0.0
1777733738905786037,-0.4,0.0,0.0,0.0,0.0,-0.0
1777733738934648990,-0.4,0.0,0.0,0.0,0.0,-0.0
1777733738938647031,-0.4,0.0,0.0,0.0,0.0,-0.0
1777733738942378997,-0.4,0.0,0.0,0.0,0.0,-0.0
1777733738946362018,-0.4,0.0,0.0,0.0,0.0,-0.0
1777733738950056076,-0.4,0.0,0.0,0.0,0.0,-0.0
1777733738953902006,-0.4,0.0,0.0,0.0,0.0,-0.00428683329374
1777733738958178997,-0.4,0.0,0.0,0.0,0.0,-0.0288779713213
1777733738962589979,-0.4,0.0,0.0,0.0,0.0,-0.0657646737993
1777733738966067075,-0.4,0.0,0.0,0.0,0.0,-0.0780602447689
1777733738970468997,-0.4,0.0,0.0,0.0,0.0,-0.114946952462
1777733738973841905,-0.4,0.0,0.0,0.0,0.0,-0.139538083971
1777733738977854013,-0.4,0.0,0.0,0.0,0.0,-0.176424786448
1777733738981812000,-0.4,0.0,0.0,0.0,0.0,-0.213311499357
1777733738985924959,-0.4,0.0,0.0,0.0,0.0,-0.237902641296
1777733739006532907,-0.4,0.0,0.0,0.0,0.0,-0.250198191404
1777733739010346889,-0.4,0.0,0.0,0.0,0.0,-0.323971617222
1777733739014214992,-0.4,0.0,0.0,0.0,0.0,-0.348562738299
1777733739018134117,-0.4,0.0,0.0,0.0,0.0,-0.360858309269
1777733739030544042,-0.4,0.0,0.0,0.0,0.0,-0.397792482376
1777733739038327932,-0.4,0.0,0.0,0.0,0.0,-0.446974766254
1777733739042475938,-0.4,0.0,0.0,0.0,0.0,-0.459270316362
1777733739046360969,-0.4,0.0,0.0,0.0,0.0,-0.483861458302
1777733739054102897,-0.4,0.0,0.0,0.0,0.0,-0.520748192072
1777733739058232069,-0.4,0.0,0.0,0.0,0.0,-0.53304374218
1777733739061919927,-0.4,0.0,0.0,0.0,0.0,-0.557634884119
1777733739070091962,-0.4,0.0,0.0,0.0,0.0,-0.569930434227
1777733739073906898,-0.4,0.0,0.0,0.0,0.0,-0.594521576166
1777733739077972888,-0.387684082985,0.0,0.0,0.0,0.0,-0.606817167997
1777733739081897974,-0.387684082985,0.0,0.0,0.0,0.0,-0.631408309937
1777733739102346897,-0.380658054352,0.0,0.0,0.0,0.0,-0.680590552092
1777733739106515884,-0.380658054352,0.0,0.0,0.0,0.0,-0.717477285862
1777733739114377021,-0.377145028114,0.0,0.0,0.0,0.0,-0.717477285862
1777733739122215986,-0.370118999481,0.0,0.0,0.0,0.0,-0.742068386078
1777733739126184940,-0.363092947006,0.0,0.0,0.0,0.0,-0.742068386078
1777733739129781961,-0.363092947006,0.0,0.0,0.0,0.0,-0.76665956974
1777733739142491102,-0.359579920769,0.0,0.0,0.0,0.0,-0.76665956974
1777733739146277904,-0.359579920769,0.0,0.0,0.0,0.0,-0.778955078125
1777733739166273117,-0.352553892136,0.0,0.0,0.0,0.0,-0.803546261787
1777733739216571092,-0.352553892136,0.0,0.0,0.0,0.0,-0.803546261787
1777733739266690015,-0.352553892136,0.0,0.0,0.0,0.0,-0.803546261787
1777733739316793918,-0.352553892136,0.0,0.0,0.0,0.0,-0.803546261787
1777733739367054939,-0.352553892136,0.0,0.0,0.0,0.0,-0.803546261787
1777733739417046070,-0.352553892136,0.0,0.0,0.0,0.0,-0.803546261787
1777733739438539981,-0.352553892136,0.0,0.0,0.0,0.0,-0.815841853619
1777733739488336086,-0.352553892136,0.0,0.0,0.0,0.0,-0.815841853619
1777733739489940881,-0.370118999481,0.0,0.0,0.0,0.0,-0.815841853619
1777733739526593923,-0.377145028114,0.0,0.0,0.0,0.0,-0.742068386078
1777733739542553901,-0.4,0.0,0.0,0.0,0.0,-0.496157050133
1777733739550292968,-0.4,0.0,0.0,0.0,0.0,-0.483861458302
1777733739554363012,-0.4,0.0,0.0,0.0,0.0,-0.459270316362
1777733739558398008,-0.4,0.0,0.0,0.0,0.0,-0.446974766254
1777733739562223911,-0.4,0.0,0.0,0.0,0.0,-0.397792482376
1777733739566473007,-0.4,0.0,0.0,0.0,0.0,-0.385496932268
1777733739569967985,-0.4,0.0,0.0,0.0,0.0,-0.360858309269
1777733739574286937,-0.4,0.0,0.0,0.0,0.0,-0.348562738299
1777733739578265905,-0.4,0.0,0.0,0.0,0.0,-0.323971617222
1777733739581856966,-0.4,0.0,0.0,0.0,0.0,-0.311676046252
1777733739589961051,-0.4,0.0,0.0,0.0,0.0,-0.274789333344
1777733739599093914,-0.4,0.0,0.0,0.0,0.0,-0.250198191404
1777733739614563941,-0.4,0.0,0.0,0.0,0.0,-0.237902641296
1777733739618539094,-0.4,0.0,0.0,0.0,0.0,-0.213311499357
1777733739622920036,-0.4,0.0,0.0,0.0,0.0,-0.201015928388
1777733739630448102,-0.4,0.0,0.0,0.0,0.0,-0.176424786448
1777733739634310960,-0.4,0.0,0.0,0.0,0.0,-0.16412922591
1777733739642414093,-0.4,0.0,0.0,0.0,0.0,-0.139538083971
1777733739646055936,-0.4,0.0,0.0,0.0,0.0,-0.114946952462
1777733739650151968,-0.4,0.0,0.0,0.0,0.0,-0.102651381493
1777733739653906106,-0.4,0.0,0.0,0.0,0.0,-0.0780602447689
1777733739657978057,-0.4,0.0,0.0,0.0,0.0,-0.0657646737993
1777733739666404962,-0.4,0.0,0.0,0.0,0.0,-0.0411735396832
1777733739716567039,-0.4,0.0,0.0,0.0,0.0,-0.0411735396832
1777733739718111991,-0.4,0.0,0.0,0.0,0.0,-0.00428683329374
1777733739730319023,-0.4,0.0,0.0,0.0,0.0,-0.0
1777733739780587911,-0.4,0.0,0.0,0.0,0.0,-0.0
1777733739802685022,-0.4,0.0,0.0,0.0,0.0,-0.0
1777733739806374073,-0.4,0.0,0.0,0.0,0.0,-0.0
1777733739810189962,-0.4,0.0,0.0,0.0,0.0,-0.0
1777733739818263053,-0.4,0.0,0.0,0.0,0.0,-0.0
1777733739868578910,-0.4,0.0,0.0,0.0,0.0,-0.0
1777733739906493902,-0.4,0.0,0.0,0.0,0.0,-0.0
1777733739914529085,-0.4,0.0,0.0,0.0,0.0,0.213406440616
1777733739964688062,-0.4,0.0,0.0,0.0,0.0,0.213406440616
1777733740014820098,-0.4,0.0,0.0,0.0,0.0,0.213406440616
1777733740065001964,-0.4,0.0,0.0,0.0,0.0,0.213406440616
1777733740115019083,-0.4,0.0,0.0,0.0,0.0,0.213406440616
1777733740165126085,-0.4,0.0,0.0,0.0,0.0,0.213406440616
1777733740215233087,-0.4,0.0,0.0,0.0,0.0,0.213406440616
1777733740265357017,-0.4,0.0,0.0,0.0,0.0,0.213406440616
1777733740315254926,-0.4,0.0,0.0,0.0,0.0,0.213406440616
1777733740318264007,-0.4,0.0,0.0,0.0,0.0,0.115041893721
1777733740368619918,-0.4,0.0,0.0,0.0,0.0,0.115041893721
1777733740418621063,-0.4,0.0,0.0,0.0,0.0,0.115041893721
1777733740468810081,-0.4,0.0,0.0,0.0,0.0,0.115041893721
1777733740519076108,-0.4,0.0,0.0,0.0,0.0,0.115041893721
1777733740546550989,-0.4,0.0,0.0,0.0,0.0,0.102746322751
1777733740562529087,-0.4,0.0,0.0,0.0,0.0,0.0781551912427
1777733740574517011,-0.4,0.0,0.0,0.0,0.0,0.0658596202731
1777733740582423925,-0.4,0.0,0.0,0.0,0.0,0.0412684861571
1777733740594324111,-0.4,0.0,0.0,0.0,0.0,0.0166773481295
1777733740602473974,-0.4,0.0,0.0,0.0,0.0,0.00438177976757
1777733740614577054,-0.4,0.0,0.0,0.0,0.0,-0.0
1777733740622134923,-0.4,0.0,0.0,0.0,0.0,-0.0
1777733740642329931,-0.4,0.0,0.0,0.0,0.0,-0.0
1777733740670248031,-0.4,0.0,0.0,0.0,0.0,-0.0
1777733740694309949,-0.4,0.0,0.0,0.0,0.0,-0.0
1777733740701812982,-0.4,0.0,0.0,0.0,0.0,-0.0
1777733740752319097,-0.4,0.0,0.0,0.0,0.0,-0.0
1777733740802673101,-0.4,0.0,0.0,0.0,0.0,-0.0
1777733740852896928,-0.4,0.0,0.0,0.0,0.0,-0.0
1777733740902638912,-0.4,0.0,0.0,0.0,0.0,-0.0
1777733740952775955,-0.4,0.0,0.0,0.0,0.0,-0.0
1777733741003082036,-0.4,0.0,0.0,0.0,0.0,-0.0
1777733741053240060,-0.4,0.0,0.0,0.0,0.0,-0.0
1777733741103044033,-0.4,0.0,0.0,0.0,0.0,-0.0
1777733741109832048,-0.4,0.0,0.0,0.0,0.0,-0.0
1777733741160547018,-0.4,0.0,0.0,0.0,0.0,-0.0
1777733741210675001,-0.4,0.0,0.0,0.0,0.0,-0.0
1777733741260879993,-0.4,0.0,0.0,0.0,0.0,-0.0
1777733741282517910,-0.4,0.0,0.0,0.0,0.0,-0.0
1777733741332606077,-0.4,0.0,0.0,0.0,0.0,-0.0
1777733741382572889,-0.4,0.0,0.0,0.0,0.0,-0.0
1777733741432780027,-0.4,0.0,0.0,0.0,0.0,-0.0
1777733741482851028,-0.4,0.0,0.0,0.0,0.0,-0.0
1777733741532921075,-0.4,0.0,0.0,0.0,0.0,-0.0
1777733741554461956,-0.4,0.0,0.0,0.0,0.0,-0.0
1777733741604655027,-0.4,0.0,0.0,0.0,0.0,-0.0
1777733741650732994,-0.4,0.0,0.0,0.0,0.0,0.00438177976757
1777733741701019048,-0.4,0.0,0.0,0.0,0.0,0.00438177976757
1777733741751120090,-0.4,0.0,0.0,0.0,0.0,0.00438177976757
1777733741801047086,-0.4,0.0,0.0,0.0,0.0,0.00438177976757
1777733741851092100,-0.4,0.0,0.0,0.0,0.0,0.00438177976757
1777733741901274919,-0.4,0.0,0.0,0.0,0.0,0.00438177976757
1777733741902055978,-0.4,0.0,0.0,0.0,0.0,0.0166773481295
1777733741952316045,-0.4,0.0,0.0,0.0,0.0,0.0166773481295
1777733742002753973,-0.4,0.0,0.0,0.0,0.0,0.0166773481295
1777733742042324066,-0.4,0.0,0.0,0.0,0.0,0.0412684861571
1777733742092566013,-0.4,0.0,0.0,0.0,0.0,0.0412684861571
1777733742142811059,-0.4,0.0,0.0,0.0,0.0,0.0412684861571
1777733742192457914,-0.4,0.0,0.0,0.0,0.0,0.0412684861571
1777733742242856025,-0.4,0.0,0.0,0.0,0.0,0.0412684861571
1777733742292608022,-0.4,0.0,0.0,0.0,0.0,0.0412684861571
1777733742343193054,-0.4,0.0,0.0,0.0,0.0,0.0412684861571
1777733742382503986,-0.4,0.0,0.0,0.0,0.0,0.0658596202731
1777733742432670116,-0.4,0.0,0.0,0.0,0.0,0.0658596202731
1777733742466536998,-0.4,0.0,0.0,0.0,0.0,0.0781551912427
1777733742516551017,-0.4,0.0,0.0,0.0,0.0,0.0781551912427
1777733742566904067,-0.4,0.0,0.0,0.0,0.0,0.0781551912427
1777733742617031097,-0.4,0.0,0.0,0.0,0.0,0.0781551912427
1777733742667126893,-0.4,0.0,0.0,0.0,0.0,0.0781551912427
1777733742717228889,-0.4,0.0,0.0,0.0,0.0,0.0781551912427
1777733742767715930,-0.4,0.0,0.0,0.0,0.0,0.0781551912427
1777733742794351100,-0.4,0.0,0.0,0.0,0.0,0.102746322751
1777733742844566106,-0.4,0.0,0.0,0.0,0.0,0.102746322751
1777733742894824028,-0.4,0.0,0.0,0.0,0.0,0.102746322751
1777733742944931030,-0.4,0.0,0.0,0.0,0.0,0.102746322751
1777733742994760990,-0.4,0.0,0.0,0.0,0.0,0.102746322751
1777733743044940948,-0.4,0.0,0.0,0.0,0.0,0.102746322751
1777733743094959020,-0.4,0.0,0.0,0.0,0.0,0.102746322751
1777733743145270109,-0.4,0.0,0.0,0.0,0.0,0.102746322751
1777733743195214033,-0.4,0.0,0.0,0.0,0.0,0.102746322751
1777733743245354890,-0.4,0.0,0.0,0.0,0.0,0.102746322751
1777733743295500040,-0.4,0.0,0.0,0.0,0.0,0.102746322751
1777733743345639944,-0.4,0.0,0.0,0.0,0.0,0.102746322751
1777733743382422924,-0.4,0.0,0.0,0.0,0.0,0.115041893721
1777733743426487922,-0.4,0.0,0.0,0.0,0.0,0.13963303566
1777733743429966926,-0.4,0.0,0.0,0.0,0.0,0.151928596199
1777733743442516088,-0.4,0.0,0.0,0.0,0.0,0.176519727707
1777733743450429916,-0.4,0.0,0.0,0.0,0.0,0.201110869646
1777733743454375028,-0.4,0.0,0.0,0.0,0.0,0.213406440616
1777733743458226919,-0.4,0.0,0.0,0.0,0.0,0.237997582555
1777733743466312885,-0.4,0.0,0.0,0.0,0.0,0.250293153524
1777733743470237016,-0.4,0.0,0.0,0.0,0.0,0.274884274602
1777733743482728004,-0.4,0.0,0.0,0.0,0.0,0.299475416541
1777733743514549970,-0.4,0.0,0.0,0.0,0.0,0.311770987511
1777733743564588069,-0.4,0.0,0.0,0.0,0.0,0.311770987511
1777733743614841938,-0.4,0.0,0.0,0.0,0.0,0.311770987511
1777733743664746046,-0.4,0.0,0.0,0.0,0.0,0.311770987511
1777733743714843988,-0.4,0.0,0.0,0.0,0.0,0.311770987511
1777733743765079975,-0.4,0.0,0.0,0.0,0.0,0.311770987511
1777733743815267086,-0.4,0.0,0.0,0.0,0.0,0.311770987511
1777733743865376949,-0.4,0.0,0.0,0.0,0.0,0.311770987511
1777733743915488958,-0.4,0.0,0.0,0.0,0.0,0.311770987511
1777733743965373992,-0.4,0.0,0.0,0.0,0.0,0.311770987511
1777733744015780925,-0.4,0.0,0.0,0.0,0.0,0.311770987511
1777733744065917968,-0.4,0.0,0.0,0.0,0.0,0.311770987511
1777733744115822076,-0.4,0.0,0.0,0.0,0.0,0.311770987511
1777733744142180919,-0.4,0.0,0.0,0.0,0.0,0.33636212945
1777733744192347049,-0.4,0.0,0.0,0.0,0.0,0.33636212945
1777733744242830991,-0.4,0.0,0.0,0.0,0.0,0.33636212945
1777733744292855978,-0.4,0.0,0.0,0.0,0.0,0.33636212945
1777733744302469968,-0.4,0.0,0.0,0.0,0.0,0.348657700419
1777733744352642059,-0.4,0.0,0.0,0.0,0.0,0.348657700419
1777733744402616024,-0.4,0.0,0.0,0.0,0.0,0.348657700419
1777733744452737092,-0.4,0.0,0.0,0.0,0.0,0.348657700419
1777733744470294952,-0.4,0.0,0.0,0.0,0.0,0.373296302557
1777733744520627975,-0.4,0.0,0.0,0.0,0.0,0.373296302557
1777733744570875883,-0.4,0.0,0.0,0.0,0.0,0.373296302557
1777733744620944023,-0.4,0.0,0.0,0.0,0.0,0.373296302557
1777733744670664072,-0.4,0.0,0.0,0.0,0.0,0.373296302557
1777733744721062898,-0.4,0.0,0.0,0.0,0.0,0.373296302557
1777733744771174907,-0.4,0.0,0.0,0.0,0.0,0.373296302557
1777733744821436882,-0.4,0.0,0.0,0.0,0.0,0.373296302557
1777733744871603965,-0.4,0.0,0.0,0.0,0.0,0.373296302557
1777733744906516075,-0.4,0.0,0.0,0.0,0.0,0.434774136543
1777733744956633090,-0.4,0.0,0.0,0.0,0.0,0.434774136543
1777733745002640962,-0.4,0.0,0.0,0.0,0.0,0.447069728374
1777733745022505044,-0.4,0.0,0.0,0.0,0.0,0.471660870314
1777733745072675943,-0.4,0.0,0.0,0.0,0.0,0.471660870314
1777733745122689008,-0.4,0.0,0.0,0.0,0.0,0.471660870314
1777733745126405000,-0.4,0.0,0.0,0.0,0.0,0.49625197053
1777733745134253978,-0.4,0.0,0.0,0.0,0.0,0.508547562361
1777733745166507959,-0.4,0.0,0.0,0.0,0.0,0.5331387043
1777733745216636896,-0.4,0.0,0.0,0.0,0.0,0.5331387043
1777733745266845941,-0.4,0.0,0.0,0.0,0.0,0.5331387043
1777733745316703081,-0.4,0.0,0.0,0.0,0.0,0.5331387043
1777733745367028951,-0.4,0.0,0.0,0.0,0.0,0.5331387043
1777733745417042970,-0.4,0.0,0.0,0.0,0.0,0.5331387043
1777733745467097043,-0.4,0.0,0.0,0.0,0.0,0.5331387043
1777733745502593040,-0.387684082985,0.0,0.0,0.0,0.0,0.5331387043
1777733745514617919,-0.387684082985,0.0,0.0,0.0,0.0,0.545434254408
1777733745564618110,-0.387684082985,0.0,0.0,0.0,0.0,0.545434254408
1777733745614720106,-0.387684082985,0.0,0.0,0.0,0.0,0.545434254408
1777733745664966106,-0.387684082985,0.0,0.0,0.0,0.0,0.545434254408
1777733745715034961,-0.387684082985,0.0,0.0,0.0,0.0,0.545434254408
1777733745764899015,-0.387684082985,0.0,0.0,0.0,0.0,0.545434254408
1777733745815495967,-0.387684082985,0.0,0.0,0.0,0.0,0.545434254408
1777733745865498065,-0.387684082985,0.0,0.0,0.0,0.0,0.545434254408
1777733745915220022,-0.387684082985,0.0,0.0,0.0,0.0,0.545434254408
1777733745965450048,-0.387684082985,0.0,0.0,0.0,0.0,0.545434254408
1777733746015762090,-0.387684082985,0.0,0.0,0.0,0.0,0.545434254408
1777733746065965890,-0.387684082985,0.0,0.0,0.0,0.0,0.545434254408
1777733746078538894,-0.387684082985,0.0,0.0,0.0,0.0,0.49625197053
1777733746082110881,-0.387684082985,0.0,0.0,0.0,0.0,0.471660870314
1777733746086122035,-0.387684082985,0.0,0.0,0.0,0.0,0.447069728374
1777733746090095043,-0.387684082985,0.0,0.0,0.0,0.0,0.410182994604
1777733746093949079,-0.4,0.0,0.0,0.0,0.0,0.397887444496
1777733746098356008,-0.4,0.0,0.0,0.0,0.0,0.373296302557
1777733746102252006,-0.4,0.0,0.0,0.0,0.0,0.348657700419
1777733746106302022,-0.4,0.0,0.0,0.0,0.0,0.33636212945
1777733746110213994,-0.4,0.0,0.0,0.0,0.0,0.311770987511
1777733746114267110,-0.4,0.0,0.0,0.0,0.0,0.299475416541
1777733746118138074,-0.4,0.0,0.0,0.0,0.0,0.250293153524
1777733746121922016,-0.4,0.0,0.0,0.0,0.0,0.237997582555
1777733746125971078,-0.4,0.0,0.0,0.0,0.0,0.213406440616
1777733746129887104,-0.4,0.0,0.0,0.0,0.0,0.201110869646
1777733746133846998,-0.4,0.0,0.0,0.0,0.0,0.176519727707
1777733746138272047,-0.4,0.0,0.0,0.0,0.0,0.151928596199
1777733746146310091,-0.4,0.0,0.0,0.0,0.0,0.13963303566
1777733746154234886,-0.4,0.0,0.0,0.0,0.0,0.115041893721
1777733746204674005,-0.4,0.0,0.0,0.0,0.0,0.115041893721
1777733746210421085,-0.4,0.0,0.0,0.0,0.0,0.102746322751
1777733746260509014,-0.4,0.0,0.0,0.0,0.0,0.102746322751
1777733746278472900,-0.4,0.0,0.0,0.0,0.0,0.151928596199
1777733746328607082,-0.4,0.0,0.0,0.0,0.0,0.151928596199
1777733746374273061,-0.4,0.0,0.0,0.0,0.0,0.176519727707
1777733746390543937,-0.4,0.0,0.0,0.0,0.0,0.201110869646
1777733746406349897,-0.4,0.0,0.0,0.0,0.0,0.213406440616
1777733746430573940,-0.4,0.0,0.0,0.0,0.0,0.237997582555
1777733746458600044,-0.4,0.0,0.0,0.0,0.0,0.250293153524
1777733746470315933,-0.4,0.0,0.0,0.0,0.0,0.274884274602
1777733746482585906,-0.4,0.0,0.0,0.0,0.0,0.299475416541
1777733746490194082,-0.4,0.0,0.0,0.0,0.0,0.311770987511
1777733746506302118,-0.4,0.0,0.0,0.0,0.0,0.33636212945
1777733746556612014,-0.4,0.0,0.0,0.0,0.0,0.33636212945
1777733746586503982,-0.4,0.0,0.0,0.0,0.0,0.348657700419
1777733746636495113,-0.4,0.0,0.0,0.0,0.0,0.348657700419
1777733746686584949,-0.4,0.0,0.0,0.0,0.0,0.373296302557
1777733746694518089,-0.4,0.0,0.0,0.0,0.0,0.397887444496
1777733746744512081,-0.4,0.0,0.0,0.0,0.0,0.397887444496
1777733746794244050,-0.4,0.0,0.0,0.0,0.0,0.397887444496
1777733746844942092,-0.4,0.0,0.0,0.0,0.0,0.397887444496
1777733746894947052,-0.4,0.0,0.0,0.0,0.0,0.397887444496
1777733746945317029,-0.4,0.0,0.0,0.0,0.0,0.397887444496
1777733746995273113,-0.4,0.0,0.0,0.0,0.0,0.397887444496
1777733747045216083,-0.4,0.0,0.0,0.0,0.0,0.397887444496
1777733747095496892,-0.4,0.0,0.0,0.0,0.0,0.397887444496
1777733747145525932,-0.4,0.0,0.0,0.0,0.0,0.397887444496
1777733747194190979,-0.4,0.0,0.0,0.0,0.0,0.348657700419
1777733747202039957,-0.4,0.0,0.0,0.0,0.0,0.33636212945
1777733747210191965,-0.4,0.0,0.0,0.0,0.0,0.311770987511
1777733747217947006,-0.4,0.0,0.0,0.0,0.0,0.299475416541
1777733747268202066,-0.4,0.0,0.0,0.0,0.0,0.299475416541
1777733747314011096,-0.4,0.0,0.0,0.0,0.0,0.274884274602
1777733747318058967,-0.4,0.0,0.0,0.0,0.0,-0.0
1777733747368587017,-0.4,0.0,0.0,0.0,0.0,-0.0
1777733747418432950,-0.4,0.0,0.0,0.0,0.0,-0.0
1777733747468631982,-0.4,0.0,0.0,0.0,0.0,-0.0
1777733747518670082,-0.4,0.0,0.0,0.0,0.0,-0.0
1777733747568793058,-0.4,0.0,0.0,0.0,0.0,-0.0
1777733747618874073,-0.4,0.0,0.0,0.0,0.0,-0.0
1777733747668991088,-0.4,0.0,0.0,0.0,0.0,-0.0
1777733747718914031,-0.4,0.0,0.0,0.0,0.0,-0.0
1777733747769190073,-0.4,0.0,0.0,0.0,0.0,-0.0
1777733747819230079,-0.4,0.0,0.0,0.0,0.0,-0.0
1777733747869729995,-0.4,0.0,0.0,0.0,0.0,-0.0
1777733747919600009,-0.4,0.0,0.0,0.0,0.0,-0.0
1777733747969949007,-0.4,0.0,0.0,0.0,0.0,-0.0
1777733748019784927,-0.4,0.0,0.0,0.0,0.0,-0.0
1777733748070071935,-0.4,0.0,0.0,0.0,0.0,-0.0
1777733748120040893,-0.4,0.0,0.0,0.0,0.0,-0.0
1777733748170125961,-0.4,0.0,0.0,0.0,0.0,-0.0
1777733748218539953,-0.4,0.0,0.0,0.0,0.0,0.0166773481295
1777733748268723964,-0.4,0.0,0.0,0.0,0.0,0.0166773481295
1777733748318552970,-0.4,0.0,0.0,0.0,0.0,0.0166773481295
1777733748350440025,-0.4,0.0,0.0,0.0,0.0,0.0412684861571
1777733748400414943,-0.4,0.0,0.0,0.0,0.0,0.0412684861571
1777733748450653076,-0.4,0.0,0.0,0.0,0.0,0.0412684861571
1777733748500700950,-0.4,0.0,0.0,0.0,0.0,0.0412684861571
1777733748550545930,-0.4,0.0,0.0,0.0,0.0,0.0658596202731
1777733748600295066,-0.4,0.0,0.0,0.0,0.0,0.0658596202731
1777733748650612115,-0.4,0.0,0.0,0.0,0.0,0.0658596202731
1777733748674098014,-0.4,0.0,0.0,0.0,0.0,0.0781551912427
1777733748706237077,-0.4,0.0,0.0,0.0,0.0,0.102746322751
1777733748756633043,-0.4,0.0,0.0,0.0,0.0,0.102746322751
1777733748806143045,-0.4,0.0,0.0,0.0,0.0,0.102746322751
1777733748856713056,-0.4,0.0,0.0,0.0,0.0,0.102746322751
1777733748906682014,-0.4,0.0,0.0,0.0,0.0,0.102746322751
1777733748956748008,-0.4,0.0,0.0,0.0,0.0,0.102746322751
1777733749007066965,-0.4,0.0,0.0,0.0,0.0,0.102746322751
1777733749057354927,-0.4,0.0,0.0,0.0,0.0,0.102746322751
1777733749107197999,-0.4,0.0,0.0,0.0,0.0,0.102746322751
1777733749157488107,-0.4,0.0,0.0,0.0,0.0,0.102746322751
1777733749207214117,-0.4,0.0,0.0,0.0,0.0,0.102746322751
1777733749257752895,-0.4,0.0,0.0,0.0,0.0,0.102746322751
1777733749307423114,-0.4,0.0,0.0,0.0,0.0,0.102746322751
1777733749358074903,-0.4,0.0,0.0,0.0,0.0,0.102746322751
1777733749407875061,-0.4,0.0,0.0,0.0,0.0,0.102746322751
1777733749409862041,-0.4,0.0,0.0,0.0,0.0,-0.0
1777733749460422992,-0.4,0.0,0.0,0.0,0.0,-0.0
1777733749510375022,-0.4,0.0,0.0,0.0,0.0,-0.0
1777733749560708999,-0.4,0.0,0.0,0.0,0.0,-0.0
1777733749609910964,-0.4,0.0,0.0,0.0,0.0,-0.0
1777733749642199993,-0.4,0.0,0.0,0.0,0.0,-0.0
1777733749658292055,-0.4,0.0,0.0,0.0,0.0,-0.0
1777733749682405948,-0.4,0.0,0.0,0.0,0.0,-0.0
1777733749698211908,-0.4,0.0,0.0,0.0,0.0,-0.0
1777733749748548984,-0.4,0.0,0.0,0.0,0.0,-0.0
1777733749786556005,-0.4,0.0,0.0,0.0,0.0,-0.0
1777733749810302019,-0.4,0.0,0.0,0.0,0.0,-0.0
1777733749822551012,-0.4,0.0,0.0,0.0,0.0,-0.0
1777733749872476100,-0.4,0.0,0.0,0.0,0.0,-0.0
1777733749922676086,-0.4,0.0,0.0,0.0,0.0,-0.0
1777733749972990036,-0.4,0.0,0.0,0.0,0.0,-0.0
1777733750023008108,-0.4,0.0,0.0,0.0,0.0,-0.0
1777733750058491945,-0.4,0.0,0.0,0.0,0.0,-0.00428683329374
1777733750062333106,-0.4,0.0,0.0,0.0,0.0,-0.0657646737993
1777733750112370014,-0.4,0.0,0.0,0.0,0.0,-0.0657646737993
1777733750162679910,-0.4,0.0,0.0,0.0,0.0,-0.0657646737993
1777733750206496000,-0.4,0.0,0.0,0.0,0.0,-0.0780602447689
1777733750222254991,-0.4,0.0,0.0,0.0,0.0,-0.102651381493
1777733750242280006,-0.4,0.0,0.0,0.0,0.0,-0.114946952462
1777733750254472017,-0.4,0.0,0.0,0.0,0.0,-0.139538083971
1777733750270363092,-0.4,0.0,0.0,0.0,0.0,-0.16412922591
1777733750278428077,-0.4,0.0,0.0,0.0,0.0,-0.176424786448
1777733750294111967,-0.4,0.0,0.0,0.0,0.0,-0.201015928388
1777733750298064947,-0.4,0.0,0.0,0.0,0.0,-0.213311499357
1777733750314342021,-0.4,0.0,0.0,0.0,0.0,-0.237902641296
1777733750322333097,-0.4,0.0,0.0,0.0,0.0,-0.250198191404
1777733750342606067,-0.4,0.0,0.0,0.0,0.0,-0.274789333344
1777733750354545116,-0.4,0.0,0.0,0.0,0.0,-0.287084904313
1777733750378572940,-0.4,0.0,0.0,0.0,0.0,-0.311676046252
1777733750428534030,-0.4,0.0,0.0,0.0,0.0,-0.311676046252
1777733750478612899,-0.4,0.0,0.0,0.0,0.0,-0.311676046252
1777733750528752088,-0.4,0.0,0.0,0.0,0.0,-0.311676046252
1777733750579015016,-0.4,0.0,0.0,0.0,0.0,-0.311676046252
1777733750629131078,-0.4,0.0,0.0,0.0,0.0,-0.311676046252
1777733750658579111,-0.4,0.0,0.0,0.0,0.0,-0.250198191404
1777733750670289993,-0.4,0.0,0.0,0.0,0.0,-0.237902641296
1777733750678313970,-0.4,0.0,0.0,0.0,0.0,-0.213311499357
1777733750686115026,-0.4,0.0,0.0,0.0,0.0,-0.201015928388
1777733750690077066,-0.4,0.0,0.0,0.0,0.0,-0.176424786448
1777733750698298931,-0.4,0.0,0.0,0.0,0.0,-0.16412922591
1777733750702227115,-0.4,0.0,0.0,0.0,0.0,-0.139538083971
1777733750706132888,-0.4,0.0,0.0,0.0,0.0,-0.114946952462
1777733750718265056,-0.4,0.0,0.0,0.0,0.0,-0.102651381493
1777733750726053953,-0.4,0.0,0.0,0.0,0.0,-0.0780602447689
1777733750734034061,-0.4,0.0,0.0,0.0,0.0,-0.0657646737993
1777733750746315002,-0.4,0.0,0.0,0.0,0.0,-0.0411735396832
1777733750750349998,-0.4,0.0,0.0,0.0,0.0,-0.0288779713213
1777733750757977008,-0.4,0.0,0.0,0.0,0.0,-0.00428683329374
1777733750766210079,-0.4,0.0,0.0,0.0,0.0,-0.0
1777733750770483970,-0.4,0.0,0.0,0.0,0.0,-0.0
1777733750774295091,-0.4,0.0,0.0,0.0,0.0,-0.0
1777733750786444902,-0.4,0.0,0.0,0.0,0.0,-0.0
1777733750798372030,-0.4,0.0,0.0,0.0,0.0,-0.0
1777733750822223901,-0.4,0.0,0.0,0.0,0.0,-0.0
1777733750846456050,-0.4,0.0,0.0,0.0,0.0,-0.0
1777733750862315893,-0.4,0.0,0.0,0.0,0.0,-0.0
1777733750874377012,-0.4,0.0,0.0,0.0,0.0,-0.0
1777733750924582004,-0.4,0.0,0.0,0.0,0.0,-0.0
1777733750974715948,-0.4,0.0,0.0,0.0,0.0,-0.0
1777733751024797916,-0.4,0.0,0.0,0.0,0.0,-0.0
1777733751074877977,-0.4,0.0,0.0,0.0,0.0,-0.0
1777733751125189065,-0.4,0.0,0.0,0.0,0.0,-0.0
1777733751175184011,-0.4,0.0,0.0,0.0,0.0,-0.0
1777733751225615978,-0.4,0.0,0.0,0.0,0.0,-0.0
1777733751275692939,-0.4,0.0,0.0,0.0,0.0,-0.0
1777733751325690031,-0.4,0.0,0.0,0.0,0.0,-0.0
1777733751375756978,-0.4,0.0,0.0,0.0,0.0,-0.0
1777733751425744056,-0.4,0.0,0.0,0.0,0.0,-0.0
1777733751476052045,-0.4,0.0,0.0,0.0,0.0,-0.0
1777733751526197910,-0.4,0.0,0.0,0.0,0.0,-0.0
1777733751576320886,-0.4,0.0,0.0,0.0,0.0,-0.0
1777733751626229047,-0.4,0.0,0.0,0.0,0.0,-0.0
1777733751676244974,-0.4,0.0,0.0,0.0,0.0,-0.0
1777733751726634025,-0.4,0.0,0.0,0.0,0.0,-0.0
1777733751776686906,-0.4,0.0,0.0,0.0,0.0,-0.0
1777733751826839923,-0.4,0.0,0.0,0.0,0.0,-0.0
1777733751876817941,-0.4,0.0,0.0,0.0,0.0,-0.0
1777733751927294015,-0.4,0.0,0.0,0.0,0.0,-0.0
1777733751977458000,-0.4,0.0,0.0,0.0,0.0,-0.0
1777733752027347087,-0.4,0.0,0.0,0.0,0.0,-0.0
1777733752077663898,-0.4,0.0,0.0,0.0,0.0,-0.0
1777733752127794027,-0.4,0.0,0.0,0.0,0.0,-0.0
1777733752177763938,-0.4,0.0,0.0,0.0,0.0,-0.0
1777733752227998018,-0.4,0.0,0.0,0.0,0.0,-0.0
1777733752278127908,-0.4,0.0,0.0,0.0,0.0,-0.0
1777733752328188896,-0.4,0.0,0.0,0.0,0.0,-0.0
1777733752378515005,-0.4,0.0,0.0,0.0,0.0,-0.0
1777733752428474903,-0.4,0.0,0.0,0.0,0.0,-0.0
1777733752478602886,-0.4,0.0,0.0,0.0,0.0,-0.0
1777733752528740882,-0.4,0.0,0.0,0.0,0.0,-0.0
1777733752578883886,-0.4,0.0,0.0,0.0,0.0,-0.0
1777733752629020929,-0.4,0.0,0.0,0.0,0.0,-0.0
1777733752678997039,-0.4,0.0,0.0,0.0,0.0,-0.0
1777733752729180097,-0.4,0.0,0.0,0.0,0.0,-0.0
1777733752779270887,-0.4,0.0,0.0,0.0,0.0,-0.0
1777733752829325914,-0.4,0.0,0.0,0.0,0.0,-0.0
1777733752879532098,-0.4,0.0,0.0,0.0,0.0,-0.0
1777733752929769039,-0.4,0.0,0.0,0.0,0.0,-0.0
1777733752979865074,-0.4,0.0,0.0,0.0,0.0,-0.0
1777733753030055999,-0.4,0.0,0.0,0.0,0.0,-0.0
1777733753080173969,-0.4,0.0,0.0,0.0,0.0,-0.0
1777733753130247116,-0.4,0.0,0.0,0.0,0.0,-0.0
1777733753180169105,-0.4,0.0,0.0,0.0,0.0,-0.0
1777733753230623006,-0.4,0.0,0.0,0.0,0.0,-0.0
1777733753280675888,-0.4,0.0,0.0,0.0,0.0,-0.0
1777733753330903053,-0.4,0.0,0.0,0.0,0.0,-0.0
1777733753380959987,-0.4,0.0,0.0,0.0,0.0,-0.0
1777733753431015014,-0.4,0.0,0.0,0.0,0.0,-0.0
1777733753481200933,-0.4,0.0,0.0,0.0,0.0,-0.0
1777733753531145095,-0.4,0.0,0.0,0.0,0.0,-0.0
1777733753581362962,-0.4,0.0,0.0,0.0,0.0,-0.0
1777733753631360054,-0.4,0.0,0.0,0.0,0.0,-0.0
1777733753681595087,-0.4,0.0,0.0,0.0,0.0,-0.0
1777733753731585025,-0.4,0.0,0.0,0.0,0.0,-0.0
1777733753781900882,-0.4,0.0,0.0,0.0,0.0,-0.0
1777733753832034111,-0.4,0.0,0.0,0.0,0.0,-0.0
1777733753881930112,-0.4,0.0,0.0,0.0,0.0,-0.0
1777733753932353973,-0.4,0.0,0.0,0.0,0.0,-0.0
1777733753982611894,-0.4,0.0,0.0,0.0,0.0,-0.0
1777733754032701015,-0.4,0.0,0.0,0.0,0.0,-0.0
1777733754082866907,-0.4,0.0,0.0,0.0,0.0,-0.0
1777733754132812976,-0.4,0.0,0.0,0.0,0.0,-0.0
1777733754183183908,-0.4,0.0,0.0,0.0,0.0,-0.0
1777733754233586072,-0.4,0.0,0.0,0.0,0.0,-0.0
1777733754283245086,-0.4,0.0,0.0,0.0,0.0,-0.0
1777733754333267927,-0.4,0.0,0.0,0.0,0.0,-0.0
1777733754383346080,-0.4,0.0,0.0,0.0,0.0,-0.0
1777733754433548927,-0.4,0.0,0.0,0.0,0.0,-0.0
1777733754483704090,-0.4,0.0,0.0,0.0,0.0,-0.0
1777733754533808946,-0.4,0.0,0.0,0.0,0.0,-0.0
1777733754583924055,-0.4,0.0,0.0,0.0,0.0,-0.0
1777733754630568981,-0.4,0.0,0.0,0.0,0.0,-0.0
1777733754680252075,-0.4,0.0,0.0,0.0,0.0,-0.0
1777733754730643987,-0.4,0.0,0.0,0.0,0.0,-0.0
1777733754781022071,-0.4,0.0,0.0,0.0,0.0,-0.0
1777733754831178903,-0.4,0.0,0.0,0.0,0.0,-0.0
1777733754881043910,-0.4,0.0,0.0,0.0,0.0,-0.0
1777733754931190013,-0.4,0.0,0.0,0.0,0.0,-0.0
1777733754981241941,-0.4,0.0,0.0,0.0,0.0,-0.0
1777733755031575918,-0.4,0.0,0.0,0.0,0.0,-0.0
1777733755081609964,-0.4,0.0,0.0,0.0,0.0,-0.0
1777733755131794929,-0.4,0.0,0.0,0.0,0.0,-0.0
1777733755182084083,-0.4,0.0,0.0,0.0,0.0,-0.0
1777733755232064962,-0.4,0.0,0.0,0.0,0.0,-0.0
1777733755282540082,-0.4,0.0,0.0,0.0,0.0,-0.0
1777733755310378074,-0.4,0.0,0.0,0.0,0.0,-0.0
1777733755360435962,-0.4,0.0,0.0,0.0,0.0,-0.0
1777733755370481967,-0.4,0.0,0.0,0.0,0.0,-0.0
1777733755420553922,-0.4,0.0,0.0,0.0,0.0,-0.0
1777733755470839023,-0.4,0.0,0.0,0.0,0.0,-0.0
1777733755486552000,-0.4,0.0,0.0,0.0,0.0,-0.0
1777733755536742925,-0.4,0.0,0.0,0.0,0.0,-0.0
1777733755550520896,-0.4,0.0,0.0,0.0,0.0,-0.0
1777733755586433887,-0.4,0.0,0.0,0.0,0.0,-0.0
1777733755636729955,-0.4,0.0,0.0,0.0,0.0,-0.0
1777733755686439990,-0.4,0.0,0.0,0.0,0.0,-0.0
1777733755736747980,-0.4,0.0,0.0,0.0,0.0,-0.0
1777733755786930084,-0.4,0.0,0.0,0.0,0.0,-0.0
1777733755837136983,-0.4,0.0,0.0,0.0,0.0,-0.0
1777733755842422962,-0.4,0.0,0.0,0.0,0.0,0.102746322751
1777733755892565965,-0.4,0.0,0.0,0.0,0.0,0.102746322751
1777733755894172906,-0.4,0.0,0.0,0.0,0.0,0.115041893721
1777733755902261972,-0.4,0.0,0.0,0.0,0.0,0.13963303566
1777733755938626050,-0.4,0.0,0.0,0.0,0.0,0.151928596199
1777733755962318897,-0.4,0.0,0.0,0.0,0.0,0.176519727707
1777733755968108892,-0.4,0.0,0.0,0.0,0.0,0.201110869646
1777733755969784021,-0.4,0.0,0.0,0.0,0.0,0.213406440616
1777733755977826118,-0.4,0.0,0.0,0.0,0.0,0.237997582555
1777733756028649091,-0.4,0.0,0.0,0.0,0.0,0.237997582555
1777733756046699047,-0.4,0.0,0.0,0.0,0.0,0.274884274602
1777733756050590038,-0.342014837265,0.0,0.0,0.0,0.0,0.76675453186
1777733756054255962,-0.33498878479,0.0,0.0,0.0,0.0,0.803641223907
1777733756062345981,-0.331475782394,0.0,0.0,0.0,0.0,0.828232324123
1777733756066543102,-0.324449729919,0.0,0.0,0.0,0.0,0.865119016171
1777733756070029020,-0.320936703682,0.0,0.0,0.0,0.0,0.877414608002
1777733756078125953,-0.313910675049,0.0,0.0,0.0,0.0,0.877414608002
1777733756085978984,-0.303371620178,0.0,0.0,0.0,0.0,0.938939881325
1777733756094058036,-0.296345567703,0.0,0.0,0.0,0.0,0.975826656818
1777733756098575115,-0.285806512833,0.0,0.0,0.0,0.0,1.00041775703
1777733756102655887,-0.2787804842,0.0,0.0,0.0,0.0,1.0250089407
1777733756106085062,-0.275267457962,0.0,0.0,0.0,0.0,1.03730444908
1777733756110626935,-0.268241429329,0.0,0.0,0.0,0.0,1.06189563274
1777733756113878011,-0.264728403091,0.0,0.0,0.0,0.0,1.06189563274
1777733756118629932,-0.257702374458,0.0,0.0,0.0,0.0,1.07419114113
1777733756122101068,-0.250662755966,0.0,0.0,0.0,0.0,1.09878232479
1777733756125756978,-0.247149729729,0.0,0.0,0.0,0.0,1.12337342501
1777733756130078077,-0.240123701096,0.0,0.0,0.0,0.0,1.13566901684
1777733756138489961,-0.236610674858,0.0,0.0,0.0,0.0,1.16026011705
1777733756142343044,-0.229584646225,0.0,0.0,0.0,0.0,1.16026011705
1777733756146017074,-0.22255859375,0.0,0.0,0.0,0.0,1.17255570889
1777733756149950981,-0.212019538879,0.0,0.0,0.0,0.0,1.19714689255
1777733756154244899,-0.208506536484,0.0,0.0,0.0,0.0,1.23403358459
1777733756158462047,-0.201480484009,0.0,0.0,0.0,0.0,1.23403358459
1777733756162636995,-0.190941429138,0.0,0.0,0.0,0.0,1.25862468481
1777733756166279077,-0.190941429138,0.0,0.0,0.0,0.0,1.27092027664
1777733756170306921,-0.180402374268,0.0,0.0,0.0,0.0,1.27092027664
1777733756173711061,-0.180402374268,0.0,0.0,0.0,0.0,1.29551137686
1777733756177660942,-0.173376333714,0.0,0.0,0.0,0.0,1.29551137686
1777733756181638002,-0.169863307476,0.0,0.0,0.0,0.0,1.29551137686
1777733756198379039,-0.162837266922,0.0,0.0,0.0,0.0,1.29551137686
1777733756202019929,-0.162837266922,0.0,0.0,0.0,0.0,1.32010256052
1777733756206145048,-0.155811238289,0.0,0.0,0.0,0.0,1.32010256052
1777733756213856935,-0.155811238289,0.0,0.0,0.0,0.0,1.3323980689
1777733756222177982,-0.152298212051,0.0,0.0,0.0,0.0,1.3323980689
1777733756234324932,-0.152298212051,0.0,0.0,0.0,0.0,1.35698925257
1777733756284303903,-0.152298212051,0.0,0.0,0.0,0.0,1.35698925257
1777733756334625959,-0.152298212051,0.0,0.0,0.0,0.0,1.35698925257
1777733756384517908,-0.152298212051,0.0,0.0,0.0,0.0,1.35698925257
1777733756434829950,-0.152298212051,0.0,0.0,0.0,0.0,1.35698925257
1777733756484843015,-0.152298212051,0.0,0.0,0.0,0.0,1.35698925257
1777733756534960985,-0.152298212051,0.0,0.0,0.0,0.0,1.35698925257
1777733756585166931,-0.152298212051,0.0,0.0,0.0,0.0,1.35698925257
1777733756635212898,-0.152298212051,0.0,0.0,0.0,0.0,1.35698925257
1777733756685134887,-0.152298212051,0.0,0.0,0.0,0.0,1.35698925257
1777733756735244035,-0.152298212051,0.0,0.0,0.0,0.0,1.35698925257
1777733756785571098,-0.152298212051,0.0,0.0,0.0,0.0,1.35698925257
1777733756835748910,-0.152298212051,0.0,0.0,0.0,0.0,1.35698925257
1777733756885257959,-0.152298212051,0.0,0.0,0.0,0.0,1.35698925257
1777733756935791969,-0.152298212051,0.0,0.0,0.0,0.0,1.35698925257
1777733756974327087,-0.145272171497,0.0,0.0,0.0,0.0,1.35698925257
1777733756978084087,-0.141759157181,0.0,0.0,0.0,0.0,1.35698925257
1777733756982022047,-0.124194061756,0.0,0.0,0.0,0.0,1.35698925257
1777733756994303941,-0.0995893537998,0.0,0.0,0.0,0.0,1.35698925257
1777733756998302936,-0.0398680239916,0.0,0.0,0.0,0.0,1.35698925257
1777733757002370119,-0.0117638684809,0.0,0.0,0.0,0.0,1.35698925257
1777733757006376981,-0.0,0.0,0.0,0.0,0.0,1.35698925257
1777733757010003089,-0.0,0.0,0.0,0.0,0.0,1.35698925257
1777733757013971090,-0.0,0.0,0.0,0.0,0.0,1.35698925257
1777733757026657104,-0.0,0.0,0.0,0.0,0.0,1.35698925257
1777733757030262947,-0.0,0.0,0.0,0.0,0.0,1.35698925257
1777733757034369945,0.00476495660841,0.0,0.0,0.0,0.0,1.35698925257
1777733757038464069,0.0398951530457,0.0,0.0,0.0,0.0,1.35698925257
1777733757042439937,0.0574602484703,0.0,0.0,0.0,0.0,1.35698925257
1777733757046416044,0.0715123295784,0.0,0.0,0.0,0.0,1.35698925257
1777733757050489902,0.0890774250031,0.0,0.0,0.0,0.0,1.35698925257
1777733757054164886,0.0925904452801,0.0,0.0,0.0,0.0,1.29551137686
1777733757062423944,0.0996164858341,0.0,0.0,0.0,0.0,1.29551137686
1777733757066203117,0.0996164858341,0.0,0.0,0.0,0.0,1.27092027664
1777733757086322069,0.0679993093014,0.0,0.0,0.0,0.0,1.25862468481
1777733757090049028,0.0398951530457,0.0,0.0,0.0,0.0,1.23403358459
1777733757093849897,0.00125193707645,0.0,0.0,0.0,0.0,1.17255570889
1777733757097891092,-0.0,0.0,0.0,0.0,0.0,1.16026011705
1777733757101893901,-0.0,0.0,0.0,0.0,0.0,1.09878232479
1777733757105995893,-0.0,0.0,0.0,0.0,0.0,1.03730444908
1777733757109930038,-0.0117638684809,0.0,0.0,0.0,0.0,0.975826656818
1777733757118351936,-0.0679721832275,0.0,0.0,0.0,0.0,0.92664437294
1777733757122107028,-0.212019538879,0.0,0.0,0.0,0.0,0.828232324123
1777733757125941038,-0.2787804842,0.0,0.0,0.0,0.0,0.779050040245
1777733757129925012,-0.342014837265,0.0,0.0,0.0,0.0,0.742163348198
1777733757133949995,-0.377145028114,0.0,0.0,0.0,0.0,0.69298106432
1777733757137917041,-0.377145028114,0.0,0.0,0.0,0.0,0.668389964104
1777733757188483953,-0.377145028114,0.0,0.0,0.0,0.0,0.668389964104
1777733757238656044,-0.377145028114,0.0,0.0,0.0,0.0,0.668389964104
1777733757288961887,-0.377145028114,0.0,0.0,0.0,0.0,0.668389964104
1777733757338968992,-0.377145028114,0.0,0.0,0.0,0.0,0.668389964104
1777733757362497091,-0.380658054352,0.0,0.0,0.0,0.0,0.643798822165
1777733757366154909,-0.380658054352,0.0,0.0,0.0,0.0,0.606912088394
1777733757370037078,-0.380658054352,0.0,0.0,0.0,0.0,0.570025396347
1777733757378375053,-0.387684082985,0.0,0.0,0.0,0.0,0.545434254408
1777733757382145881,-0.391197109222,0.0,0.0,0.0,0.0,0.508547562361
1777733757386517047,-0.398223137856,0.0,0.0,0.0,0.0,0.49625197053
1777733757390041112,-0.4,0.0,0.0,0.0,0.0,0.410182994604
1777733757406431913,-0.4,0.0,0.0,0.0,0.0,0.397887444496
1777733757409941911,-0.4,0.0,0.0,0.0,0.0,0.311770987511
1777733757422251939,-0.4,0.0,0.0,0.0,0.0,0.250293153524
1777733757426017999,-0.4,0.0,0.0,0.0,0.0,0.201110869646
1777733757429820060,-0.4,0.0,0.0,0.0,0.0,0.151928596199
1777733757433757066,-0.4,0.0,0.0,0.0,0.0,0.13963303566
1777733757437830924,-0.4,0.0,0.0,0.0,0.0,0.115041893721
1777733757441901922,-0.4,0.0,0.0,0.0,0.0,0.0781551912427
1777733757446141958,-0.4,0.0,0.0,0.0,0.0,0.0658596202731
1777733757450215101,-0.4,0.0,0.0,0.0,0.0,0.0412684861571
1777733757454273939,-0.4,0.0,0.0,0.0,0.0,0.00438177976757
1777733757458040952,-0.4,0.0,0.0,0.0,0.0,-0.0
1777733757466092109,-0.4,0.0,0.0,0.0,0.0,-0.0
1777733757502230882,-0.4,0.0,0.0,0.0,0.0,-0.0
1777733757552499055,-0.4,0.0,0.0,0.0,0.0,-0.0
1777733757602576017,-0.4,0.0,0.0,0.0,0.0,-0.0
1777733757638530969,-0.4,0.0,0.0,0.0,0.0,-0.0
1777733757642175912,-0.4,0.0,0.0,0.0,0.0,-0.0
1777733757650332927,-0.4,0.0,0.0,0.0,0.0,-0.0
1777733757654277086,-0.4,0.0,0.0,0.0,0.0,-0.0
1777733757662326097,-0.4,0.0,0.0,0.0,0.0,-0.0
1777733757666277885,-0.4,0.0,0.0,0.0,0.0,-0.0
1777733757716624021,-0.4,0.0,0.0,0.0,0.0,-0.0
1777733757722244024,-0.4,0.0,0.0,0.0,0.0,-0.0
1777733757730658054,-0.4,0.0,0.0,0.0,0.0,-0.0
1777733757738579988,-0.4,0.0,0.0,0.0,0.0,-0.0
1777733757754432916,-0.4,0.0,0.0,0.0,0.0,-0.0
1777733757804646015,-0.4,0.0,0.0,0.0,0.0,-0.0
1777733757826319932,-0.4,0.0,0.0,0.0,0.0,-0.0
1777733757850471973,-0.4,0.0,0.0,0.0,0.0,-0.0
1777733757862416028,-0.4,0.0,0.0,0.0,0.0,-0.0
1777733757878525018,-0.4,0.0,0.0,0.0,0.0,-0.0
1777733757894484996,-0.4,0.0,0.0,0.0,0.0,-0.00428683329374
1777733757945072889,-0.4,0.0,0.0,0.0,0.0,-0.00428683329374
1777733757994537115,-0.4,0.0,0.0,0.0,0.0,-0.00428683329374
1777733758044974088,-0.4,0.0,0.0,0.0,0.0,-0.00428683329374
1777733758094994068,-0.4,0.0,0.0,0.0,0.0,-0.00428683329374
1777733758145175933,-0.4,0.0,0.0,0.0,0.0,-0.00428683329374
1777733758195346117,-0.4,0.0,0.0,0.0,0.0,-0.00428683329374
1777733758245521068,-0.4,0.0,0.0,0.0,0.0,-0.00428683329374
1777733758295666933,-0.4,0.0,0.0,0.0,0.0,-0.00428683329374
1777733758345804929,-0.4,0.0,0.0,0.0,0.0,-0.00428683329374
1777733758395647048,-0.4,0.0,0.0,0.0,0.0,-0.00428683329374
1777733758445848941,-0.4,0.0,0.0,0.0,0.0,-0.00428683329374
1777733758495951890,-0.4,0.0,0.0,0.0,0.0,-0.00428683329374
1777733758546109914,-0.4,0.0,0.0,0.0,0.0,-0.00428683329374
1777733758596442937,-0.4,0.0,0.0,0.0,0.0,-0.00428683329374
1777733758646455049,-0.4,0.0,0.0,0.0,0.0,-0.00428683329374
1777733758696590900,-0.4,0.0,0.0,0.0,0.0,-0.00428683329374
1777733758746512889,-0.4,0.0,0.0,0.0,0.0,-0.00428683329374
1777733758796653985,-0.4,0.0,0.0,0.0,0.0,-0.00428683329374
1777733758846898078,-0.4,0.0,0.0,0.0,0.0,-0.00428683329374
1777733758896877050,-0.4,0.0,0.0,0.0,0.0,-0.00428683329374
1777733758947046995,-0.4,0.0,0.0,0.0,0.0,-0.00428683329374
1777733758970335960,-0.4,0.0,0.0,0.0,0.0,-0.0
1777733758986469030,-0.4,0.0,0.0,0.0,0.0,-0.0
1777733759010673999,-0.4,0.0,0.0,0.0,0.0,-0.0
1777733759060723066,-0.4,0.0,0.0,0.0,0.0,-0.0
1777733759074364900,-0.4,0.0,0.0,0.0,0.0,-0.0
1777733759086113929,-0.4,0.0,0.0,0.0,0.0,-0.0
1777733759106211900,-0.4,0.0,0.0,0.0,0.0,-0.0
1777733759126585960,-0.4,0.0,0.0,0.0,0.0,-0.0
1777733759176868915,-0.4,0.0,0.0,0.0,0.0,-0.0
1777733759226823091,-0.4,0.0,0.0,0.0,0.0,-0.0
1777733759276902914,-0.4,0.0,0.0,0.0,0.0,-0.0
1777733759327043056,-0.4,0.0,0.0,0.0,0.0,-0.0
1777733759377274990,-0.4,0.0,0.0,0.0,0.0,-0.0
1777733759427285909,-0.4,0.0,0.0,0.0,0.0,-0.0
1777733759477581024,-0.4,0.0,0.0,0.0,0.0,-0.0
1777733759527525901,-0.4,0.0,0.0,0.0,0.0,-0.0
1777733759577846050,-0.4,0.0,0.0,0.0,0.0,-0.0
1777733759610583066,-0.4,0.0,0.0,0.0,0.0,-0.0
1777733759614173889,-0.4,0.0,0.0,0.0,0.0,-0.0
1777733759618108987,-0.4,0.0,0.0,0.0,0.0,-0.0
1777733759622217893,-0.4,0.0,0.0,0.0,0.0,-0.0
1777733759625977993,-0.4,0.0,0.0,0.0,0.0,-0.0
1777733759629976987,-0.4,0.0,0.0,0.0,0.0,-0.0
1777733759633960962,-0.4,0.0,0.0,0.0,0.0,0.00438177976757
1777733759638039112,-0.4,0.0,0.0,0.0,0.0,0.0166773481295
1777733759641851902,-0.4,0.0,0.0,0.0,0.0,0.0412684861571
1777733759645982027,-0.4,0.0,0.0,0.0,0.0,0.0781551912427
1777733759654294967,-0.4,0.0,0.0,0.0,0.0,0.115041893721
1777733759658472061,-0.4,0.0,0.0,0.0,0.0,0.13963303566
1777733759662462949,-0.4,0.0,0.0,0.0,0.0,0.151928596199
1777733759666461944,-0.4,0.0,0.0,0.0,0.0,0.176519727707
1777733759669929027,-0.4,0.0,0.0,0.0,0.0,0.201110869646
1777733759677859067,-0.4,0.0,0.0,0.0,0.0,0.250293153524
1777733759686109066,-0.4,0.0,0.0,0.0,0.0,0.274884274602
1777733759689937114,-0.4,0.0,0.0,0.0,0.0,0.311770987511
1777733759697899103,-0.4,0.0,0.0,0.0,0.0,0.33636212945
1777733759701865911,-0.4,0.0,0.0,0.0,0.0,0.348657700419
1777733759706012964,-0.4,0.0,0.0,0.0,0.0,0.373296302557
1777733759709990978,-0.4,0.0,0.0,0.0,0.0,0.397887444496
1777733759718107938,-0.4,0.0,0.0,0.0,0.0,0.410182994604
1777733759721868038,-0.4,0.0,0.0,0.0,0.0,0.434774136543
1777733759725795030,-0.387684082985,0.0,0.0,0.0,0.0,0.447069728374
1777733759729765892,-0.387684082985,0.0,0.0,0.0,0.0,0.471660870314
1777733759734174966,-0.387684082985,0.0,0.0,0.0,0.0,0.508547562361
1777733759738018035,-0.380658054352,0.0,0.0,0.0,0.0,0.5331387043
1777733759742201089,-0.380658054352,0.0,0.0,0.0,0.0,0.545434254408
1777733759746376037,-0.380658054352,0.0,0.0,0.0,0.0,0.570025396347
1777733759750114917,-0.377145028114,0.0,0.0,0.0,0.0,0.594616538286
1777733759754009962,-0.377145028114,0.0,0.0,0.0,0.0,0.606912088394
1777733759758141994,-0.370118999481,0.0,0.0,0.0,0.0,0.631503230333
1777733759761940956,-0.363092947006,0.0,0.0,0.0,0.0,0.668389964104
1777733759766062974,-0.352553892136,0.0,0.0,0.0,0.0,0.69298106432
1777733759770275115,-0.352553892136,0.0,0.0,0.0,0.0,0.705276656151
1777733759774152040,-0.349040865898,0.0,0.0,0.0,0.0,0.729867756367
1777733759777693033,-0.342014837265,0.0,0.0,0.0,0.0,0.742163348198
1777733759782176971,-0.342014837265,0.0,0.0,0.0,0.0,0.76675453186
1777733759786093950,-0.33498878479,0.0,0.0,0.0,0.0,0.779050040245
1777733759794133901,-0.331475782394,0.0,0.0,0.0,0.0,0.803641223907
1777733759798043012,-0.331475782394,0.0,0.0,0.0,0.0,0.828232324123
1777733759802345037,-0.324449729919,0.0,0.0,0.0,0.0,0.828232324123
1777733759806253910,-0.324449729919,0.0,0.0,0.0,0.0,0.840527915955
1777733759818325996,-0.320936703682,0.0,0.0,0.0,0.0,0.840527915955
1777733759826153993,-0.320936703682,0.0,0.0,0.0,0.0,0.865119016171
1777733759854466915,-0.320936703682,0.0,0.0,0.0,0.0,0.877414608002
1777733759858283042,-0.313910675049,0.0,0.0,0.0,0.0,0.877414608002
1777733759866470098,-0.306884646416,0.0,0.0,0.0,0.0,0.902053189278
1777733759874358892,-0.306884646416,0.0,0.0,0.0,0.0,0.92664437294
1777733759878125905,-0.303371620178,0.0,0.0,0.0,0.0,0.938939881325
1777733759886374950,-0.296345567703,0.0,0.0,0.0,0.0,0.963531064987
1777733759894079923,-0.296345567703,0.0,0.0,0.0,0.0,0.975826656818
1777733759898305892,-0.292832565308,0.0,0.0,0.0,0.0,0.975826656818
1777733759910295963,-0.285806512833,0.0,0.0,0.0,0.0,1.00041775703
1777733759922164916,-0.2787804842,0.0,0.0,0.0,0.0,1.00041775703
1777733759925865888,-0.2787804842,0.0,0.0,0.0,0.0,1.0250089407
1777733759929857015,-0.275267457962,0.0,0.0,0.0,0.0,1.0250089407
1777733759933856010,-0.275267457962,0.0,0.0,0.0,0.0,1.03730444908
1777733759937876939,-0.268241429329,0.0,0.0,0.0,0.0,1.06189563274
1777733759941988945,-0.264728403091,0.0,0.0,0.0,0.0,1.06189563274
1777733759978348970,-0.264728403091,0.0,0.0,0.0,0.0,1.07419114113
1777733760018472909,-0.257702374458,0.0,0.0,0.0,0.0,1.07419114113
1777733760026345014,-0.257702374458,0.0,0.0,0.0,0.0,1.09878232479
1777733760030255079,-0.250662755966,0.0,0.0,0.0,0.0,1.09878232479
1777733760042515993,-0.247149729729,0.0,0.0,0.0,0.0,1.12337342501
1777733760062453031,-0.247149729729,0.0,0.0,0.0,0.0,1.13566901684
1777733760086426973,-0.240123701096,0.0,0.0,0.0,0.0,1.13566901684
1777733760136704921,-0.240123701096,0.0,0.0,0.0,0.0,1.13566901684
1777733760146548986,-0.240123701096,0.0,0.0,0.0,0.0,1.16026011705
1777733760154511928,-0.236610674858,0.0,0.0,0.0,0.0,1.16026011705
1777733760162199020,-0.229584646225,0.0,0.0,0.0,0.0,1.16026011705
1777733760178267955,-0.229584646225,0.0,0.0,0.0,0.0,1.17255570889
1777733760190227031,-0.22255859375,0.0,0.0,0.0,0.0,1.17255570889
1777733760206449985,-0.219045591354,0.0,0.0,0.0,0.0,1.17255570889
1777733760214287042,-0.219045591354,0.0,0.0,0.0,0.0,1.19714689255
1777733760264637947,-0.219045591354,0.0,0.0,0.0,0.0,1.19714689255
1777733760314740896,-0.219045591354,0.0,0.0,0.0,0.0,1.19714689255
1777733760364856004,-0.219045591354,0.0,0.0,0.0,0.0,1.19714689255
1777733760414845943,-0.219045591354,0.0,0.0,0.0,0.0,1.19714689255
1777733760465071916,-0.219045591354,0.0,0.0,0.0,0.0,1.19714689255
1777733760515151023,-0.219045591354,0.0,0.0,0.0,0.0,1.19714689255
1777733760565306901,-0.219045591354,0.0,0.0,0.0,0.0,1.19714689255
1777733760615487098,-0.219045591354,0.0,0.0,0.0,0.0,1.19714689255
1777733760665471076,-0.219045591354,0.0,0.0,0.0,0.0,1.19714689255
1777733760715776920,-0.219045591354,0.0,0.0,0.0,0.0,1.19714689255
1777733760765757083,-0.219045591354,0.0,0.0,0.0,0.0,1.19714689255
1777733760816042900,-0.219045591354,0.0,0.0,0.0,0.0,1.19714689255
1777733760866115093,-0.219045591354,0.0,0.0,0.0,0.0,1.19714689255
1777733760916260004,-0.219045591354,0.0,0.0,0.0,0.0,1.19714689255
1777733760966042995,-0.219045591354,0.0,0.0,0.0,0.0,1.19714689255
1777733761016504049,-0.219045591354,0.0,0.0,0.0,0.0,1.19714689255
1777733761066514015,-0.219045591354,0.0,0.0,0.0,0.0,1.19714689255
1777733761102503061,-0.236610674858,0.0,0.0,0.0,0.0,1.19714689255
1777733761110527992,-0.240123701096,0.0,0.0,0.0,0.0,1.19714689255
1777733761114236116,-0.247149729729,0.0,0.0,0.0,0.0,1.19714689255
1777733761118314981,-0.250662755966,0.0,0.0,0.0,0.0,1.13566901684
1777733761122071027,-0.264728403091,0.0,0.0,0.0,0.0,1.09878232479
1777733761130319118,-0.2787804842,0.0,0.0,0.0,0.0,1.06189563274
1777733761134357929,-0.296345567703,0.0,0.0,0.0,0.0,1.0250089407
1777733761138142108,-0.303371620178,0.0,0.0,0.0,0.0,0.975826656818
1777733761141894102,-0.320936703682,0.0,0.0,0.0,0.0,0.92664437294
1777733761146184921,-0.331475782394,0.0,0.0,0.0,0.0,0.877414608002
1777733761150198936,-0.342014837265,0.0,0.0,0.0,0.0,0.828232324123
1777733761154051065,-0.349040865898,0.0,0.0,0.0,0.0,0.779050040245
1777733761158137083,-0.359579920769,0.0,0.0,0.0,0.0,0.742163348198
1777733761161961078,-0.377145028114,0.0,0.0,0.0,0.0,0.705276656151
1777733761166194915,-0.380658054352,0.0,0.0,0.0,0.0,0.643798822165
1777733761170125961,-0.380658054352,0.0,0.0,0.0,0.0,0.594616538286
1777733761174006938,-0.391197109222,0.0,0.0,0.0,0.0,0.5331387043
1777733761178008079,-0.398223137856,0.0,0.0,0.0,0.0,0.49625197053
1777733761181752920,-0.398223137856,0.0,0.0,0.0,0.0,0.434774136543
1777733761185672044,-0.4,0.0,0.0,0.0,0.0,0.373296302557
1777733761189829111,-0.4,0.0,0.0,0.0,0.0,0.348657700419
1777733761193769931,-0.4,0.0,0.0,0.0,0.0,0.311770987511
1777733761198066949,-0.4,0.0,0.0,0.0,0.0,0.299475416541
1777733761201987981,-0.4,0.0,0.0,0.0,0.0,0.274884274602
1777733761206000089,-0.4,0.0,0.0,0.0,0.0,0.250293153524
1777733761210026025,-0.4,0.0,0.0,0.0,0.0,0.237997582555
1777733761260823965,-0.4,0.0,0.0,0.0,0.0,0.237997582555
1777733761310528993,-0.4,0.0,0.0,0.0,0.0,0.237997582555
1777733761360851049,-0.4,0.0,0.0,0.0,0.0,0.237997582555
1777733761410887956,-0.4,0.0,0.0,0.0,0.0,0.237997582555
1777733761461146116,-0.4,0.0,0.0,0.0,0.0,0.237997582555
1777733761511075019,-0.4,0.0,0.0,0.0,0.0,0.237997582555
1777733761561487913,-0.4,0.0,0.0,0.0,0.0,0.237997582555
1777733761566430091,-0.4,0.0,0.0,0.0,0.0,0.176519727707
1777733761578344106,-0.4,0.0,0.0,0.0,0.0,0.0166773481295
1777733761628532886,-0.4,0.0,0.0,0.0,0.0,0.0166773481295
1777733761670356988,-0.4,0.0,0.0,0.0,0.0,0.00438177976757
1777733761682020902,-0.4,0.0,0.0,0.0,0.0,-0.0
1777733761686058998,-0.4,0.0,0.0,0.0,0.0,-0.0
1777733761698010921,-0.4,0.0,0.0,0.0,0.0,-0.0
1777733761706487894,-0.4,0.0,0.0,0.0,0.0,-0.0
1777733761709990024,-0.4,0.0,0.0,0.0,0.0,-0.0
1777733761714251995,-0.4,0.0,0.0,0.0,0.0,-0.0
1777733761718270063,-0.4,0.0,0.0,0.0,0.0,-0.0
1777733761722187042,-0.4,0.0,0.0,0.0,0.0,-0.0
1777733761725881099,-0.4,0.0,0.0,0.0,0.0,-0.0
1777733761776531934,-0.4,0.0,0.0,0.0,0.0,-0.0
1777733761790476083,-0.4,0.0,0.0,0.0,0.0,-0.0
1777733761798648118,-0.4,0.0,0.0,0.0,0.0,-0.0
1777733761802191019,-0.4,0.0,0.0,0.0,0.0,-0.0
1777733761810858964,-0.4,0.0,0.0,0.0,0.0,-0.0
1777733761814452886,-0.4,0.0,0.0,0.0,0.0,-0.0
1777733761826402902,-0.4,0.0,0.0,0.0,0.0,-0.0
1777733761834453105,-0.4,0.0,0.0,0.0,0.0,-0.0
1777733761842494010,-0.4,0.0,0.0,0.0,0.0,-0.0
1777733761892270088,-0.4,0.0,0.0,0.0,0.0,-0.0
1777733761942796945,-0.4,0.0,0.0,0.0,0.0,-0.0
1777733761992667913,-0.4,0.0,0.0,0.0,0.0,-0.0
1777733762042948961,-0.4,0.0,0.0,0.0,0.0,-0.0
1777733762092787981,-0.4,0.0,0.0,0.0,0.0,-0.0
1777733762143470048,-0.4,0.0,0.0,0.0,0.0,-0.0
1777733762193173885,-0.4,0.0,0.0,0.0,0.0,-0.0
1777733762243454933,-0.4,0.0,0.0,0.0,0.0,-0.0
1777733762270685911,-0.4,0.0,0.0,0.0,0.0,-0.00428683329374
1777733762278526067,-0.4,0.0,0.0,0.0,0.0,-0.0288779713213
1777733762286088943,-0.4,0.0,0.0,0.0,0.0,-0.0411735396832
1777733762290165901,-0.4,0.0,0.0,0.0,0.0,-0.0657646737993
1777733762302531957,-0.4,0.0,0.0,0.0,0.0,-0.0780602447689
1777733762314584016,-0.4,0.0,0.0,0.0,0.0,-0.102651381493
1777733762326417922,-0.4,0.0,0.0,0.0,0.0,-0.114946952462
1777733762338474988,-0.4,0.0,0.0,0.0,0.0,-0.139538083971
1777733762358406066,-0.4,0.0,0.0,0.0,0.0,-0.16412922591
1777733762366425037,-0.4,0.0,0.0,0.0,0.0,-0.176424786448
1777733762378453969,-0.4,0.0,0.0,0.0,0.0,-0.201015928388
1777733762386284112,-0.4,0.0,0.0,0.0,0.0,-0.213311499357
1777733762394203901,-0.4,0.0,0.0,0.0,0.0,-0.237902641296
1777733762402446985,-0.4,0.0,0.0,0.0,0.0,-0.250198191404
1777733762410557031,-0.4,0.0,0.0,0.0,0.0,-0.274789333344
1777733762418534040,-0.4,0.0,0.0,0.0,0.0,-0.287084904313
1777733762430286884,-0.4,0.0,0.0,0.0,0.0,-0.311676046252
1777733762438163995,-0.4,0.0,0.0,0.0,0.0,-0.323971617222
1777733762442440032,-0.4,0.0,0.0,0.0,0.0,-0.348562738299
1777733762450581073,-0.4,0.0,0.0,0.0,0.0,-0.360858309269
1777733762458611965,-0.4,0.0,0.0,0.0,0.0,-0.385496932268
1777733762466454029,-0.4,0.0,0.0,0.0,0.0,-0.397792482376
1777733762478405952,-0.4,0.0,0.0,0.0,0.0,-0.422383624315
1777733762528501987,-0.4,0.0,0.0,0.0,0.0,-0.422383624315
1777733762578624010,-0.4,0.0,0.0,0.0,0.0,-0.422383624315
1777733762628793001,-0.4,0.0,0.0,0.0,0.0,-0.422383624315
1777733762678816080,-0.4,0.0,0.0,0.0,0.0,-0.422383624315
1777733762728939056,-0.4,0.0,0.0,0.0,0.0,-0.422383624315
1777733762779037952,-0.4,0.0,0.0,0.0,0.0,-0.422383624315
1777733762798222064,-0.4,0.0,0.0,0.0,0.0,-0.360858309269
1777733762802462100,-0.4,0.0,0.0,0.0,0.0,-0.348562738299
1777733762814500093,-0.4,0.0,0.0,0.0,0.0,-0.323971617222
1777733762818413019,-0.4,0.0,0.0,0.0,0.0,-0.311676046252
1777733762826122999,-0.4,0.0,0.0,0.0,0.0,-0.287084904313
1777733762838536977,-0.4,0.0,0.0,0.0,0.0,-0.274789333344
1777733762846575975,-0.4,0.0,0.0,0.0,0.0,-0.250198191404
1777733762858416080,-0.4,0.0,0.0,0.0,0.0,-0.237902641296
1777733762866539001,-0.4,0.0,0.0,0.0,0.0,-0.213311499357
1777733762882378101,-0.4,0.0,0.0,0.0,0.0,-0.201015928388
1777733762886432886,-0.4,0.0,0.0,0.0,0.0,-0.176424786448
1777733762890136003,-0.4,0.0,0.0,0.0,0.0,-0.16412922591
1777733762894146919,-0.4,0.0,0.0,0.0,0.0,-0.139538083971
1777733762906440973,-0.4,0.0,0.0,0.0,0.0,-0.102651381493
1777733762922338962,-0.4,0.0,0.0,0.0,0.0,-0.0780602447689
1777733762942468881,-0.4,0.0,0.0,0.0,0.0,-0.0657646737993
1777733762970247983,-0.4,0.0,0.0,0.0,0.0,-0.0411735396832
1777733762981956005,-0.4,0.0,0.0,0.0,0.0,-0.0288779713213
1777733762990076065,-0.4,0.0,0.0,0.0,0.0,-0.00428683329374
1777733762993876934,-0.4,0.0,0.0,0.0,0.0,-0.0
1777733762997869968,-0.4,0.0,0.0,0.0,0.0,-0.0
1777733763001991987,-0.4,0.0,0.0,0.0,0.0,-0.0
1777733763006067991,-0.4,0.0,0.0,0.0,0.0,-0.0
1777733763014280080,-0.4,0.0,0.0,0.0,0.0,-0.0
1777733763026498079,-0.4,0.0,0.0,0.0,0.0,-0.0
1777733763038512945,-0.4,0.0,0.0,0.0,0.0,-0.0
1777733763058835029,-0.4,0.0,0.0,0.0,0.0,-0.0
1777733763106564044,-0.4,0.0,0.0,0.0,0.0,-0.0
1777733763156604051,-0.4,0.0,0.0,0.0,0.0,-0.0
1777733763206760883,-0.4,0.0,0.0,0.0,0.0,-0.0
1777733763256850004,-0.4,0.0,0.0,0.0,0.0,-0.0
1777733763306850910,-0.4,0.0,0.0,0.0,0.0,-0.0
1777733763357090950,-0.4,0.0,0.0,0.0,0.0,-0.0
1777733763407012939,-0.4,0.0,0.0,0.0,0.0,-0.0
1777733763418451070,-0.4,0.0,0.0,0.0,0.0,-0.0
1777733763442584991,-0.4,0.0,0.0,0.0,0.0,-0.0
1777733763462511062,-0.4,0.0,0.0,0.0,0.0,-0.0
1777733763486186027,-0.4,0.0,0.0,0.0,0.0,-0.0
1777733763530322074,-0.4,0.0,0.0,0.0,0.0,-0.0
1777733763546654939,-0.4,0.0,0.0,0.0,0.0,-0.0
1777733763566608905,-0.4,0.0,0.0,0.0,0.0,-0.0
1777733763616655111,-0.4,0.0,0.0,0.0,0.0,-0.0
1777733763646713018,-0.4,0.0,0.0,0.0,0.0,-0.0
1777733763658658981,-0.4,0.0,0.0,0.0,0.0,0.00438177976757
1777733763678292036,-0.4,0.0,0.0,0.0,0.0,0.0166773481295
1777733763682147026,-0.4,0.0,0.0,0.0,0.0,0.0412684861571
1777733763702547073,-0.4,0.0,0.0,0.0,0.0,0.0658596202731
1777733763738593101,-0.4,0.0,0.0,0.0,0.0,0.0781551912427
1777733763782031059,-0.4,0.0,0.0,0.0,0.0,0.102746322751
1777733763832550048,-0.4,0.0,0.0,0.0,0.0,0.102746322751
1777733763882771968,-0.4,0.0,0.0,0.0,0.0,0.102746322751
1777733763906402111,-0.4,0.0,0.0,0.0,0.0,0.115041893721
1777733763918354034,-0.4,0.0,0.0,0.0,0.0,0.13963303566
1777733763930552005,-0.4,0.0,0.0,0.0,0.0,0.151928596199
1777733763950495958,-0.4,0.0,0.0,0.0,0.0,0.176519727707
1777733764000736951,-0.4,0.0,0.0,0.0,0.0,0.176519727707
1777733764050740003,-0.4,0.0,0.0,0.0,0.0,0.176519727707
1777733764100860118,-0.4,0.0,0.0,0.0,0.0,0.176519727707
1777733764151137113,-0.4,0.0,0.0,0.0,0.0,0.176519727707
1777733764201159954,-0.4,0.0,0.0,0.0,0.0,0.176519727707
1777733764251208066,-0.4,0.0,0.0,0.0,0.0,0.176519727707
1777733764301382064,-0.4,0.0,0.0,0.0,0.0,0.176519727707
1777733764351531982,-0.4,0.0,0.0,0.0,0.0,0.176519727707
1777733764401679992,-0.4,0.0,0.0,0.0,0.0,0.176519727707
1777733764451783895,-0.4,0.0,0.0,0.0,0.0,0.176519727707
1777733764470376014,-0.4,0.0,0.0,0.0,0.0,0.115041893721
1777733764478171110,-0.4,0.0,0.0,0.0,0.0,0.0781551912427
1777733764482192039,-0.4,0.0,0.0,0.0,0.0,0.0658596202731
1777733764486129045,-0.4,0.0,0.0,0.0,0.0,0.0166773481295
1777733764490328073,-0.4,0.0,0.0,0.0,0.0,0.00438177976757
1777733764494265079,-0.4,0.0,0.0,0.0,0.0,-0.0
1777733764498106956,-0.4,0.0,0.0,0.0,0.0,-0.0
1777733764502334117,-0.4,0.0,0.0,0.0,0.0,-0.0
1777733764506115913,-0.4,0.0,0.0,0.0,0.0,-0.0
1777733764510263919,-0.4,0.0,0.0,0.0,0.0,-0.0
1777733764513794898,-0.4,0.0,0.0,0.0,0.0,-0.0
1777733764522008895,-0.4,0.0,0.0,0.0,0.0,-0.0
1777733764572652101,-0.4,0.0,0.0,0.0,0.0,-0.0
1777733764622670888,-0.4,0.0,0.0,0.0,0.0,-0.0
1777733764672672033,-0.4,0.0,0.0,0.0,0.0,-0.0
1777733764710477113,-0.4,0.0,0.0,0.0,0.0,-0.0
1777733764760703086,-0.4,0.0,0.0,0.0,0.0,-0.0
1777733764810764074,-0.4,0.0,0.0,0.0,0.0,-0.0
1777733764860764980,-0.4,0.0,0.0,0.0,0.0,-0.0
1777733764906568050,-0.4,0.0,0.0,0.0,0.0,-0.0
1777733764956759929,-0.4,0.0,0.0,0.0,0.0,-0.0
1777733765006736993,-0.4,0.0,0.0,0.0,0.0,-0.0
1777733765057010889,-0.4,0.0,0.0,0.0,0.0,-0.0
1777733765106934070,-0.4,0.0,0.0,0.0,0.0,-0.0
1777733765157170057,-0.4,0.0,0.0,0.0,0.0,-0.0
1777733765207532882,-0.4,0.0,0.0,0.0,0.0,-0.0
1777733765257618904,-0.4,0.0,0.0,0.0,0.0,-0.0
1777733765307320117,-0.4,0.0,0.0,0.0,0.0,-0.0
1777733765357736110,-0.4,0.0,0.0,0.0,0.0,-0.0
1777733765407988071,-0.4,0.0,0.0,0.0,0.0,-0.0
1777733765458148956,-0.4,0.0,0.0,0.0,0.0,-0.0
1777733765508172035,-0.4,0.0,0.0,0.0,0.0,-0.0
1777733765558283090,-0.4,0.0,0.0,0.0,0.0,-0.0
1777733765608364105,-0.4,0.0,0.0,0.0,0.0,-0.0
1777733765658612012,-0.4,0.0,0.0,0.0,0.0,-0.0
1777733765708795070,-0.4,0.0,0.0,0.0,0.0,-0.0
1777733765758724927,-0.4,0.0,0.0,0.0,0.0,-0.0
1777733765808876991,-0.4,0.0,0.0,0.0,0.0,-0.0
1777733765859333992,-0.4,0.0,0.0,0.0,0.0,-0.0
1777733765909441947,-0.4,0.0,0.0,0.0,0.0,-0.0
1777733765959306001,-0.4,0.0,0.0,0.0,0.0,-0.0
1777733766009527921,-0.4,0.0,0.0,0.0,0.0,-0.0
1777733766059689044,-0.4,0.0,0.0,0.0,0.0,-0.0
1777733766109993934,-0.4,0.0,0.0,0.0,0.0,-0.0
1777733766159991025,-0.4,0.0,0.0,0.0,0.0,-0.0
1777733766210321903,-0.4,0.0,0.0,0.0,0.0,-0.0
1777733766263576030,-0.4,0.0,0.0,0.0,0.0,-0.0
1777733766310179948,-0.4,0.0,0.0,0.0,0.0,-0.0
1777733766360608100,-0.4,0.0,0.0,0.0,0.0,-0.0
1777733766410698890,-0.4,0.0,0.0,0.0,0.0,-0.0
1777733766460807085,-0.4,0.0,0.0,0.0,0.0,-0.0
1777733766511029958,-0.4,0.0,0.0,0.0,0.0,-0.0
1777733766561048030,-0.4,0.0,0.0,0.0,0.0,-0.0
1777733766611042976,-0.4,0.0,0.0,0.0,0.0,-0.0
1777733766661299943,-0.4,0.0,0.0,0.0,0.0,-0.0
1777733766711505889,-0.4,0.0,0.0,0.0,0.0,-0.0
1777733766761599063,-0.4,0.0,0.0,0.0,0.0,-0.0
1777733766811517953,-0.4,0.0,0.0,0.0,0.0,-0.0
1777733766861799955,-0.4,0.0,0.0,0.0,0.0,-0.0
1777733766911802053,-0.4,0.0,0.0,0.0,0.0,-0.0
1777733766962094068,-0.4,0.0,0.0,0.0,0.0,-0.0
1777733767011687994,-0.4,0.0,0.0,0.0,0.0,-0.0
1777733767062206029,-0.4,0.0,0.0,0.0,0.0,-0.0
1777733767112520933,-0.4,0.0,0.0,0.0,0.0,-0.0
1777733767162585020,-0.4,0.0,0.0,0.0,0.0,-0.0
1777733767212583065,-0.4,0.0,0.0,0.0,0.0,-0.0
1777733767262840986,-0.4,0.0,0.0,0.0,0.0,-0.0
1777733767312839984,-0.4,0.0,0.0,0.0,0.0,-0.0
1777733767363528013,-0.4,0.0,0.0,0.0,0.0,-0.0
1777733767413480997,-0.4,0.0,0.0,0.0,0.0,-0.0
1777733767463788986,-0.4,0.0,0.0,0.0,0.0,-0.0
1777733767513811111,-0.4,0.0,0.0,0.0,0.0,-0.0
1777733767563937902,-0.4,0.0,0.0,0.0,0.0,-0.0
1777733767613955020,-0.4,0.0,0.0,0.0,0.0,-0.0
1777733767664155960,-0.4,0.0,0.0,0.0,0.0,-0.0
1777733767714318990,-0.4,0.0,0.0,0.0,0.0,-0.0
1777733767764358997,-0.4,0.0,0.0,0.0,0.0,-0.0
1777733767814446926,-0.4,0.0,0.0,0.0,0.0,-0.0
1777733767864697933,-0.4,0.0,0.0,0.0,0.0,-0.0
1777733767914923906,-0.4,0.0,0.0,0.0,0.0,-0.0
1777733767965015888,-0.4,0.0,0.0,0.0,0.0,-0.0
1777733768015113115,-0.4,0.0,0.0,0.0,0.0,-0.0
1777733768065262079,-0.4,0.0,0.0,0.0,0.0,-0.0
1777733768115367889,-0.4,0.0,0.0,0.0,0.0,-0.0
1777733768165321111,-0.4,0.0,0.0,0.0,0.0,-0.0
1777733768215709924,-0.4,0.0,0.0,0.0,0.0,-0.0
1777733768265862941,-0.4,0.0,0.0,0.0,0.0,-0.0
1777733768315906047,-0.4,0.0,0.0,0.0,0.0,-0.0
1777733768365956068,-0.4,0.0,0.0,0.0,0.0,-0.0
1777733768416255950,-0.4,0.0,0.0,0.0,0.0,-0.0
1777733768466289043,-0.4,0.0,0.0,0.0,0.0,-0.0
1777733768516467094,-0.4,0.0,0.0,0.0,0.0,-0.0
1777733768566730976,-0.4,0.0,0.0,0.0,0.0,-0.0
1777733768616760015,-0.4,0.0,0.0,0.0,0.0,-0.0
1777733768666718959,-0.4,0.0,0.0,0.0,0.0,-0.0
1777733768717070102,-0.4,0.0,0.0,0.0,0.0,-0.0
1777733768767276048,-0.4,0.0,0.0,0.0,0.0,-0.0
1777733768817342042,-0.4,0.0,0.0,0.0,0.0,-0.0
1777733768867644071,-0.4,0.0,0.0,0.0,0.0,-0.0
1777733768917691946,-0.4,0.0,0.0,0.0,0.0,-0.0
1777733768967752933,-0.4,0.0,0.0,0.0,0.0,-0.0
1777733769017905950,-0.4,0.0,0.0,0.0,0.0,-0.0
1777733769068253993,-0.4,0.0,0.0,0.0,0.0,-0.0
1777733769118176937,-0.4,0.0,0.0,0.0,0.0,-0.0
1777733769168309926,-0.4,0.0,0.0,0.0,0.0,-0.0
1777733769218588113,-0.4,0.0,0.0,0.0,0.0,-0.0
1777733769268848896,-0.4,0.0,0.0,0.0,0.0,-0.0
1777733769318617105,-0.4,0.0,0.0,0.0,0.0,-0.0
1777733769369137048,-0.4,0.0,0.0,0.0,0.0,-0.0
1777733769418931007,-0.4,0.0,0.0,0.0,0.0,-0.0
1777733769469419002,-0.4,0.0,0.0,0.0,0.0,-0.0
1777733769519288063,-0.4,0.0,0.0,0.0,0.0,-0.0
1777733769569765090,-0.4,0.0,0.0,0.0,0.0,-0.0
1777733769619669914,-0.4,0.0,0.0,0.0,0.0,-0.0
1777733769669902086,-0.4,0.0,0.0,0.0,0.0,-0.0
1777733769719871997,-0.4,0.0,0.0,0.0,0.0,-0.0
1777733769770132064,-0.4,0.0,0.0,0.0,0.0,-0.0
1777733769820007085,-0.4,0.0,0.0,0.0,0.0,-0.0
1777733769870359897,-0.4,0.0,0.0,0.0,0.0,-0.0
1777733769920418977,-0.4,0.0,0.0,0.0,0.0,-0.0
1777733769970484972,-0.4,0.0,0.0,0.0,0.0,-0.0
1777733770020668983,-0.4,0.0,0.0,0.0,0.0,-0.0
1777733770038450956,-0.4,0.0,0.0,0.0,0.0,-0.0
1777733770058521032,-0.4,0.0,0.0,0.0,0.0,-0.0
1777733770070521116,-0.4,0.0,0.0,0.0,0.0,-0.0
1777733770090368032,-0.4,0.0,0.0,0.0,0.0,-0.0
1777733770098448991,-0.4,0.0,0.0,0.0,0.0,-0.0
1777733770118470907,-0.4,0.0,0.0,0.0,0.0,-0.0
1777733770130502939,-0.4,0.0,0.0,0.0,0.0,-0.00428683329374
1777733770154623985,-0.4,0.0,0.0,0.0,0.0,-0.0288779713213
1777733770204641103,-0.4,0.0,0.0,0.0,0.0,-0.0288779713213
1777733770254962921,-0.4,0.0,0.0,0.0,0.0,-0.0288779713213
1777733770304689884,-0.4,0.0,0.0,0.0,0.0,-0.0288779713213
1777733770355158090,-0.4,0.0,0.0,0.0,0.0,-0.0288779713213
1777733770405129909,-0.4,0.0,0.0,0.0,0.0,-0.0288779713213
1777733770418459892,-0.4,0.0,0.0,0.0,0.0,-0.0411735396832
1777733770430464029,-0.4,0.0,0.0,0.0,0.0,-0.0657646737993
1777733770446274042,-0.4,0.0,0.0,0.0,0.0,-0.0780602447689
1777733770466367959,-0.4,0.0,0.0,0.0,0.0,-0.102651381493
1777733770482556104,-0.4,0.0,0.0,0.0,0.0,-0.114946952462
1777733770522449016,-0.4,0.0,0.0,0.0,0.0,-0.139538083971
1777733770558636903,-0.4,0.0,0.0,0.0,0.0,-0.16412922591
1777733770574414968,-0.4,0.0,0.0,0.0,0.0,-0.176424786448
1777733770602538108,-0.4,0.0,0.0,0.0,0.0,-0.201015928388
1777733770630450010,-0.4,0.0,0.0,0.0,0.0,-0.213311499357
1777733770662605047,-0.4,0.0,0.0,0.0,0.0,-0.237902641296
1777733770698678970,-0.4,0.0,0.0,0.0,0.0,-0.250198191404
1777733770748533964,-0.4,0.0,0.0,0.0,0.0,-0.250198191404
1777733770762623071,-0.4,0.0,0.0,0.0,0.0,-0.274789333344
1777733770812846899,-0.4,0.0,0.0,0.0,0.0,-0.274789333344
1777733770862819910,-0.4,0.0,0.0,0.0,0.0,-0.274789333344
1777733770912776947,-0.4,0.0,0.0,0.0,0.0,-0.274789333344
1777733770963068962,-0.4,0.0,0.0,0.0,0.0,-0.274789333344
1777733771013124942,-0.4,0.0,0.0,0.0,0.0,-0.274789333344
1777733771063052892,-0.4,0.0,0.0,0.0,0.0,-0.274789333344
1777733771113414049,-0.4,0.0,0.0,0.0,0.0,-0.274789333344
1777733771163738965,-0.4,0.0,0.0,0.0,0.0,-0.274789333344
1777733771213834047,-0.4,0.0,0.0,0.0,0.0,-0.274789333344
1777733771263881921,-0.4,0.0,0.0,0.0,0.0,-0.274789333344
1777733771313891887,-0.4,0.0,0.0,0.0,0.0,-0.274789333344
1777733771364196062,-0.4,0.0,0.0,0.0,0.0,-0.274789333344
1777733771382263898,-0.4,0.0,0.0,0.0,0.0,-0.287084904313
1777733771394599914,-0.4,0.0,0.0,0.0,0.0,-0.311676046252
1777733771414588928,-0.4,0.0,0.0,0.0,0.0,-0.323971617222
1777733771434581041,-0.4,0.0,0.0,0.0,0.0,-0.348562738299
1777733771450701951,-0.4,0.0,0.0,0.0,0.0,-0.360858309269
1777733771462516069,-0.4,0.0,0.0,0.0,0.0,-0.385496932268
1777733771478444099,-0.4,0.0,0.0,0.0,0.0,-0.397792482376
1777733771486171960,-0.4,0.0,0.0,0.0,0.0,-0.422383624315
1777733771490051984,-0.4,0.0,0.0,0.0,0.0,-0.446974766254
1777733771502656936,-0.4,0.0,0.0,0.0,0.0,-0.459270316362
1777733771510447025,-0.4,0.0,0.0,0.0,0.0,-0.483861458302
1777733771522702932,-0.4,0.0,0.0,0.0,0.0,-0.496157050133
1777733771526509046,-0.4,0.0,0.0,0.0,0.0,-0.520748192072
1777733771530565977,-0.4,0.0,0.0,0.0,0.0,-0.53304374218
1777733771538217067,-0.4,0.0,0.0,0.0,0.0,-0.557634884119
1777733771542448997,-0.4,0.0,0.0,0.0,0.0,-0.569930434227
1777733771550570964,-0.387684082985,0.0,0.0,0.0,0.0,-0.594521576166
1777733771558566093,-0.387684082985,0.0,0.0,0.0,0.0,-0.606817167997
1777733771566472053,-0.387684082985,0.0,0.0,0.0,0.0,-0.631408309937
1777733771570324897,-0.387684082985,0.0,0.0,0.0,0.0,-0.643703860044
1777733771574259042,-0.380658054352,0.0,0.0,0.0,0.0,-0.643703860044
1777733771577991008,-0.380658054352,0.0,0.0,0.0,0.0,-0.668295001984
1777733771581851959,-0.380658054352,0.0,0.0,0.0,0.0,-0.680590552092
1777733771586036920,-0.380658054352,0.0,0.0,0.0,0.0,-0.705181694031
1777733771594188928,-0.380658054352,0.0,0.0,0.0,0.0,-0.717477285862
1777733771610441923,-0.377145028114,0.0,0.0,0.0,0.0,-0.742068386078
1777733771614481925,-0.370118999481,0.0,0.0,0.0,0.0,-0.742068386078
1777733771618268966,-0.370118999481,0.0,0.0,0.0,0.0,-0.76665956974
1777733771622071981,-0.363092947006,0.0,0.0,0.0,0.0,-0.76665956974
1777733771625957012,-0.363092947006,0.0,0.0,0.0,0.0,-0.778955078125
1777733771629961013,-0.359579920769,0.0,0.0,0.0,0.0,-0.778955078125
1777733771638271093,-0.359579920769,0.0,0.0,0.0,0.0,-0.803546261787
1777733771650281906,-0.352553892136,0.0,0.0,0.0,0.0,-0.803546261787
1777733771654162883,-0.352553892136,0.0,0.0,0.0,0.0,-0.815841853619
1777733771662488937,-0.352553892136,0.0,0.0,0.0,0.0,-0.840432953835
1777733771666151046,-0.349040865898,0.0,0.0,0.0,0.0,-0.840432953835
1777733771686322927,-0.342014837265,0.0,0.0,0.0,0.0,-0.852728545666
1777733771698446035,-0.342014837265,0.0,0.0,0.0,0.0,-0.877319645882
1777733771714472055,-0.33498878479,0.0,0.0,0.0,0.0,-0.877319645882
1777733771726180076,-0.33498878479,0.0,0.0,0.0,0.0,-0.889615237713
1777733771776570081,-0.33498878479,0.0,0.0,0.0,0.0,-0.889615237713
1777733771826678037,-0.33498878479,0.0,0.0,0.0,0.0,-0.889615237713
1777733771876802921,-0.33498878479,0.0,0.0,0.0,0.0,-0.889615237713
1777733771894463062,-0.320936703682,0.0,0.0,0.0,0.0,-0.951140511036
1777733771944524049,-0.320936703682,0.0,0.0,0.0,0.0,-0.951140511036
1777733771994674921,-0.320936703682,0.0,0.0,0.0,0.0,-0.951140511036
1777733772044831991,-0.320936703682,0.0,0.0,0.0,0.0,-0.951140511036
1777733772094844102,-0.320936703682,0.0,0.0,0.0,0.0,-0.951140511036
1777733772145040988,-0.320936703682,0.0,0.0,0.0,0.0,-0.951140511036
1777733772195175886,-0.320936703682,0.0,0.0,0.0,0.0,-0.951140511036
1777733772245136022,-0.320936703682,0.0,0.0,0.0,0.0,-0.951140511036
1777733772295449018,-0.320936703682,0.0,0.0,0.0,0.0,-0.951140511036
1777733772345530986,-0.320936703682,0.0,0.0,0.0,0.0,-0.951140511036
1777733772395559072,-0.320936703682,0.0,0.0,0.0,0.0,-0.951140511036
1777733772445703983,-0.320936703682,0.0,0.0,0.0,0.0,-0.951140511036
1777733772495755910,-0.320936703682,0.0,0.0,0.0,0.0,-0.951140511036
1777733772545737981,-0.320936703682,0.0,0.0,0.0,0.0,-0.951140511036
1777733772595874071,-0.320936703682,0.0,0.0,0.0,0.0,-0.951140511036
1777733772602513074,-0.33498878479,0.0,0.0,0.0,0.0,-0.951140511036
1777733772610554933,-0.342014837265,0.0,0.0,0.0,0.0,-0.889615237713
1777733772618335008,-0.342014837265,0.0,0.0,0.0,0.0,-0.877319645882
1777733772626245021,-0.349040865898,0.0,0.0,0.0,0.0,-0.852728545666
1777733772630500078,-0.349040865898,0.0,0.0,0.0,0.0,-0.840432953835
1777733772634145975,-0.352553892136,0.0,0.0,0.0,0.0,-0.840432953835
1777733772638195037,-0.352553892136,0.0,0.0,0.0,0.0,-0.815841853619
1777733772642337083,-0.359579920769,0.0,0.0,0.0,0.0,-0.815841853619
1777733772646022081,-0.359579920769,0.0,0.0,0.0,0.0,-0.803546261787
1777733772649913072,-0.363092947006,0.0,0.0,0.0,0.0,-0.778955078125
1777733772653898000,-0.370118999481,0.0,0.0,0.0,0.0,-0.778955078125
1777733772657958984,-0.370118999481,0.0,0.0,0.0,0.0,-0.76665956974
1777733772662209033,-0.377145028114,0.0,0.0,0.0,0.0,-0.76665956974
1777733772666189908,-0.377145028114,0.0,0.0,0.0,0.0,-0.742068386078
1777733772670277118,-0.377145028114,0.0,0.0,0.0,0.0,-0.717477285862
1777733772674032926,-0.380658054352,0.0,0.0,0.0,0.0,-0.705181694031
1777733772677917957,-0.380658054352,0.0,0.0,0.0,0.0,-0.668295001984
1777733772681830883,-0.387684082985,0.0,0.0,0.0,0.0,-0.631408309937
1777733772685733079,-0.387684082985,0.0,0.0,0.0,0.0,-0.606817167997
1777733772689769983,-0.391197109222,0.0,0.0,0.0,0.0,-0.594521576166
1777733772697907924,-0.391197109222,0.0,0.0,0.0,0.0,-0.569930434227
1777733772701921939,-0.398223137856,0.0,0.0,0.0,0.0,-0.557634884119
1777733772706445932,-0.398223137856,0.0,0.0,0.0,0.0,-0.53304374218
1777733772710192918,-0.4,0.0,0.0,0.0,0.0,-0.496157050133
1777733772714001893,-0.4,0.0,0.0,0.0,0.0,-0.483861458302
1777733772717972993,-0.4,0.0,0.0,0.0,0.0,-0.459270316362
1777733772722095012,-0.4,0.0,0.0,0.0,0.0,-0.422383624315
1777733772725979089,-0.4,0.0,0.0,0.0,0.0,-0.385496932268
1777733772729986906,-0.4,0.0,0.0,0.0,0.0,-0.360858309269
1777733772734005928,-0.4,0.0,0.0,0.0,0.0,-0.348562738299
1777733772738321065,-0.4,0.0,0.0,0.0,0.0,-0.323971617222
1777733772742044925,-0.4,0.0,0.0,0.0,0.0,-0.311676046252
1777733772746133089,-0.4,0.0,0.0,0.0,0.0,-0.287084904313
1777733772754467964,-0.4,0.0,0.0,0.0,0.0,-0.274789333344
1777733772762482881,-0.4,0.0,0.0,0.0,0.0,-0.237902641296
1777733772770319938,-0.4,0.0,0.0,0.0,0.0,-0.213311499357
1777733772774243116,-0.4,0.0,0.0,0.0,0.0,-0.201015928388
1777733772781178951,-0.4,0.0,0.0,0.0,0.0,-0.16412922591
1777733772802412033,-0.4,0.0,0.0,0.0,0.0,-0.139538083971
1777733772806240081,-0.4,0.0,0.0,0.0,0.0,-0.0
1777733772810323953,-0.4,0.0,0.0,0.0,0.0,-0.0
1777733772813885927,-0.4,0.0,0.0,0.0,0.0,-0.0
1777733772822216033,-0.4,0.0,0.0,0.0,0.0,-0.0
1777733772838326930,-0.4,0.0,0.0,0.0,0.0,-0.0
1777733772858515977,-0.4,0.0,0.0,0.0,0.0,-0.0
1777733772908600091,-0.4,0.0,0.0,0.0,0.0,-0.0
1777733772958872079,-0.4,0.0,0.0,0.0,0.0,-0.0
1777733773008884906,-0.4,0.0,0.0,0.0,0.0,-0.0
1777733773059030055,-0.4,0.0,0.0,0.0,0.0,-0.0
1777733773109072923,-0.4,0.0,0.0,0.0,0.0,-0.0
1777733773159260034,-0.4,0.0,0.0,0.0,0.0,-0.0
1777733773206516027,-0.4,0.0,0.0,0.0,0.0,-0.0
1777733773210118055,-0.4,0.0,0.0,0.0,0.0,-0.0657646737993
1777733773214108943,-0.4,0.0,0.0,0.0,0.0,-0.0780602447689
1777733773218025922,-0.4,0.0,0.0,0.0,0.0,-0.102651381493
1777733773222022056,-0.4,0.0,0.0,0.0,0.0,-0.139538083971
1777733773226130962,-0.4,0.0,0.0,0.0,0.0,-0.16412922591
1777733773234523057,-0.4,0.0,0.0,0.0,0.0,-0.176424786448
1777733773238214015,-0.4,0.0,0.0,0.0,0.0,-0.213311499357
1777733773246479988,-0.4,0.0,0.0,0.0,0.0,-0.250198191404
1777733773254534006,-0.4,0.0,0.0,0.0,0.0,-0.274789333344
1777733773258536100,-0.4,0.0,0.0,0.0,0.0,-0.287084904313
1777733773261982917,-0.4,0.0,0.0,0.0,0.0,-0.311676046252
1777733773270684957,-0.4,0.0,0.0,0.0,0.0,-0.323971617222
1777733773278367996,-0.4,0.0,0.0,0.0,0.0,-0.348562738299
1777733773282324075,-0.4,0.0,0.0,0.0,0.0,-0.360858309269
1777733773302433967,-0.4,0.0,0.0,0.0,0.0,-0.385496932268
1777733773352603912,-0.4,0.0,0.0,0.0,0.0,-0.385496932268
1777733773358166933,-0.4,0.0,0.0,0.0,0.0,-0.397792482376
1777733773366369009,-0.4,0.0,0.0,0.0,0.0,-0.422383624315
1777733773378195047,-0.4,0.0,0.0,0.0,0.0,-0.446974766254
1777733773398422956,-0.4,0.0,0.0,0.0,0.0,-0.459270316362
1777733773410599946,-0.4,0.0,0.0,0.0,0.0,-0.483861458302
1777733773454504013,-0.4,0.0,0.0,0.0,0.0,-0.496157050133
1777733773504431962,-0.4,0.0,0.0,0.0,0.0,-0.496157050133
1777733773554641008,-0.4,0.0,0.0,0.0,0.0,-0.496157050133
1777733773604835987,-0.4,0.0,0.0,0.0,0.0,-0.496157050133
1777733773654896020,-0.4,0.0,0.0,0.0,0.0,-0.496157050133
1777733773705054998,-0.4,0.0,0.0,0.0,0.0,-0.496157050133
1777733773755189895,-0.4,0.0,0.0,0.0,0.0,-0.496157050133
1777733773805618047,-0.4,0.0,0.0,0.0,0.0,-0.496157050133
1777733773855817079,-0.4,0.0,0.0,0.0,0.0,-0.496157050133
1777733773878667116,-0.4,0.0,0.0,0.0,0.0,-0.446974766254
1777733773886440038,-0.4,0.0,0.0,0.0,0.0,-0.102651381493
1777733773897939920,-0.4,0.0,0.0,0.0,0.0,-0.0780602447689
1777733773901849031,-0.4,0.0,0.0,0.0,0.0,-0.0657646737993
1777733773914081096,-0.4,0.0,0.0,0.0,0.0,-0.0411735396832
1777733773926484107,-0.4,0.0,0.0,0.0,0.0,-0.0288779713213
1777733773938246965,-0.4,0.0,0.0,0.0,0.0,-0.00428683329374
1777733773954346895,-0.4,0.0,0.0,0.0,0.0,-0.0
1777733773958132028,-0.4,0.0,0.0,0.0,0.0,-0.0
1777733773962275981,-0.4,0.0,0.0,0.0,0.0,-0.0
1777733773969878911,-0.4,0.0,0.0,0.0,0.0,-0.0
1777733773994554042,-0.4,0.0,0.0,0.0,0.0,-0.0
1777733774044713020,-0.4,0.0,0.0,0.0,0.0,-0.0
1777733774094763040,-0.4,0.0,0.0,0.0,0.0,-0.0
1777733774145020961,-0.4,0.0,0.0,0.0,0.0,-0.0
1777733774182589054,-0.4,0.0,0.0,0.0,0.0,-0.0
1777733774214632987,-0.4,0.0,0.0,0.0,0.0,-0.0
1777733774246754884,-0.4,0.0,0.0,0.0,0.0,-0.0
1777733774296639919,-0.4,0.0,0.0,0.0,0.0,-0.0
1777733774346812963,-0.4,0.0,0.0,0.0,0.0,-0.0
1777733774397022008,-0.4,0.0,0.0,0.0,0.0,-0.0
1777733774447098016,-0.4,0.0,0.0,0.0,0.0,-0.0
1777733774497247934,-0.4,0.0,0.0,0.0,0.0,-0.0
1777733774547331094,-0.4,0.0,0.0,0.0,0.0,-0.0
1777733774597659111,-0.4,0.0,0.0,0.0,0.0,-0.0
1777733774647607088,-0.4,0.0,0.0,0.0,0.0,-0.0
1777733774697774887,-0.4,0.0,0.0,0.0,0.0,-0.0
1777733774747818946,-0.4,0.0,0.0,0.0,0.0,-0.0
1777733774798024892,-0.4,0.0,0.0,0.0,0.0,-0.0
1777733774848140001,-0.4,0.0,0.0,0.0,0.0,-0.0
1777733774890249013,-0.4,0.0,0.0,0.0,0.0,-0.0
1777733774898005962,-0.4,0.0,0.0,0.0,0.0,-0.0
1777733774902049064,-0.4,0.0,0.0,0.0,0.0,-0.0
1777733774910010099,-0.4,0.0,0.0,0.0,0.0,-0.0
1777733774913965940,-0.4,0.0,0.0,0.0,0.0,-0.00428683329374
1777733774917953014,-0.4,0.0,0.0,0.0,0.0,-0.0288779713213
1777733774926273107,-0.4,0.0,0.0,0.0,0.0,-0.0411735396832
1777733774946139097,-0.4,0.0,0.0,0.0,0.0,-0.0657646737993
1777733774950021982,-0.4,0.0,0.0,0.0,0.0,-0.16412922591
1777733774954104900,-0.4,0.0,0.0,0.0,0.0,-0.176424786448
1777733774958115100,-0.4,0.0,0.0,0.0,0.0,-0.213311499357
1777733774962021112,-0.4,0.0,0.0,0.0,0.0,-0.237902641296
1777733774970057964,-0.4,0.0,0.0,0.0,0.0,-0.274789333344
1777733774974173069,-0.4,0.0,0.0,0.0,0.0,-0.287084904313
1777733774977900981,-0.4,0.0,0.0,0.0,0.0,-0.311676046252
1777733774985923051,-0.4,0.0,0.0,0.0,0.0,-0.360858309269
1777733774989903926,-0.4,0.0,0.0,0.0,0.0,-0.385496932268
1777733774997842073,-0.4,0.0,0.0,0.0,0.0,-0.397792482376
1777733775001878976,-0.4,0.0,0.0,0.0,0.0,-0.422383624315
1777733775005924940,-0.4,0.0,0.0,0.0,0.0,-0.446974766254
1777733775056195974,-0.4,0.0,0.0,0.0,0.0,-0.446974766254
1777733775057874917,-0.4,0.0,0.0,0.0,0.0,-0.459270316362
1777733775074084043,-0.4,0.0,0.0,0.0,0.0,-0.483861458302
1777733775102345943,-0.4,0.0,0.0,0.0,0.0,-0.496157050133
1777733775106069087,-0.4,0.0,0.0,0.0,0.0,-0.520748192072
1777733775109993934,-0.4,0.0,0.0,0.0,0.0,-0.53304374218
1777733775126122951,-0.4,0.0,0.0,0.0,0.0,-0.557634884119
1777733775142174005,-0.387684082985,0.0,0.0,0.0,0.0,-0.569930434227
1777733775153254032,-0.387684082985,0.0,0.0,0.0,0.0,-0.594521576166
1777733775170100927,-0.380658054352,0.0,0.0,0.0,0.0,-0.594521576166
1777733775174089908,-0.380658054352,0.0,0.0,0.0,0.0,-0.606817167997
1777733775186554908,-0.380658054352,0.0,0.0,0.0,0.0,-0.631408309937
1777733775190136909,-0.377145028114,0.0,0.0,0.0,0.0,-0.631408309937
1777733775202120065,-0.377145028114,0.0,0.0,0.0,0.0,-0.643703860044
1777733775252556085,-0.377145028114,0.0,0.0,0.0,0.0,-0.643703860044
1777733775302800893,-0.377145028114,0.0,0.0,0.0,0.0,-0.643703860044
1777733775352624893,-0.377145028114,0.0,0.0,0.0,0.0,-0.643703860044
1777733775402719020,-0.377145028114,0.0,0.0,0.0,0.0,-0.643703860044
1777733775452826023,-0.377145028114,0.0,0.0,0.0,0.0,-0.643703860044
1777733775503046035,-0.377145028114,0.0,0.0,0.0,0.0,-0.643703860044
1777733775553114891,-0.377145028114,0.0,0.0,0.0,0.0,-0.643703860044
1777733775603280067,-0.377145028114,0.0,0.0,0.0,0.0,-0.643703860044
1777733775653486967,-0.377145028114,0.0,0.0,0.0,0.0,-0.643703860044
1777733775703525066,-0.377145028114,0.0,0.0,0.0,0.0,-0.643703860044
1777733775753796100,-0.377145028114,0.0,0.0,0.0,0.0,-0.643703860044
1777733775803898096,-0.377145028114,0.0,0.0,0.0,0.0,-0.643703860044
1777733775853869915,-0.377145028114,0.0,0.0,0.0,0.0,-0.643703860044
1777733775904149055,-0.377145028114,0.0,0.0,0.0,0.0,-0.643703860044
1777733775953982114,-0.377145028114,0.0,0.0,0.0,0.0,-0.643703860044
1777733776004355907,-0.377145028114,0.0,0.0,0.0,0.0,-0.643703860044
1777733776054503917,-0.377145028114,0.0,0.0,0.0,0.0,-0.643703860044
1777733776104703903,-0.377145028114,0.0,0.0,0.0,0.0,-0.643703860044
1777733776154674053,-0.377145028114,0.0,0.0,0.0,0.0,-0.643703860044
1777733776205348968,-0.377145028114,0.0,0.0,0.0,0.0,-0.643703860044
1777733776255048990,-0.377145028114,0.0,0.0,0.0,0.0,-0.643703860044
1777733776305243968,-0.377145028114,0.0,0.0,0.0,0.0,-0.643703860044
1777733776355232000,-0.377145028114,0.0,0.0,0.0,0.0,-0.643703860044
1777733776405338048,-0.377145028114,0.0,0.0,0.0,0.0,-0.643703860044
1777733776455445051,-0.377145028114,0.0,0.0,0.0,0.0,-0.643703860044
1777733776505573034,-0.377145028114,0.0,0.0,0.0,0.0,-0.643703860044
1777733776555811882,-0.377145028114,0.0,0.0,0.0,0.0,-0.643703860044
1777733776605773925,-0.377145028114,0.0,0.0,0.0,0.0,-0.643703860044
1777733776656022071,-0.377145028114,0.0,0.0,0.0,0.0,-0.643703860044
1777733776705991029,-0.377145028114,0.0,0.0,0.0,0.0,-0.643703860044
1777733776756212949,-0.377145028114,0.0,0.0,0.0,0.0,-0.643703860044
1777733776806349039,-0.377145028114,0.0,0.0,0.0,0.0,-0.643703860044
1777733776856453895,-0.377145028114,0.0,0.0,0.0,0.0,-0.643703860044
1777733776906943082,-0.377145028114,0.0,0.0,0.0,0.0,-0.643703860044
1777733776954250097,-0.377145028114,0.0,0.0,0.0,0.0,-0.668295001984
1777733776957952976,-0.377145028114,0.0,0.0,0.0,0.0,-0.680590552092
1777733776961925983,-0.377145028114,0.0,0.0,0.0,0.0,-0.705181694031
1777733776965969085,-0.370118999481,0.0,0.0,0.0,0.0,-0.705181694031
1777733776969882965,-0.370118999481,0.0,0.0,0.0,0.0,-0.717477285862
1777733776974039077,-0.363092947006,0.0,0.0,0.0,0.0,-0.717477285862
1777733776982482910,-0.363092947006,0.0,0.0,0.0,0.0,-0.742068386078
1777733776998306989,-0.359579920769,0.0,0.0,0.0,0.0,-0.742068386078
1777733777006272077,-0.352553892136,0.0,0.0,0.0,0.0,-0.76665956974
1777733777056560039,-0.352553892136,0.0,0.0,0.0,0.0,-0.76665956974
1777733777106801033,-0.352553892136,0.0,0.0,0.0,0.0,-0.76665956974
1777733777134063959,-0.352553892136,0.0,0.0,0.0,0.0,-0.778955078125
1777733777137900114,-0.349040865898,0.0,0.0,0.0,0.0,-0.778955078125
1777733777141810894,-0.349040865898,0.0,0.0,0.0,0.0,-0.803546261787
1777733777149939060,-0.342014837265,0.0,0.0,0.0,0.0,-0.815841853619
1777733777158351898,-0.342014837265,0.0,0.0,0.0,0.0,-0.840432953835
1777733777162278890,-0.33498878479,0.0,0.0,0.0,0.0,-0.840432953835
1777733777166141986,-0.33498878479,0.0,0.0,0.0,0.0,-0.852728545666
1777733777170101881,-0.331475782394,0.0,0.0,0.0,0.0,-0.877319645882
1777733777173835039,-0.324449729919,0.0,0.0,0.0,0.0,-0.889615237713
1777733777186369895,-0.324449729919,0.0,0.0,0.0,0.0,-0.914253818989
1777733777193871021,-0.320936703682,0.0,0.0,0.0,0.0,-0.92654941082
1777733777197879076,-0.320936703682,0.0,0.0,0.0,0.0,-0.951140511036
1777733777248493909,-0.320936703682,0.0,0.0,0.0,0.0,-0.951140511036
1777733777298732995,-0.320936703682,0.0,0.0,0.0,0.0,-0.951140511036
1777733777348717927,-0.320936703682,0.0,0.0,0.0,0.0,-0.951140511036
1777733777398997068,-0.320936703682,0.0,0.0,0.0,0.0,-0.951140511036
1777733777449165105,-0.320936703682,0.0,0.0,0.0,0.0,-0.951140511036
1777733777499152898,-0.320936703682,0.0,0.0,0.0,0.0,-0.951140511036
1777733777549309968,-0.320936703682,0.0,0.0,0.0,0.0,-0.951140511036
1777733777599483013,-0.320936703682,0.0,0.0,0.0,0.0,-0.951140511036
1777733777638160943,-0.4,0.0,0.0,0.0,0.0,-0.16412922591
1777733777642226934,-0.4,0.0,0.0,0.0,0.0,-0.139538083971
1777733777646353006,-0.4,0.0,0.0,0.0,0.0,-0.102651381493
1777733777650191068,-0.4,0.0,0.0,0.0,0.0,-0.0657646737993
1777733777653992891,-0.4,0.0,0.0,0.0,0.0,-0.0411735396832
1777733777657879114,-0.4,0.0,0.0,0.0,0.0,-0.0288779713213
1777733777662062883,-0.4,0.0,0.0,0.0,0.0,-0.00428683329374
1777733777670428037,-0.4,0.0,0.0,0.0,0.0,-0.0
1777733777674123048,-0.4,0.0,0.0,0.0,0.0,-0.0
1777733777677930116,-0.4,0.0,0.0,0.0,0.0,-0.0
1777733777681813001,-0.4,0.0,0.0,0.0,0.0,-0.0
1777733777690023899,-0.4,0.0,0.0,0.0,0.0,-0.0
1777733777706326007,-0.4,0.0,0.0,0.0,0.0,-0.0
1777733777710208892,-0.4,0.0,0.0,0.0,0.0,-0.0
1777733777717910051,-0.4,0.0,0.0,0.0,0.0,-0.0
1777733777768608093,-0.4,0.0,0.0,0.0,0.0,-0.0
1777733777818717956,-0.4,0.0,0.0,0.0,0.0,-0.0
1777733777868864059,-0.4,0.0,0.0,0.0,0.0,-0.0
1777733777878563880,-0.4,0.0,0.0,0.0,0.0,-0.0
1777733777890273094,-0.4,0.0,0.0,0.0,0.0,-0.0
1777733777902489900,-0.4,0.0,0.0,0.0,0.0,-0.0
1777733777910612106,-0.4,0.0,0.0,0.0,0.0,-0.0
1777733777914361000,-0.4,0.0,0.0,0.0,0.0,-0.0
1777733777918169021,-0.4,0.0,0.0,0.0,0.0,-0.0
1777733777922072887,-0.4,0.0,0.0,0.0,0.0,-0.0
1777733777942272901,-0.4,0.0,0.0,0.0,0.0,-0.0
1777733777950526952,-0.4,0.0,0.0,0.0,0.0,0.00438177976757
1777733777958043098,-0.4,0.0,0.0,0.0,0.0,0.0166773481295
1777733777970269918,-0.4,0.0,0.0,0.0,0.0,0.0412684861571
1777733778020473957,-0.4,0.0,0.0,0.0,0.0,0.0412684861571
1777733778070561885,-0.4,0.0,0.0,0.0,0.0,0.0412684861571
1777733778120728015,-0.4,0.0,0.0,0.0,0.0,0.0412684861571
1777733778162516117,-0.4,0.0,0.0,0.0,0.0,0.0658596202731
1777733778166024923,-0.4,0.0,0.0,0.0,0.0,0.13963303566
1777733778170365095,-0.4,0.0,0.0,0.0,0.0,0.151928596199
1777733778186822891,-0.4,0.0,0.0,0.0,0.0,0.176519727707
1777733778236458063,-0.4,0.0,0.0,0.0,0.0,0.176519727707
1777733778286528110,-0.4,0.0,0.0,0.0,0.0,0.176519727707
1777733778336615085,-0.4,0.0,0.0,0.0,0.0,0.176519727707
1777733778386827945,-0.4,0.0,0.0,0.0,0.0,0.176519727707
1777733778436860084,-0.4,0.0,0.0,0.0,0.0,0.176519727707
1777733778462085962,-0.4,0.0,0.0,0.0,0.0,0.250293153524
1777733778512640953,-0.4,0.0,0.0,0.0,0.0,0.250293153524
1777733778563029050,-0.4,0.0,0.0,0.0,0.0,0.250293153524
1777733778613162994,-0.4,0.0,0.0,0.0,0.0,0.250293153524
1777733778663252115,-0.4,0.0,0.0,0.0,0.0,0.250293153524
1777733778702352046,-0.4,0.0,0.0,0.0,0.0,0.201110869646
1777733778714440107,-0.4,0.0,0.0,0.0,0.0,0.176519727707
1777733778726217031,-0.4,0.0,0.0,0.0,0.0,0.151928596199
1777733778734266996,-0.4,0.0,0.0,0.0,0.0,0.13963303566
1777733778738141059,-0.4,0.0,0.0,0.0,0.0,0.115041893721
1777733778742039918,-0.4,0.0,0.0,0.0,0.0,0.102746322751
1777733778750164031,-0.4,0.0,0.0,0.0,0.0,0.0781551912427
1777733778754012107,-0.4,0.0,0.0,0.0,0.0,0.0658596202731
1777733778762161970,-0.4,0.0,0.0,0.0,0.0,0.0412684861571
1777733778766145944,-0.4,0.0,0.0,0.0,0.0,0.0166773481295
1777733778774344921,-0.4,0.0,0.0,0.0,0.0,0.00438177976757
1777733778798628091,-0.4,0.0,0.0,0.0,0.0,-0.0
1777733778848915100,-0.4,0.0,0.0,0.0,0.0,-0.0
1777733778899213075,-0.4,0.0,0.0,0.0,0.0,-0.0
1777733778949155092,-0.4,0.0,0.0,0.0,0.0,-0.0
1777733778999412059,-0.4,0.0,0.0,0.0,0.0,-0.0
1777733779049701929,-0.4,0.0,0.0,0.0,0.0,-0.0
1777733779099617004,-0.4,0.0,0.0,0.0,0.0,-0.0
1777733779149470090,-0.4,0.0,0.0,0.0,0.0,-0.0
1777733779199816942,-0.4,0.0,0.0,0.0,0.0,-0.0
1777733779218286991,-0.4,0.0,0.0,0.0,0.0,0.0412684861571
1777733779222182035,-0.4,0.0,0.0,0.0,0.0,0.0658596202731
1777733779234216928,-0.4,0.0,0.0,0.0,0.0,0.0781551912427
1777733779246437072,-0.4,0.0,0.0,0.0,0.0,0.102746322751
1777733779254257917,-0.4,0.0,0.0,0.0,0.0,0.115041893721
1777733779278446912,-0.4,0.0,0.0,0.0,0.0,0.13963303566
1777733779322074890,-0.4,0.0,0.0,0.0,0.0,0.151928596199
1777733779330148935,-0.4,0.0,0.0,0.0,0.0,0.176519727707
1777733779342355966,-0.4,0.0,0.0,0.0,0.0,0.201110869646
1777733779346177101,-0.4,0.0,0.0,0.0,0.0,0.213406440616
1777733779362309932,-0.4,0.0,0.0,0.0,0.0,0.237997582555
1777733779374366998,-0.4,0.0,0.0,0.0,0.0,0.250293153524
1777733779424411058,-0.4,0.0,0.0,0.0,0.0,0.250293153524
1777733779474637985,-0.4,0.0,0.0,0.0,0.0,0.250293153524
1777733779524550914,-0.4,0.0,0.0,0.0,0.0,0.250293153524
1777733779574748992,-0.4,0.0,0.0,0.0,0.0,0.250293153524
1777733779624768972,-0.4,0.0,0.0,0.0,0.0,0.250293153524
1777733779674829959,-0.4,0.0,0.0,0.0,0.0,0.250293153524
1777733779694466114,-0.4,0.0,0.0,0.0,0.0,0.201110869646
1777733779698285102,-0.4,0.0,0.0,0.0,0.0,0.176519727707
1777733779702052116,-0.4,0.0,0.0,0.0,0.0,0.151928596199
1777733779706278085,-0.4,0.0,0.0,0.0,0.0,0.13963303566
1777733779714077949,-0.4,0.0,0.0,0.0,0.0,0.115041893721
1777733779717859029,-0.4,0.0,0.0,0.0,0.0,0.102746322751
1777733779725917100,-0.4,0.0,0.0,0.0,0.0,0.0781551912427
1777733779729827880,-0.4,0.0,0.0,0.0,0.0,0.0658596202731
1777733779738231897,-0.4,0.0,0.0,0.0,0.0,0.0412684861571
1777733779746454954,-0.4,0.0,0.0,0.0,0.0,0.0166773481295
1777733779749941110,-0.4,0.0,0.0,0.0,0.0,0.00438177976757
1777733779758541107,-0.4,0.0,0.0,0.0,0.0,-0.0
1777733779770222902,-0.4,0.0,0.0,0.0,0.0,-0.0
1777733779820477962,-0.4,0.0,0.0,0.0,0.0,-0.0
1777733779826325893,-0.4,0.0,0.0,0.0,0.0,-0.0
1777733779876509904,-0.4,0.0,0.0,0.0,0.0,-0.0
1777733779878168106,-0.4,0.0,0.0,0.0,0.0,-0.0
1777733779894490003,-0.4,0.0,0.0,0.0,0.0,-0.0
1777733779902376890,-0.4,0.0,0.0,0.0,0.0,-0.0
1777733779906033039,-0.4,0.0,0.0,0.0,0.0,-0.0
1777733779918473958,-0.4,0.0,0.0,0.0,0.0,-0.0
1777733779925846099,-0.4,0.0,0.0,0.0,0.0,-0.0
1777733779976371049,-0.4,0.0,0.0,0.0,0.0,-0.0
1777733780026731967,-0.4,0.0,0.0,0.0,0.0,-0.0
1777733780076437950,-0.4,0.0,0.0,0.0,0.0,-0.0
1777733780126854896,-0.4,0.0,0.0,0.0,0.0,-0.0
1777733780176909923,-0.4,0.0,0.0,0.0,0.0,-0.0
1777733780227006912,-0.4,0.0,0.0,0.0,0.0,-0.0
1777733780276993989,-0.4,0.0,0.0,0.0,0.0,-0.0
1777733780327054023,-0.4,0.0,0.0,0.0,0.0,-0.0
1777733780377207040,-0.4,0.0,0.0,0.0,0.0,-0.0
1777733780427273988,-0.4,0.0,0.0,0.0,0.0,-0.0
1777733780477621078,-0.4,0.0,0.0,0.0,0.0,-0.0
1777733780527695894,-0.4,0.0,0.0,0.0,0.0,-0.0
1777733780577802896,-0.4,0.0,0.0,0.0,0.0,-0.0
1777733780627696990,-0.4,0.0,0.0,0.0,0.0,-0.0
1777733780677766084,-0.4,0.0,0.0,0.0,0.0,-0.0
1777733780727849960,-0.4,0.0,0.0,0.0,0.0,-0.0
1777733780777910947,-0.4,0.0,0.0,0.0,0.0,-0.0
1777733780827984094,-0.4,0.0,0.0,0.0,0.0,-0.0
1777733780878324985,-0.4,0.0,0.0,0.0,0.0,-0.0
1777733780928278923,-0.4,0.0,0.0,0.0,0.0,-0.0
1777733780978313922,-0.4,0.0,0.0,0.0,0.0,-0.0
1777733781028532981,-0.4,0.0,0.0,0.0,0.0,-0.0
1777733781078726053,-0.4,0.0,0.0,0.0,0.0,-0.0
1777733781128725051,-0.4,0.0,0.0,0.0,0.0,-0.0
1777733781178715944,-0.4,0.0,0.0,0.0,0.0,-0.0
1777733781229065895,-0.4,0.0,0.0,0.0,0.0,-0.0
1777733781279194116,-0.4,0.0,0.0,0.0,0.0,-0.0
1777733781329334974,-0.4,0.0,0.0,0.0,0.0,-0.0
1777733781379198074,-0.4,0.0,0.0,0.0,0.0,-0.0
1777733781429572105,-0.4,0.0,0.0,0.0,0.0,-0.0
1777733781479792118,-0.4,0.0,0.0,0.0,0.0,-0.0
1777733781529644966,-0.4,0.0,0.0,0.0,0.0,-0.0
1777733781579713106,-0.4,0.0,0.0,0.0,0.0,-0.0
1777733781629916906,-0.4,0.0,0.0,0.0,0.0,-0.0
1777733781680217027,-0.4,0.0,0.0,0.0,0.0,-0.0
1777733781730249881,-0.4,0.0,0.0,0.0,0.0,-0.0
1777733781780210018,-0.4,0.0,0.0,0.0,0.0,-0.0
1777733781830512046,-0.4,0.0,0.0,0.0,0.0,-0.0
1777733781880666971,-0.4,0.0,0.0,0.0,0.0,-0.0
1777733781930614948,-0.4,0.0,0.0,0.0,0.0,-0.0
1777733781980850934,-0.4,0.0,0.0,0.0,0.0,-0.0
1777733782030869007,-0.4,0.0,0.0,0.0,0.0,-0.0
1777733782081131935,-0.4,0.0,0.0,0.0,0.0,-0.0
1777733782131243944,-0.4,0.0,0.0,0.0,0.0,-0.0
1777733782181474924,-0.4,0.0,0.0,0.0,0.0,-0.0
1777733782231452941,-0.4,0.0,0.0,0.0,0.0,-0.0
1777733782281532049,-0.4,0.0,0.0,0.0,0.0,-0.0
1777733782331665992,-0.4,0.0,0.0,0.0,0.0,-0.0
1777733782381894111,-0.4,0.0,0.0,0.0,0.0,-0.0
1777733782431972980,-0.4,0.0,0.0,0.0,0.0,-0.0
1777733782482264041,-0.4,0.0,0.0,0.0,0.0,-0.0
1777733782532197952,-0.4,0.0,0.0,0.0,0.0,-0.0
1777733782582545042,-0.4,0.0,0.0,0.0,0.0,-0.0
1777733782632352113,-0.4,0.0,0.0,0.0,0.0,-0.0
1777733782682236909,-0.4,0.0,0.0,0.0,0.0,-0.0
1777733782732533931,-0.4,0.0,0.0,0.0,0.0,-0.0
1777733782782895088,-0.4,0.0,0.0,0.0,0.0,-0.0
1777733782832875967,-0.4,0.0,0.0,0.0,0.0,-0.0
1777733782883143901,-0.4,0.0,0.0,0.0,0.0,-0.0
1777733782932921886,-0.4,0.0,0.0,0.0,0.0,-0.0
1777733782983272075,-0.4,0.0,0.0,0.0,0.0,-0.0
1777733783033376932,-0.4,0.0,0.0,0.0,0.0,-0.0
1777733783083451032,-0.4,0.0,0.0,0.0,0.0,-0.0
1777733783133476972,-0.4,0.0,0.0,0.0,0.0,-0.0
1777733783183559894,-0.4,0.0,0.0,0.0,0.0,-0.0
1777733783233845949,-0.4,0.0,0.0,0.0,0.0,-0.0
1777733783283993959,-0.4,0.0,0.0,0.0,0.0,-0.0
1777733783334008932,-0.4,0.0,0.0,0.0,0.0,-0.0
1777733783383939027,-0.4,0.0,0.0,0.0,0.0,-0.0
1777733783434290885,-0.4,0.0,0.0,0.0,0.0,-0.0
1777733783484216928,-0.4,0.0,0.0,0.0,0.0,-0.0
1777733783534713983,-0.4,0.0,0.0,0.0,0.0,-0.0
1777733783584810018,-0.4,0.0,0.0,0.0,0.0,-0.0
1777733783634746074,-0.4,0.0,0.0,0.0,0.0,-0.0
1777733783684770107,-0.4,0.0,0.0,0.0,0.0,-0.0
1777733783734827041,-0.4,0.0,0.0,0.0,0.0,-0.0
1777733783785109996,-0.4,0.0,0.0,0.0,0.0,-0.0
1777733783835179090,-0.4,0.0,0.0,0.0,0.0,-0.0
1777733783885350942,-0.4,0.0,0.0,0.0,0.0,-0.0
1777733783935369014,-0.4,0.0,0.0,0.0,0.0,-0.0
1777733783985616922,-0.4,0.0,0.0,0.0,0.0,-0.0
1777733784035540103,-0.4,0.0,0.0,0.0,0.0,-0.0
1777733784085602998,-0.4,0.0,0.0,0.0,0.0,-0.0
1777733784135750055,-0.4,0.0,0.0,0.0,0.0,-0.0
1777733784185601949,-0.4,0.0,0.0,0.0,0.0,-0.0
1777733784236063003,-0.4,0.0,0.0,0.0,0.0,-0.0
1777733784285984039,-0.4,0.0,0.0,0.0,0.0,-0.0
1777733784336123943,-0.4,0.0,0.0,0.0,0.0,-0.0
1777733784386363983,-0.4,0.0,0.0,0.0,0.0,-0.0
1777733784436563968,-0.4,0.0,0.0,0.0,0.0,-0.0
1777733784486607074,-0.4,0.0,0.0,0.0,0.0,-0.0
1777733784536757946,-0.4,0.0,0.0,0.0,0.0,-0.0
1777733784586743116,-0.4,0.0,0.0,0.0,0.0,-0.0
1777733784636790037,-0.4,0.0,0.0,0.0,0.0,-0.0
1777733784687127113,-0.4,0.0,0.0,0.0,0.0,-0.0
1777733784737030029,-0.4,0.0,0.0,0.0,0.0,-0.0
1777733784787210941,-0.4,0.0,0.0,0.0,0.0,-0.0
1777733784837236881,-0.4,0.0,0.0,0.0,0.0,-0.0
1777733784887583971,-0.4,0.0,0.0,0.0,0.0,-0.0
1777733784937576055,-0.4,0.0,0.0,0.0,0.0,-0.0
1777733784987796068,-0.4,0.0,0.0,0.0,0.0,-0.0
1777733785037789106,-0.4,0.0,0.0,0.0,0.0,-0.0
1777733785087614059,-0.4,0.0,0.0,0.0,0.0,-0.0
1777733785138025999,-0.4,0.0,0.0,0.0,0.0,-0.0
1777733785188076972,-0.4,0.0,0.0,0.0,0.0,-0.0
1777733785238312959,-0.4,0.0,0.0,0.0,0.0,-0.0
1777733785288413047,-0.4,0.0,0.0,0.0,0.0,-0.0
1777733785338968038,-0.4,0.0,0.0,0.0,0.0,-0.0
1777733785388775110,-0.4,0.0,0.0,0.0,0.0,-0.0
1777733785439106941,-0.4,0.0,0.0,0.0,0.0,-0.0
1777733785489259004,-0.4,0.0,0.0,0.0,0.0,-0.0
1777733785539372920,-0.4,0.0,0.0,0.0,0.0,-0.0
1777733785589523077,-0.4,0.0,0.0,0.0,0.0,-0.0
1777733785639569044,-0.4,0.0,0.0,0.0,0.0,-0.0
1777733785690263986,-0.4,0.0,0.0,0.0,0.0,-0.0
1777733785739795923,-0.4,0.0,0.0,0.0,0.0,-0.0
1777733785790036916,-0.4,0.0,0.0,0.0,0.0,-0.0
1777733785839997053,-0.4,0.0,0.0,0.0,0.0,-0.0
1777733785889878034,-0.4,0.0,0.0,0.0,0.0,-0.0
1777733785940121889,-0.4,0.0,0.0,0.0,0.0,-0.0
1777733785990030050,-0.4,0.0,0.0,0.0,0.0,-0.0
1777733786040344953,-0.4,0.0,0.0,0.0,0.0,-0.0
1777733786090260982,-0.4,0.0,0.0,0.0,0.0,-0.0
1777733786140362024,-0.4,0.0,0.0,0.0,0.0,-0.0
1777733786190455913,-0.4,0.0,0.0,0.0,0.0,-0.0
1777733786240621089,-0.4,0.0,0.0,0.0,0.0,-0.0
1777733786290647983,-0.4,0.0,0.0,0.0,0.0,-0.0
1777733786340776920,-0.4,0.0,0.0,0.0,0.0,-0.0
1777733786390881061,-0.4,0.0,0.0,0.0,0.0,-0.0
1777733786441045045,-0.4,0.0,0.0,0.0,0.0,-0.0
1777733786491172075,-0.4,0.0,0.0,0.0,0.0,-0.0
1777733786541344881,-0.4,0.0,0.0,0.0,0.0,-0.0
1777733786591566085,-0.4,0.0,0.0,0.0,0.0,-0.0
1777733786641453981,-0.4,0.0,0.0,0.0,0.0,-0.0
1777733786691440105,-0.4,0.0,0.0,0.0,0.0,-0.0
1777733786741410017,-0.4,0.0,0.0,0.0,0.0,-0.0
1777733786791779994,-0.4,0.0,0.0,0.0,0.0,-0.0
1777733786841829061,-0.4,0.0,0.0,0.0,0.0,-0.0
1777733786891627073,-0.4,0.0,0.0,0.0,0.0,-0.0
1777733786942003011,-0.4,0.0,0.0,0.0,0.0,-0.0
1777733786991849899,-0.4,0.0,0.0,0.0,0.0,-0.0
1777733787042114973,-0.4,0.0,0.0,0.0,0.0,-0.0
1777733787092163085,-0.4,0.0,0.0,0.0,0.0,-0.0
1777733787142287969,-0.4,0.0,0.0,0.0,0.0,-0.0
1777733787192358016,-0.4,0.0,0.0,0.0,0.0,-0.0
1777733787242197990,-0.4,0.0,0.0,0.0,0.0,-0.0
1777733787292577028,-0.4,0.0,0.0,0.0,0.0,-0.0
1777733787342732906,-0.4,0.0,0.0,0.0,0.0,-0.0
1777733787392807960,-0.4,0.0,0.0,0.0,0.0,-0.0
1777733787443870067,-0.4,0.0,0.0,0.0,0.0,-0.0
1777733787493022918,-0.4,0.0,0.0,0.0,0.0,-0.0
1777733787543092966,-0.4,0.0,0.0,0.0,0.0,-0.0
1777733787593168020,-0.4,0.0,0.0,0.0,0.0,-0.0
1777733787643326044,-0.4,0.0,0.0,0.0,0.0,-0.0
1777733787693339109,-0.4,0.0,0.0,0.0,0.0,-0.0
1777733787743472099,-0.4,0.0,0.0,0.0,0.0,-0.0
1777733787793663978,-0.4,0.0,0.0,0.0,0.0,-0.0
1777733787843806028,-0.4,0.0,0.0,0.0,0.0,-0.0
1777733787893935918,-0.4,0.0,0.0,0.0,0.0,-0.0
1777733787944008111,-0.4,0.0,0.0,0.0,0.0,-0.0
1777733787993834018,-0.4,0.0,0.0,0.0,0.0,-0.0
1777733788044260025,-0.4,0.0,0.0,0.0,0.0,-0.0
1777733788094299077,-0.4,0.0,0.0,0.0,0.0,-0.0
1777733788144412040,-0.4,0.0,0.0,0.0,0.0,-0.0
1777733788194418907,-0.4,0.0,0.0,0.0,0.0,-0.0
1777733788244971036,-0.4,0.0,0.0,0.0,0.0,-0.0
1777733788294723987,-0.4,0.0,0.0,0.0,0.0,-0.0
1777733788345094919,-0.4,0.0,0.0,0.0,0.0,-0.0
1777733788394841909,-0.4,0.0,0.0,0.0,0.0,-0.0
1777733788445413112,-0.4,0.0,0.0,0.0,0.0,-0.0
1777733788495238065,-0.4,0.0,0.0,0.0,0.0,-0.0
1777733788545093059,-0.4,0.0,0.0,0.0,0.0,-0.0
1777733788595527887,-0.4,0.0,0.0,0.0,0.0,-0.0
1777733788645493984,-0.4,0.0,0.0,0.0,0.0,-0.0
1777733788695615053,-0.4,0.0,0.0,0.0,0.0,-0.0
1777733788745759010,-0.4,0.0,0.0,0.0,0.0,-0.0
1777733788795876026,-0.4,0.0,0.0,0.0,0.0,-0.0
1777733788846223115,-0.4,0.0,0.0,0.0,0.0,-0.0
1777733788895679950,-0.4,0.0,0.0,0.0,0.0,-0.0
1777733788945662975,-0.4,0.0,0.0,0.0,0.0,-0.0
1777733788996186971,-0.4,0.0,0.0,0.0,0.0,-0.0
1777733789022283077,-0.4,0.0,0.0,0.0,0.0,-0.0
1777733789034007072,-0.4,0.0,0.0,0.0,0.0,-0.0
1777733789038172960,-0.4,0.0,0.0,0.0,0.0,-0.0
1777733789046216964,-0.4,0.0,0.0,0.0,0.0,-0.0
1777733789050235033,-0.4,0.0,0.0,0.0,0.0,-0.0
1777733789062146902,-0.4,0.0,0.0,0.0,0.0,-0.0
1777733789070318937,-0.4,0.0,0.0,0.0,0.0,0.00438177976757
1777733789078098058,-0.4,0.0,0.0,0.0,0.0,0.0166773481295
1777733789086278915,-0.4,0.0,0.0,0.0,0.0,0.0412684861571
1777733789089907884,-0.4,0.0,0.0,0.0,0.0,0.0658596202731
1777733789098437070,-0.4,0.0,0.0,0.0,0.0,0.0781551912427
1777733789101905107,-0.4,0.0,0.0,0.0,0.0,0.102746322751
1777733789110294103,-0.4,0.0,0.0,0.0,0.0,0.115041893721
1777733789113992929,-0.4,0.0,0.0,0.0,0.0,0.13963303566
1777733789118087053,-0.4,0.0,0.0,0.0,0.0,0.176519727707
1777733789122260093,-0.4,0.0,0.0,0.0,0.0,0.201110869646
1777733789126090049,-0.4,0.0,0.0,0.0,0.0,0.213406440616
1777733789130115985,-0.4,0.0,0.0,0.0,0.0,0.250293153524
1777733789134016990,-0.4,0.0,0.0,0.0,0.0,0.274884274602
1777733789142204999,-0.4,0.0,0.0,0.0,0.0,0.299475416541
1777733789146045923,-0.4,0.0,0.0,0.0,0.0,0.311770987511
1777733789153918027,-0.4,0.0,0.0,0.0,0.0,0.33636212945
1777733789158035993,-0.4,0.0,0.0,0.0,0.0,0.348657700419
1777733789166131019,-0.4,0.0,0.0,0.0,0.0,0.373296302557
1777733789173974990,-0.4,0.0,0.0,0.0,0.0,0.397887444496
1777733789177896976,-0.4,0.0,0.0,0.0,0.0,0.410182994604
1777733789181814908,-0.4,0.0,0.0,0.0,0.0,0.434774136543
1777733789189837932,-0.387684082985,0.0,0.0,0.0,0.0,0.447069728374
1777733789193844079,-0.387684082985,0.0,0.0,0.0,0.0,0.471660870314
1777733789201930999,-0.380658054352,0.0,0.0,0.0,0.0,0.508547562361
1777733789205825090,-0.380658054352,0.0,0.0,0.0,0.0,0.5331387043
1777733789213923931,-0.380658054352,0.0,0.0,0.0,0.0,0.545434254408
1777733789217875957,-0.380658054352,0.0,0.0,0.0,0.0,0.570025396347
1777733789226182937,-0.377145028114,0.0,0.0,0.0,0.0,0.594616538286
1777733789229886054,-0.377145028114,0.0,0.0,0.0,0.0,0.606912088394
1777733789233813047,-0.370118999481,0.0,0.0,0.0,0.0,0.631503230333
1777733789241842985,-0.363092947006,0.0,0.0,0.0,0.0,0.643798822165
1777733789245815038,-0.363092947006,0.0,0.0,0.0,0.0,0.668389964104
1777733789249785900,-0.359579920769,0.0,0.0,0.0,0.0,0.69298106432
1777733789253725051,-0.352553892136,0.0,0.0,0.0,0.0,0.69298106432
1777733789257749080,-0.349040865898,0.0,0.0,0.0,0.0,0.705276656151
1777733789261720895,-0.349040865898,0.0,0.0,0.0,0.0,0.729867756367
1777733789269875049,-0.342014837265,0.0,0.0,0.0,0.0,0.729867756367
1777733789273885965,-0.342014837265,0.0,0.0,0.0,0.0,0.742163348198
1777733789281856060,-0.342014837265,0.0,0.0,0.0,0.0,0.76675453186
1777733789285743951,-0.342014837265,0.0,0.0,0.0,0.0,0.779050040245
1777733789289678096,-0.33498878479,0.0,0.0,0.0,0.0,0.779050040245
1777733789293689012,-0.33498878479,0.0,0.0,0.0,0.0,0.803641223907
1777733789297678947,-0.331475782394,0.0,0.0,0.0,0.0,0.803641223907
1777733789301747083,-0.331475782394,0.0,0.0,0.0,0.0,0.828232324123
1777733789310030937,-0.324449729919,0.0,0.0,0.0,0.0,0.828232324123
1777733789313771009,-0.324449729919,0.0,0.0,0.0,0.0,0.840527915955
1777733789333817958,-0.320936703682,0.0,0.0,0.0,0.0,0.865119016171
1777733789358026981,-0.320936703682,0.0,0.0,0.0,0.0,0.877414608002
1777733789408545017,-0.320936703682,0.0,0.0,0.0,0.0,0.877414608002
1777733789458729028,-0.320936703682,0.0,0.0,0.0,0.0,0.877414608002
1777733789508866071,-0.320936703682,0.0,0.0,0.0,0.0,0.877414608002
1777733789538281917,-0.313910675049,0.0,0.0,0.0,0.0,0.877414608002
1777733789546150922,-0.313910675049,0.0,0.0,0.0,0.0,0.902053189278
1777733789596652030,-0.313910675049,0.0,0.0,0.0,0.0,0.902053189278
1777733789646542072,-0.313910675049,0.0,0.0,0.0,0.0,0.902053189278
1777733789696645021,-0.313910675049,0.0,0.0,0.0,0.0,0.902053189278
1777733789746514081,-0.313910675049,0.0,0.0,0.0,0.0,0.902053189278
1777733789796742916,-0.313910675049,0.0,0.0,0.0,0.0,0.902053189278
1777733789818423032,-0.306884646416,0.0,0.0,0.0,0.0,0.902053189278
1777733789868558883,-0.306884646416,0.0,0.0,0.0,0.0,0.902053189278
1777733789918606042,-0.306884646416,0.0,0.0,0.0,0.0,0.902053189278
1777733789968689918,-0.306884646416,0.0,0.0,0.0,0.0,0.902053189278
1777733789970123052,-0.306884646416,0.0,0.0,0.0,0.0,0.92664437294
1777733789990283966,-0.303371620178,0.0,0.0,0.0,0.0,0.92664437294
1777733789993820905,-0.303371620178,0.0,0.0,0.0,0.0,0.938939881325
1777733790044538974,-0.303371620178,0.0,0.0,0.0,0.0,0.938939881325
1777733790094705104,-0.303371620178,0.0,0.0,0.0,0.0,0.938939881325
1777733790144789934,-0.303371620178,0.0,0.0,0.0,0.0,0.938939881325
1777733790194633007,-0.303371620178,0.0,0.0,0.0,0.0,0.938939881325
1777733790244890928,-0.303371620178,0.0,0.0,0.0,0.0,0.938939881325
1777733790294661998,-0.303371620178,0.0,0.0,0.0,0.0,0.938939881325
1777733790345241069,-0.303371620178,0.0,0.0,0.0,0.0,0.938939881325
1777733790395227909,-0.303371620178,0.0,0.0,0.0,0.0,0.938939881325
1777733790445549011,-0.303371620178,0.0,0.0,0.0,0.0,0.938939881325
1777733790495542049,-0.303371620178,0.0,0.0,0.0,0.0,0.938939881325
1777733790545656919,-0.303371620178,0.0,0.0,0.0,0.0,0.938939881325
1777733790595875024,-0.303371620178,0.0,0.0,0.0,0.0,0.938939881325
1777733790598097085,-0.303371620178,0.0,0.0,0.0,0.0,0.963531064987
1777733790622556924,-0.296345567703,0.0,0.0,0.0,0.0,0.963531064987
1777733790672331094,-0.296345567703,0.0,0.0,0.0,0.0,0.963531064987
1777733790682198047,-0.296345567703,0.0,0.0,0.0,0.0,0.975826656818
1777733790732522964,-0.296345567703,0.0,0.0,0.0,0.0,0.975826656818
1777733790782488107,-0.296345567703,0.0,0.0,0.0,0.0,0.975826656818
1777733790832672119,-0.296345567703,0.0,0.0,0.0,0.0,0.975826656818
1777733790882829904,-0.296345567703,0.0,0.0,0.0,0.0,0.975826656818
1777733790932871103,-0.296345567703,0.0,0.0,0.0,0.0,0.975826656818
1777733790982722043,-0.296345567703,0.0,0.0,0.0,0.0,0.975826656818
1777733791033174991,-0.296345567703,0.0,0.0,0.0,0.0,0.975826656818
1777733791083035945,-0.296345567703,0.0,0.0,0.0,0.0,0.975826656818
1777733791133318901,-0.296345567703,0.0,0.0,0.0,0.0,0.975826656818
1777733791183248043,-0.296345567703,0.0,0.0,0.0,0.0,0.975826656818
1777733791233644008,-0.296345567703,0.0,0.0,0.0,0.0,0.975826656818
1777733791283641099,-0.296345567703,0.0,0.0,0.0,0.0,0.975826656818
1777733791333930015,-0.296345567703,0.0,0.0,0.0,0.0,0.975826656818
1777733791384000062,-0.296345567703,0.0,0.0,0.0,0.0,0.975826656818
1777733791434051990,-0.296345567703,0.0,0.0,0.0,0.0,0.975826656818
1777733791484133958,-0.296345567703,0.0,0.0,0.0,0.0,0.975826656818
1777733791534557104,-0.296345567703,0.0,0.0,0.0,0.0,0.975826656818
1777733791584568977,-0.296345567703,0.0,0.0,0.0,0.0,0.975826656818
1777733791634699106,-0.296345567703,0.0,0.0,0.0,0.0,0.975826656818
1777733791684737920,-0.296345567703,0.0,0.0,0.0,0.0,0.975826656818
1777733791734879016,-0.296345567703,0.0,0.0,0.0,0.0,0.975826656818
1777733791784972906,-0.296345567703,0.0,0.0,0.0,0.0,0.975826656818
1777733791835097074,-0.296345567703,0.0,0.0,0.0,0.0,0.975826656818
1777733791885030984,-0.296345567703,0.0,0.0,0.0,0.0,0.975826656818
1777733791935446977,-0.296345567703,0.0,0.0,0.0,0.0,0.975826656818
1777733791985413074,-0.296345567703,0.0,0.0,0.0,0.0,0.975826656818
1777733792035604000,-0.296345567703,0.0,0.0,0.0,0.0,0.975826656818
1777733792085705041,-0.296345567703,0.0,0.0,0.0,0.0,0.975826656818
1777733792135798931,-0.296345567703,0.0,0.0,0.0,0.0,0.975826656818
1777733792185895919,-0.296345567703,0.0,0.0,0.0,0.0,0.975826656818
1777733792236102104,-0.296345567703,0.0,0.0,0.0,0.0,0.975826656818
1777733792286058902,-0.296345567703,0.0,0.0,0.0,0.0,0.975826656818
1777733792318171024,-0.320936703682,0.0,0.0,0.0,0.0,0.92664437294
1777733792322259902,-0.320936703682,0.0,0.0,0.0,0.0,0.902053189278
1777733792326072931,-0.324449729919,0.0,0.0,0.0,0.0,0.877414608002
1777733792334249019,-0.331475782394,0.0,0.0,0.0,0.0,0.865119016171
1777733792338262081,-0.331475782394,0.0,0.0,0.0,0.0,0.840527915955
1777733792342305898,-0.33498878479,0.0,0.0,0.0,0.0,0.840527915955
1777733792346009016,-0.342014837265,0.0,0.0,0.0,0.0,0.828232324123
1777733792349756956,-0.342014837265,0.0,0.0,0.0,0.0,0.803641223907
1777733792353715896,-0.349040865898,0.0,0.0,0.0,0.0,0.779050040245
1777733792362194061,-0.352553892136,0.0,0.0,0.0,0.0,0.76675453186
1777733792366108894,-0.352553892136,0.0,0.0,0.0,0.0,0.742163348198
1777733792370135068,-0.359579920769,0.0,0.0,0.0,0.0,0.742163348198
1777733792373708963,-0.363092947006,0.0,0.0,0.0,0.0,0.729867756367
1777733792377677917,-0.370118999481,0.0,0.0,0.0,0.0,0.705276656151
1777733792428548097,-0.370118999481,0.0,0.0,0.0,0.0,0.705276656151
1777733792478560924,-0.370118999481,0.0,0.0,0.0,0.0,0.705276656151
1777733792528723001,-0.370118999481,0.0,0.0,0.0,0.0,0.705276656151
1777733792578923940,-0.370118999481,0.0,0.0,0.0,0.0,0.705276656151
1777733792629177093,-0.370118999481,0.0,0.0,0.0,0.0,0.705276656151
1777733792654308080,-0.352553892136,0.0,0.0,0.0,0.0,0.705276656151
1777733792666435003,-0.349040865898,0.0,0.0,0.0,0.0,0.705276656151
1777733792670183897,-0.349040865898,0.0,0.0,0.0,0.0,0.76675453186
1777733792674290895,-0.349040865898,0.0,0.0,0.0,0.0,0.779050040245
1777733792682177066,-0.342014837265,0.0,0.0,0.0,0.0,0.803641223907
1777733792686079025,-0.342014837265,0.0,0.0,0.0,0.0,0.828232324123
1777733792689838886,-0.33498878479,0.0,0.0,0.0,0.0,0.828232324123
1777733792693819046,-0.33498878479,0.0,0.0,0.0,0.0,0.840527915955
1777733792697890996,-0.331475782394,0.0,0.0,0.0,0.0,0.840527915955
1777733792701822042,-0.324449729919,0.0,0.0,0.0,0.0,0.865119016171
1777733792710021018,-0.324449729919,0.0,0.0,0.0,0.0,0.877414608002
1777733792713735103,-0.313910675049,0.0,0.0,0.0,0.0,0.902053189278
1777733792717824935,-0.306884646416,0.0,0.0,0.0,0.0,0.938939881325
1777733792721829891,-0.303371620178,0.0,0.0,0.0,0.0,0.963531064987
1777733792725786924,-0.296345567703,0.0,0.0,0.0,0.0,0.975826656818
1777733792738183975,-0.292832565308,0.0,0.0,0.0,0.0,1.00041775703
1777733792742211103,-0.285806512833,0.0,0.0,0.0,0.0,1.00041775703
1777733792746195077,-0.2787804842,0.0,0.0,0.0,0.0,1.0250089407
1777733792753922939,-0.2787804842,0.0,0.0,0.0,0.0,1.03730444908
1777733792757873058,-0.275267457962,0.0,0.0,0.0,0.0,1.06189563274
1777733792762495994,-0.268241429329,0.0,0.0,0.0,0.0,1.06189563274
1777733792766079902,-0.264728403091,0.0,0.0,0.0,0.0,1.07419114113
1777733792774230957,-0.257702374458,0.0,0.0,0.0,0.0,1.09878232479
1777733792824409961,-0.257702374458,0.0,0.0,0.0,0.0,1.09878232479
1777733792866234064,-0.250662755966,0.0,0.0,0.0,0.0,1.09878232479
1777733792916083097,-0.250662755966,0.0,0.0,0.0,0.0,1.09878232479
1777733792966588973,-0.250662755966,0.0,0.0,0.0,0.0,1.09878232479
1777733792970199108,-0.264728403091,0.0,0.0,0.0,0.0,1.09878232479
1777733792974006891,-0.268241429329,0.0,0.0,0.0,0.0,1.09878232479
1777733792982364892,-0.275267457962,0.0,0.0,0.0,0.0,1.09878232479
1777733792986242055,-0.292832565308,0.0,0.0,0.0,0.0,1.0250089407
1777733792994076013,-0.296345567703,0.0,0.0,0.0,0.0,1.00041775703
1777733792997953891,-0.306884646416,0.0,0.0,0.0,0.0,0.963531064987
1777733793002368927,-0.320936703682,0.0,0.0,0.0,0.0,0.92664437294
1777733793006122112,-0.324449729919,0.0,0.0,0.0,0.0,0.877414608002
1777733793010186910,-0.331475782394,0.0,0.0,0.0,0.0,0.877414608002
1777733793014023065,-0.331475782394,0.0,0.0,0.0,0.0,0.865119016171
1777733793018028020,-0.342014837265,0.0,0.0,0.0,0.0,0.828232324123
1777733793021974086,-0.342014837265,0.0,0.0,0.0,0.0,0.803641223907
1777733793025844097,-0.349040865898,0.0,0.0,0.0,0.0,0.779050040245
1777733793029850006,-0.359579920769,0.0,0.0,0.0,0.0,0.742163348198
1777733793033992052,-0.370118999481,0.0,0.0,0.0,0.0,0.729867756367
1777733793037904024,-0.377145028114,0.0,0.0,0.0,0.0,0.69298106432
1777733793041937112,-0.380658054352,0.0,0.0,0.0,0.0,0.631503230333
1777733793046242952,-0.380658054352,0.0,0.0,0.0,0.0,0.594616538286
1777733793050343036,-0.387684082985,0.0,0.0,0.0,0.0,0.545434254408
1777733793053965091,-0.391197109222,0.0,0.0,0.0,0.0,0.508547562361
1777733793058001995,-0.398223137856,0.0,0.0,0.0,0.0,0.471660870314
1777733793061866998,-0.398223137856,0.0,0.0,0.0,0.0,0.434774136543
1777733793066000938,-0.398223137856,0.0,0.0,0.0,0.0,0.410182994604
1777733793070010900,-0.4,0.0,0.0,0.0,0.0,0.397887444496
1777733793073975086,-0.4,0.0,0.0,0.0,0.0,0.348657700419
1777733793077910900,-0.4,0.0,0.0,0.0,0.0,0.33636212945
1777733793118316888,-0.4,0.0,0.0,0.0,0.0,0.311770987511
1777733793130462884,-0.4,0.0,0.0,0.0,0.0,0.213406440616
1777733793154211044,-0.4,0.0,0.0,0.0,0.0,0.201110869646
1777733793158216953,-0.4,0.0,0.0,0.0,0.0,0.176519727707
1777733793166440963,-0.4,0.0,0.0,0.0,0.0,0.151928596199
1777733793178373098,-0.4,0.0,0.0,0.0,0.0,0.13963303566
1777733793181982040,-0.4,0.0,0.0,0.0,0.0,0.102746322751
1777733793194319009,-0.4,0.0,0.0,0.0,0.0,0.0658596202731
1777733793198090076,-0.4,0.0,0.0,0.0,0.0,0.0412684861571
1777733793202368021,-0.4,0.0,0.0,0.0,0.0,0.0166773481295
1777733793210222959,-0.4,0.0,0.0,0.0,0.0,0.00438177976757
1777733793214325904,-0.4,0.0,0.0,0.0,0.0,-0.0
1777733793218061923,-0.4,0.0,0.0,0.0,0.0,-0.0
1777733793234445095,-0.4,0.0,0.0,0.0,0.0,-0.0
1777733793242212057,-0.4,0.0,0.0,0.0,0.0,-0.0
1777733793250365972,-0.4,0.0,0.0,0.0,0.0,-0.0
1777733793262310981,-0.4,0.0,0.0,0.0,0.0,-0.0
1777733793266431093,-0.4,0.0,0.0,0.0,0.0,-0.0
1777733793316375970,-0.4,0.0,0.0,0.0,0.0,-0.0
1777733793366682052,-0.4,0.0,0.0,0.0,0.0,-0.0
1777733793416812896,-0.4,0.0,0.0,0.0,0.0,-0.0
1777733793466824054,-0.4,0.0,0.0,0.0,0.0,-0.0
1777733793474313020,-0.4,0.0,0.0,0.0,0.0,-0.0
1777733793486325025,-0.4,0.0,0.0,0.0,0.0,-0.0
1777733793490096092,-0.4,0.0,0.0,0.0,0.0,-0.0
1777733793502274036,-0.4,0.0,0.0,0.0,0.0,-0.0
1777733793506297111,-0.4,0.0,0.0,0.0,0.0,-0.0
1777733793514484882,-0.4,0.0,0.0,0.0,0.0,-0.0
1777733793518138885,-0.4,0.0,0.0,0.0,0.0,-0.00428683329374
1777733793522196054,-0.4,0.0,0.0,0.0,0.0,-0.0288779713213
1777733793530047893,-0.4,0.0,0.0,0.0,0.0,-0.0411735396832
1777733793538288116,-0.4,0.0,0.0,0.0,0.0,-0.0657646737993
1777733793578432083,-0.4,0.0,0.0,0.0,0.0,-0.0780602447689
1777733793590069055,-0.4,0.0,0.0,0.0,0.0,-0.102651381493
1777733793602466106,-0.4,0.0,0.0,0.0,0.0,-0.114946952462
1777733793610148906,-0.4,0.0,0.0,0.0,0.0,-0.139538083971
1777733793622454881,-0.4,0.0,0.0,0.0,0.0,-0.16412922591
1777733793630347013,-0.4,0.0,0.0,0.0,0.0,-0.176424786448
1777733793642529964,-0.4,0.0,0.0,0.0,0.0,-0.213311499357
1777733793662525892,-0.4,0.0,0.0,0.0,0.0,-0.237902641296
1777733793712721109,-0.4,0.0,0.0,0.0,0.0,-0.237902641296
1777733793746428966,-0.4,0.0,0.0,0.0,0.0,-0.250198191404
1777733793796607017,-0.4,0.0,0.0,0.0,0.0,-0.250198191404
1777733793846772909,-0.4,0.0,0.0,0.0,0.0,-0.250198191404
1777733793896845102,-0.4,0.0,0.0,0.0,0.0,-0.250198191404
1777733793946557044,-0.4,0.0,0.0,0.0,0.0,-0.274789333344
1777733793966470956,-0.4,0.0,0.0,0.0,0.0,-0.287084904313
1777733793998414993,-0.4,0.0,0.0,0.0,0.0,-0.311676046252
1777733794048403024,-0.4,0.0,0.0,0.0,0.0,-0.311676046252
1777733794098653078,-0.4,0.0,0.0,0.0,0.0,-0.311676046252
1777733794148703098,-0.4,0.0,0.0,0.0,0.0,-0.311676046252
1777733794170222997,-0.4,0.0,0.0,0.0,0.0,-0.250198191404
1777733794178112030,-0.4,0.0,0.0,0.0,0.0,-0.237902641296
1777733794186045885,-0.4,0.0,0.0,0.0,0.0,-0.213311499357
1777733794189748048,-0.4,0.0,0.0,0.0,0.0,-0.201015928388
1777733794198029994,-0.4,0.0,0.0,0.0,0.0,-0.176424786448
1777733794202049970,-0.4,0.0,0.0,0.0,0.0,-0.16412922591
1777733794205779075,-0.4,0.0,0.0,0.0,0.0,-0.139538083971
1777733794214163064,-0.4,0.0,0.0,0.0,0.0,-0.114946952462
1777733794218059062,-0.4,0.0,0.0,0.0,0.0,-0.102651381493
1777733794230241060,-0.4,0.0,0.0,0.0,0.0,-0.0780602447689
1777733794250137090,-0.4,0.0,0.0,0.0,0.0,-0.0657646737993
1777733794278670072,-0.4,0.0,0.0,0.0,0.0,-0.0411735396832
1777733794290340900,-0.4,0.0,0.0,0.0,0.0,-0.0288779713213
1777733794294136047,-0.4,0.0,0.0,0.0,0.0,-0.00428683329374
1777733794298120021,-0.4,0.0,0.0,0.0,0.0,-0.0
1777733794306083917,-0.4,0.0,0.0,0.0,0.0,-0.0
1777733794310178995,-0.4,0.0,0.0,0.0,0.0,-0.0
1777733794322312116,-0.4,0.0,0.0,0.0,0.0,-0.0
1777733794333975076,-0.4,0.0,0.0,0.0,0.0,-0.0
1777733794366441011,-0.4,0.0,0.0,0.0,0.0,-0.0
1777733794402339935,-0.4,0.0,0.0,0.0,0.0,-0.0
1777733794410024881,-0.4,0.0,0.0,0.0,0.0,-0.0
1777733794460491895,-0.4,0.0,0.0,0.0,0.0,-0.0
1777733794510623931,-0.4,0.0,0.0,0.0,0.0,-0.0
1777733794560612916,-0.4,0.0,0.0,0.0,0.0,-0.0
1777733794610774993,-0.4,0.0,0.0,0.0,0.0,-0.0
1777733794660917043,-0.4,0.0,0.0,0.0,0.0,-0.0
1777733794710990905,-0.4,0.0,0.0,0.0,0.0,-0.0
1777733794761176109,-0.4,0.0,0.0,0.0,0.0,-0.0
1777733794811242103,-0.4,0.0,0.0,0.0,0.0,-0.0
1777733794861202001,-0.4,0.0,0.0,0.0,0.0,-0.0
1777733794911426067,-0.4,0.0,0.0,0.0,0.0,-0.0
1777733794961643934,-0.4,0.0,0.0,0.0,0.0,-0.0
1777733795011511087,-0.4,0.0,0.0,0.0,0.0,-0.0
1777733795061753034,-0.4,0.0,0.0,0.0,0.0,-0.0
1777733795111777067,-0.4,0.0,0.0,0.0,0.0,-0.0
1777733795117851972,-0.4,0.0,0.0,0.0,0.0,-0.0
1777733795130518913,-0.4,0.0,0.0,0.0,0.0,-0.0
1777733795146339893,-0.4,0.0,0.0,0.0,0.0,-0.0
1777733795162219047,-0.4,0.0,0.0,0.0,0.0,-0.0
1777733795182295083,-0.4,0.0,0.0,0.0,0.0,-0.0
1777733795185808897,-0.4,0.0,0.0,0.0,0.0,-0.00428683329374
1777733795194116115,-0.4,0.0,0.0,0.0,0.0,-0.0288779713213
1777733795197892904,-0.4,0.0,0.0,0.0,0.0,-0.0411735396832
1777733795202006101,-0.4,0.0,0.0,0.0,0.0,-0.0657646737993
1777733795209974050,-0.4,0.0,0.0,0.0,0.0,-0.0780602447689
1777733795213869094,-0.4,0.0,0.0,0.0,0.0,-0.102651381493
1777733795217932939,-0.4,0.0,0.0,0.0,0.0,-0.114946952462
1777733795226202011,-0.4,0.0,0.0,0.0,0.0,-0.139538083971
1777733795246349096,-0.4,0.0,0.0,0.0,0.0,-0.16412922591
1777733795270365953,-0.4,0.0,0.0,0.0,0.0,-0.176424786448
1777733795282273054,-0.4,0.0,0.0,0.0,0.0,-0.201015928388
1777733795290119886,-0.4,0.0,0.0,0.0,0.0,-0.213311499357
1777733795306169986,-0.4,0.0,0.0,0.0,0.0,-0.237902641296
1777733795334038972,-0.4,0.0,0.0,0.0,0.0,-0.250198191404
1777733795384340047,-0.4,0.0,0.0,0.0,0.0,-0.250198191404
1777733795434751987,-0.4,0.0,0.0,0.0,0.0,-0.250198191404
1777733795484750032,-0.4,0.0,0.0,0.0,0.0,-0.250198191404
1777733795534898042,-0.4,0.0,0.0,0.0,0.0,-0.250198191404
1777733795584949970,-0.4,0.0,0.0,0.0,0.0,-0.250198191404
1777733795635217905,-0.4,0.0,0.0,0.0,0.0,-0.250198191404
1777733795670140027,-0.4,0.0,0.0,0.0,0.0,-0.201015928388
1777733795682224035,-0.4,0.0,0.0,0.0,0.0,-0.176424786448
1777733795686100959,-0.4,0.0,0.0,0.0,0.0,-0.16412922591
1777733795698102951,-0.4,0.0,0.0,0.0,0.0,-0.139538083971
1777733795701924085,-0.4,0.0,0.0,0.0,0.0,-0.114946952462
1777733795714123010,-0.4,0.0,0.0,0.0,0.0,-0.102651381493
1777733795730410099,-0.4,0.0,0.0,0.0,0.0,-0.0780602447689
1777733795742424964,-0.4,0.0,0.0,0.0,0.0,-0.0657646737993
1777733795750113964,-0.4,0.0,0.0,0.0,0.0,-0.0411735396832
1777733795758270025,-0.4,0.0,0.0,0.0,0.0,-0.0288779713213
1777733795761799097,-0.4,0.0,0.0,0.0,0.0,-0.00428683329374
1777733795769891023,-0.4,0.0,0.0,0.0,0.0,-0.0
1777733795773971080,-0.4,0.0,0.0,0.0,0.0,-0.0
1777733795777761936,-0.4,0.0,0.0,0.0,0.0,-0.0
1777733795781763076,-0.4,0.0,0.0,0.0,0.0,-0.0
1777733795785782098,-0.4,0.0,0.0,0.0,0.0,-0.0
1777733795802423000,-0.4,0.0,0.0,0.0,0.0,-0.0
1777733795806087017,-0.4,0.0,0.0,0.0,0.0,-0.0
1777733795822278976,-0.4,0.0,0.0,0.0,0.0,-0.0
1777733795872585058,-0.4,0.0,0.0,0.0,0.0,-0.0
1777733795922593116,-0.4,0.0,0.0,0.0,0.0,-0.0
1777733795973002910,-0.4,0.0,0.0,0.0,0.0,-0.0
1777733796022711038,-0.4,0.0,0.0,0.0,0.0,-0.0
1777733796073090076,-0.4,0.0,0.0,0.0,0.0,-0.0
1777733796123020887,-0.4,0.0,0.0,0.0,0.0,-0.0
1777733796173273086,-0.4,0.0,0.0,0.0,0.0,-0.0
1777733796223268985,-0.4,0.0,0.0,0.0,0.0,-0.0
1777733796273475885,-0.4,0.0,0.0,0.0,0.0,-0.0
1777733796323571920,-0.4,0.0,0.0,0.0,0.0,-0.0
1777733796373629093,-0.4,0.0,0.0,0.0,0.0,-0.0
1777733796423623085,-0.4,0.0,0.0,0.0,0.0,-0.0
1777733796474004030,-0.4,0.0,0.0,0.0,0.0,-0.0
1777733796523988962,-0.4,0.0,0.0,0.0,0.0,-0.0
1777733796574198961,-0.4,0.0,0.0,0.0,0.0,-0.0
1777733796624234914,-0.4,0.0,0.0,0.0,0.0,-0.0
1777733796674523115,-0.4,0.0,0.0,0.0,0.0,-0.0
1777733796724493026,-0.4,0.0,0.0,0.0,0.0,-0.0
1777733796774868011,-0.4,0.0,0.0,0.0,0.0,-0.0
1777733796824932098,-0.4,0.0,0.0,0.0,0.0,-0.0
1777733796874862909,-0.4,0.0,0.0,0.0,0.0,-0.0
1777733796925055027,-0.4,0.0,0.0,0.0,0.0,-0.0
1777733796974837064,-0.4,0.0,0.0,0.0,0.0,-0.0
1777733797025044918,-0.4,0.0,0.0,0.0,0.0,-0.0
1777733797075222015,-0.4,0.0,0.0,0.0,0.0,-0.0
1777733797125298023,-0.4,0.0,0.0,0.0,0.0,-0.0
1777733797175421953,-0.4,0.0,0.0,0.0,0.0,-0.0
1777733797225893020,-0.4,0.0,0.0,0.0,0.0,-0.0
1777733797275890111,-0.4,0.0,0.0,0.0,0.0,-0.0
1777733797325985908,-0.4,0.0,0.0,0.0,0.0,-0.0
1777733797376030921,-0.4,0.0,0.0,0.0,0.0,-0.0
1777733797426515102,-0.4,0.0,0.0,0.0,0.0,-0.0
1777733797476480007,-0.4,0.0,0.0,0.0,0.0,-0.0
1777733797526526927,-0.4,0.0,0.0,0.0,0.0,-0.0
1777733797576745033,-0.4,0.0,0.0,0.0,0.0,-0.0
1777733797626777887,-0.4,0.0,0.0,0.0,0.0,-0.0
1777733797676795005,-0.4,0.0,0.0,0.0,0.0,-0.0
1777733797726994037,-0.4,0.0,0.0,0.0,0.0,-0.0
1777733797777108907,-0.4,0.0,0.0,0.0,0.0,-0.0
1777733797827121019,-0.4,0.0,0.0,0.0,0.0,-0.0
1777733797877513885,-0.4,0.0,0.0,0.0,0.0,-0.0
1777733797927426099,-0.4,0.0,0.0,0.0,0.0,-0.0
1777733797977555990,-0.4,0.0,0.0,0.0,0.0,-0.0
1777733798027688026,-0.4,0.0,0.0,0.0,0.0,-0.0
1777733798077791929,-0.4,0.0,0.0,0.0,0.0,-0.0
1777733798127964973,-0.4,0.0,0.0,0.0,0.0,-0.0
1777733798177891016,-0.4,0.0,0.0,0.0,0.0,-0.0
1777733798227952003,-0.4,0.0,0.0,0.0,0.0,-0.0
1777733798278311967,-0.4,0.0,0.0,0.0,0.0,-0.0
1777733798328133106,-0.4,0.0,0.0,0.0,0.0,-0.0
1777733798378336906,-0.4,0.0,0.0,0.0,0.0,-0.0
1777733798428512096,-0.4,0.0,0.0,0.0,0.0,-0.0
1777733798478756904,-0.4,0.0,0.0,0.0,0.0,-0.0
1777733798528678894,-0.4,0.0,0.0,0.0,0.0,-0.0
1777733798578947067,-0.4,0.0,0.0,0.0,0.0,-0.0
1777733798628920078,-0.4,0.0,0.0,0.0,0.0,-0.0
1777733798679088115,-0.4,0.0,0.0,0.0,0.0,-0.0
1777733798729089975,-0.4,0.0,0.0,0.0,0.0,-0.0
1777733798779195070,-0.4,0.0,0.0,0.0,0.0,-0.0
1777733798829325914,-0.4,0.0,0.0,0.0,0.0,-0.0
1777733798879686117,-0.4,0.0,0.0,0.0,0.0,-0.0
1777733798929727077,-0.4,0.0,0.0,0.0,0.0,-0.0
1777733798979743003,-0.4,0.0,0.0,0.0,0.0,-0.0
1777733799029795885,-0.4,0.0,0.0,0.0,0.0,-0.0
1777733799080060958,-0.4,0.0,0.0,0.0,0.0,-0.0
1777733799130132913,-0.4,0.0,0.0,0.0,0.0,-0.0
1777733799180181026,-0.4,0.0,0.0,0.0,0.0,-0.0
1777733799230304002,-0.4,0.0,0.0,0.0,0.0,-0.0
1777733799280440092,-0.4,0.0,0.0,0.0,0.0,-0.0
1777733799330410003,-0.4,0.0,0.0,0.0,0.0,-0.0
1777733799380434989,-0.4,0.0,0.0,0.0,0.0,-0.0
1777733799430815935,-0.4,0.0,0.0,0.0,0.0,-0.0
1777733799481138944,-0.4,0.0,0.0,0.0,0.0,-0.0
1777733799530925989,-0.4,0.0,0.0,0.0,0.0,-0.0
1777733799581240892,-0.4,0.0,0.0,0.0,0.0,-0.0
1777733799631325960,-0.4,0.0,0.0,0.0,0.0,-0.0
1777733799681371927,-0.4,0.0,0.0,0.0,0.0,-0.0
1777733799731576919,-0.4,0.0,0.0,0.0,0.0,-0.0
1777733799781542062,-0.4,0.0,0.0,0.0,0.0,-0.0
1777733799831959962,-0.4,0.0,0.0,0.0,0.0,-0.0
1777733799881901025,-0.4,0.0,0.0,0.0,0.0,-0.0
1777733799932065010,-0.4,0.0,0.0,0.0,0.0,-0.0
1777733799981869935,-0.4,0.0,0.0,0.0,0.0,-0.0
1777733800032100915,-0.4,0.0,0.0,0.0,0.0,-0.0
1777733800082269906,-0.4,0.0,0.0,0.0,0.0,-0.0
1777733800132432937,-0.4,0.0,0.0,0.0,0.0,-0.0
1777733800182495117,-0.4,0.0,0.0,0.0,0.0,-0.0
1777733800232716083,-0.4,0.0,0.0,0.0,0.0,-0.0
1777733800282833099,-0.4,0.0,0.0,0.0,0.0,-0.0
1777733800332875967,-0.4,0.0,0.0,0.0,0.0,-0.0
1777733800382971048,-0.4,0.0,0.0,0.0,0.0,-0.0
1777733800432943105,-0.4,0.0,0.0,0.0,0.0,-0.0
1777733800483079910,-0.4,0.0,0.0,0.0,0.0,-0.0
1777733800533215999,-0.4,0.0,0.0,0.0,0.0,-0.0
1777733800583668947,-0.4,0.0,0.0,0.0,0.0,-0.0
1777733800633605957,-0.4,0.0,0.0,0.0,0.0,-0.0
1777733800683685064,-0.4,0.0,0.0,0.0,0.0,-0.0
1777733800733769893,-0.4,0.0,0.0,0.0,0.0,-0.0
1777733800783790111,-0.4,0.0,0.0,0.0,0.0,-0.0
1777733800834208965,-0.4,0.0,0.0,0.0,0.0,-0.0
1777733800884088039,-0.4,0.0,0.0,0.0,0.0,-0.0
1777733800934489011,-0.4,0.0,0.0,0.0,0.0,-0.0
1777733800984170913,-0.4,0.0,0.0,0.0,0.0,-0.0
1777733801034615039,-0.4,0.0,0.0,0.0,0.0,-0.0
1777733801084741115,-0.4,0.0,0.0,0.0,0.0,-0.0
1777733801134604930,-0.4,0.0,0.0,0.0,0.0,-0.0
1777733801184933900,-0.4,0.0,0.0,0.0,0.0,-0.0
1777733801234962940,-0.4,0.0,0.0,0.0,0.0,-0.0
1777733801284981012,-0.4,0.0,0.0,0.0,0.0,-0.0
1777733801335072994,-0.4,0.0,0.0,0.0,0.0,-0.0
1777733801384928941,-0.4,0.0,0.0,0.0,0.0,-0.0
1777733801435576915,-0.4,0.0,0.0,0.0,0.0,-0.0
1777733801485593080,-0.4,0.0,0.0,0.0,0.0,-0.0
1777733801535782098,-0.4,0.0,0.0,0.0,0.0,-0.0
1777733801585889101,-0.4,0.0,0.0,0.0,0.0,-0.0
1777733801635896921,-0.4,0.0,0.0,0.0,0.0,-0.0
1777733801685925960,-0.4,0.0,0.0,0.0,0.0,-0.0
1777733801736042022,-0.4,0.0,0.0,0.0,0.0,-0.0
1777733801786176919,-0.4,0.0,0.0,0.0,0.0,-0.0
1777733801836639881,-0.4,0.0,0.0,0.0,0.0,-0.0
1777733801886565923,-0.4,0.0,0.0,0.0,0.0,-0.0
1777733801936687946,-0.4,0.0,0.0,0.0,0.0,-0.0
1777733801986490964,-0.4,0.0,0.0,0.0,0.0,-0.0
1777733802036890029,-0.4,0.0,0.0,0.0,0.0,-0.0
1777733802086651086,-0.4,0.0,0.0,0.0,0.0,-0.0
1777733802137080907,-0.4,0.0,0.0,0.0,0.0,-0.0
1777733802187233924,-0.4,0.0,0.0,0.0,0.0,-0.0
1777733802237302064,-0.4,0.0,0.0,0.0,0.0,-0.0
1777733802287355899,-0.4,0.0,0.0,0.0,0.0,-0.0
1777733802337549924,-0.4,0.0,0.0,0.0,0.0,-0.0
1777733802387725114,-0.4,0.0,0.0,0.0,0.0,-0.0
1777733802437803983,-0.4,0.0,0.0,0.0,0.0,-0.0
1777733802487974882,-0.4,0.0,0.0,0.0,0.0,-0.0
1777733802538096904,-0.4,0.0,0.0,0.0,0.0,-0.0
1777733802587999105,-0.4,0.0,0.0,0.0,0.0,-0.0
1777733802638248920,-0.4,0.0,0.0,0.0,0.0,-0.0
1777733802688174009,-0.4,0.0,0.0,0.0,0.0,-0.0
1777733802739087104,-0.4,0.0,0.0,0.0,0.0,-0.0
1777733802788685083,-0.4,0.0,0.0,0.0,0.0,-0.0
1777733802838851928,-0.4,0.0,0.0,0.0,0.0,-0.0
1777733802888998031,-0.4,0.0,0.0,0.0,0.0,-0.0
1777733802939142942,-0.4,0.0,0.0,0.0,0.0,-0.0
1777733802989015102,-0.4,0.0,0.0,0.0,0.0,-0.0
1777733803039408922,-0.4,0.0,0.0,0.0,0.0,-0.0
1777733803089382886,-0.4,0.0,0.0,0.0,0.0,-0.0
1777733803139651060,-0.4,0.0,0.0,0.0,0.0,-0.0
1777733803189824104,-0.4,0.0,0.0,0.0,0.0,-0.0
1777733803239789962,-0.4,0.0,0.0,0.0,0.0,-0.0
1777733803289777040,-0.4,0.0,0.0,0.0,0.0,-0.0
1777733803339970111,-0.4,0.0,0.0,0.0,0.0,-0.0
1777733803389882087,-0.4,0.0,0.0,0.0,0.0,-0.0
1777733803439924001,-0.4,0.0,0.0,0.0,0.0,-0.0
1777733803489819049,-0.4,0.0,0.0,0.0,0.0,-0.0
1777733803540507078,-0.4,0.0,0.0,0.0,0.0,-0.0
1777733803590231895,-0.4,0.0,0.0,0.0,0.0,-0.0
1777733803640431880,-0.4,0.0,0.0,0.0,0.0,-0.0
1777733803690378904,-0.4,0.0,0.0,0.0,0.0,-0.0
1777733803740859985,-0.4,0.0,0.0,0.0,0.0,-0.0
1777733803790761947,-0.4,0.0,0.0,0.0,0.0,-0.0
1777733803840915918,-0.4,0.0,0.0,0.0,0.0,-0.0
1777733803890878915,-0.4,0.0,0.0,0.0,0.0,-0.0
1777733803941167116,-0.4,0.0,0.0,0.0,0.0,-0.0
1777733803991242885,-0.4,0.0,0.0,0.0,0.0,-0.0
1777733804041516065,-0.4,0.0,0.0,0.0,0.0,-0.0
1777733804091793060,-0.4,0.0,0.0,0.0,0.0,-0.0
1777733804141938924,-0.4,0.0,0.0,0.0,0.0,-0.0
1777733804191958904,-0.4,0.0,0.0,0.0,0.0,-0.0
1777733804242086887,-0.4,0.0,0.0,0.0,0.0,-0.0
1777733804291997909,-0.4,0.0,0.0,0.0,0.0,-0.0
1777733804342169046,-0.4,0.0,0.0,0.0,0.0,-0.0
1777733804391969919,-0.4,0.0,0.0,0.0,0.0,-0.0
1777733804442487955,-0.4,0.0,0.0,0.0,0.0,-0.0
1777733804492377996,-0.4,0.0,0.0,0.0,0.0,-0.0
1777733804542953014,-0.4,0.0,0.0,0.0,0.0,-0.0
1777733804592672109,-0.4,0.0,0.0,0.0,0.0,-0.0
1777733804643193960,-0.4,0.0,0.0,0.0,0.0,-0.0
1777733804692910909,-0.4,0.0,0.0,0.0,0.0,-0.0
1777733804743415117,-0.4,0.0,0.0,0.0,0.0,-0.0
1777733804793009042,-0.4,0.0,0.0,0.0,0.0,-0.0
1777733804843646049,-0.4,0.0,0.0,0.0,0.0,-0.0
1777733804893549919,-0.4,0.0,0.0,0.0,0.0,-0.0
1777733804943744897,-0.4,0.0,0.0,0.0,0.0,-0.0
1777733804993777036,-0.4,0.0,0.0,0.0,0.0,-0.0
1777733805044065952,-0.4,0.0,0.0,0.0,0.0,-0.0
1777733805094161987,-0.4,0.0,0.0,0.0,0.0,-0.0
1777733805144707918,-0.4,0.0,0.0,0.0,0.0,-0.0
1777733805194917917,-0.4,0.0,0.0,0.0,0.0,-0.0
1777733805245160102,-0.4,0.0,0.0,0.0,0.0,-0.0
1777733805295149087,-0.4,0.0,0.0,0.0,0.0,-0.0
1777733805345165014,-0.4,0.0,0.0,0.0,0.0,-0.0
1777733805395507097,-0.4,0.0,0.0,0.0,0.0,-0.0
1777733805445434093,-0.4,0.0,0.0,0.0,0.0,-0.0
1777733805462441921,-0.4,0.0,0.0,0.0,0.0,-0.0
1777733805469926118,-0.4,0.0,0.0,0.0,0.0,-0.0
1777733805478240966,-0.4,0.0,0.0,0.0,0.0,-0.0
1777733805490437030,-0.4,0.0,0.0,0.0,0.0,-0.0657646737993
1777733805498487949,-0.4,0.0,0.0,0.0,0.0,-0.213311499357
1777733805502129077,-0.4,0.0,0.0,0.0,0.0,-0.287084904313
1777733805505970001,-0.4,0.0,0.0,0.0,0.0,-0.311676046252
1777733805510003089,-0.4,0.0,0.0,0.0,0.0,-0.348562738299
1777733805518361091,-0.4,0.0,0.0,0.0,0.0,-0.385496932268
1777733805522207975,-0.4,0.0,0.0,0.0,0.0,-0.459270316362
1777733805526225090,-0.4,0.0,0.0,0.0,0.0,-0.483861458302
1777733805530056953,-0.4,0.0,0.0,0.0,0.0,-0.496157050133
1777733805534029006,-0.4,0.0,0.0,0.0,0.0,-0.520748192072
1777733805537971973,-0.4,0.0,0.0,0.0,0.0,-0.53304374218
1777733805542191982,-0.4,0.0,0.0,0.0,0.0,-0.557634884119
1777733805550534009,-0.4,0.0,0.0,0.0,0.0,-0.569930434227
1777733805558410882,-0.4,0.0,0.0,0.0,0.0,-0.594521576166
1777733805608433961,-0.4,0.0,0.0,0.0,0.0,-0.594521576166
1777733805658675909,-0.4,0.0,0.0,0.0,0.0,-0.594521576166
1777733805694442033,-0.4,0.0,0.0,0.0,0.0,-0.606817167997
1777733805744687080,-0.4,0.0,0.0,0.0,0.0,-0.606817167997
1777733805794737100,-0.4,0.0,0.0,0.0,0.0,-0.606817167997
1777733805818600893,-0.4,0.0,0.0,0.0,0.0,-0.631408309937
1777733805868583917,-0.4,0.0,0.0,0.0,0.0,-0.631408309937
1777733805918900012,-0.4,0.0,0.0,0.0,0.0,-0.631408309937
1777733805926426887,-0.352553892136,0.0,0.0,0.0,0.0,-0.840432953835
1777733805976692914,-0.352553892136,0.0,0.0,0.0,0.0,-0.840432953835
1777733806026810884,-0.352553892136,0.0,0.0,0.0,0.0,-0.840432953835
1777733806076746940,-0.352553892136,0.0,0.0,0.0,0.0,-0.840432953835
1777733806126813888,-0.352553892136,0.0,0.0,0.0,0.0,-0.840432953835
1777733806177129030,-0.352553892136,0.0,0.0,0.0,0.0,-0.840432953835
1777733806214538097,-0.387684082985,0.0,0.0,0.0,0.0,-0.631408309937
1777733806254503011,-0.387684082985,0.0,0.0,0.0,0.0,-0.680590552092
1777733806266278028,-0.387684082985,0.0,0.0,0.0,0.0,-0.705181694031
1777733806302535057,-0.363092947006,0.0,0.0,0.0,0.0,-0.76665956974
1777733806310308933,-0.33498878479,0.0,0.0,0.0,0.0,-0.889615237713
1777733806314282894,-0.331475782394,0.0,0.0,0.0,0.0,-0.914253818989
1777733806318346977,-0.331475782394,0.0,0.0,0.0,0.0,-0.92654941082
1777733806322072029,-0.324449729919,0.0,0.0,0.0,0.0,-0.951140511036
1777733806326200008,-0.320936703682,0.0,0.0,0.0,0.0,-0.951140511036
1777733806330502033,-0.320936703682,0.0,0.0,0.0,0.0,-0.963436102867
1777733806334074020,-0.313910675049,0.0,0.0,0.0,0.0,-0.98802728653
1777733806338056087,-0.306884646416,0.0,0.0,0.0,0.0,-0.98802728653
1777733806362504005,-0.306884646416,0.0,0.0,0.0,0.0,-1.00032279491
1777733806366163969,-0.292832565308,0.0,0.0,0.0,0.0,-1.02491397858
1777733806386415958,-0.285806512833,0.0,0.0,0.0,0.0,-1.04950507879
1777733806436559915,-0.285806512833,0.0,0.0,0.0,0.0,-1.04950507879
1777733806454560041,-0.285806512833,0.0,0.0,0.0,0.0,-1.06180067062
1777733806458414077,-0.236610674858,0.0,0.0,0.0,0.0,-1.20934743881
1777733806470328092,-0.229584646225,0.0,0.0,0.0,0.0,-1.23393862247
1777733806478272914,-0.22255859375,0.0,0.0,0.0,0.0,-1.23393862247
1777733806514352083,-0.236610674858,0.0,0.0,0.0,0.0,-1.23393862247
1777733806518156051,-0.240123701096,0.0,0.0,0.0,0.0,-1.23393862247
1777733806522033929,-0.247149729729,0.0,0.0,0.0,0.0,-1.23393862247
1777733806526005983,-0.250662755966,0.0,0.0,0.0,0.0,-1.23393862247
1777733806529974937,-0.257702374458,0.0,0.0,0.0,0.0,-1.23393862247
1777733806533855915,-0.275267457962,0.0,0.0,0.0,0.0,-1.17246074677
1777733806542551040,-0.2787804842,0.0,0.0,0.0,0.0,-1.16016523838
1777733806546369075,-0.306884646416,0.0,0.0,0.0,0.0,-1.02491397858
1777733806550215005,-0.320936703682,0.0,0.0,0.0,0.0,-0.98802728653
1777733806554048061,-0.33498878479,0.0,0.0,0.0,0.0,-0.951140511036
1777733806558034896,-0.349040865898,0.0,0.0,0.0,0.0,-0.852728545666
1777733806562208890,-0.370118999481,0.0,0.0,0.0,0.0,-0.778955078125
1777733806574546098,-0.377145028114,0.0,0.0,0.0,0.0,-0.705181694031
1777733806578449964,-0.4,0.0,0.0,0.0,0.0,-0.422383624315
1777733806586307048,-0.4,0.0,0.0,0.0,0.0,-0.213311499357
1777733806590275049,-0.4,0.0,0.0,0.0,0.0,-0.0780602447689
1777733806602541923,-0.4,0.0,0.0,0.0,0.0,-0.0
1777733806606224060,-0.4,0.0,0.0,0.0,0.0,-0.0
1777733806618491888,-0.4,0.0,0.0,0.0,0.0,-0.0
1777733806622286081,-0.4,0.0,0.0,0.0,0.0,0.00438177976757
1777733806626173019,-0.4,0.0,0.0,0.0,0.0,0.102746322751
1777733806630420923,-0.4,0.0,0.0,0.0,0.0,0.213406440616
1777733806633908987,-0.4,0.0,0.0,0.0,0.0,0.311770987511
1777733806637944936,-0.4,0.0,0.0,0.0,0.0,0.397887444496
1777733806646435976,-0.4,0.0,0.0,0.0,0.0,0.545434254408
1777733806650352001,-0.4,0.0,0.0,0.0,0.0,0.606912088394
1777733806654120922,-0.380658054352,0.0,0.0,0.0,0.0,0.668389964104
1777733806662374019,-0.377145028114,0.0,0.0,0.0,0.0,0.742163348198
1777733806674278020,-0.370118999481,0.0,0.0,0.0,0.0,0.779050040245
1777733806678095102,-0.352553892136,0.0,0.0,0.0,0.0,0.828232324123
1777733806694000959,-0.342014837265,0.0,0.0,0.0,0.0,0.877414608002
1777733806706278085,-0.33498878479,0.0,0.0,0.0,0.0,0.877414608002
1777733806710103988,-0.331475782394,0.0,0.0,0.0,0.0,0.877414608002
1777733806714215993,-0.331475782394,0.0,0.0,0.0,0.0,0.902053189278
1777733806722028970,-0.324449729919,0.0,0.0,0.0,0.0,0.92664437294
1777733806725944995,-0.320936703682,0.0,0.0,0.0,0.0,0.963531064987
1777733806734340906,-0.303371620178,0.0,0.0,0.0,0.0,1.00041775703
1777733806738236904,-0.292832565308,0.0,0.0,0.0,0.0,1.0250089407
1777733806742351055,-0.285806512833,0.0,0.0,0.0,0.0,1.03730444908
1777733806750468015,-0.268241429329,0.0,0.0,0.0,0.0,1.07419114113
1777733806754491090,-0.257702374458,0.0,0.0,0.0,0.0,1.12337342501
1777733806758299112,-0.250662755966,0.0,0.0,0.0,0.0,1.13566901684
1777733806762356996,-0.247149729729,0.0,0.0,0.0,0.0,1.16026011705
1777733806770016908,-0.236610674858,0.0,0.0,0.0,0.0,1.17255570889
1777733806820363044,-0.236610674858,0.0,0.0,0.0,0.0,1.17255570889
1777733806870609045,-0.236610674858,0.0,0.0,0.0,0.0,1.17255570889
1777733806920638084,-0.236610674858,0.0,0.0,0.0,0.0,1.17255570889
1777733806970829010,-0.236610674858,0.0,0.0,0.0,0.0,1.17255570889
1777733807020967006,-0.236610674858,0.0,0.0,0.0,0.0,1.17255570889
1777733807071006059,-0.236610674858,0.0,0.0,0.0,0.0,1.17255570889
1777733807121279001,-0.236610674858,0.0,0.0,0.0,0.0,1.17255570889
1777733807171190977,-0.236610674858,0.0,0.0,0.0,0.0,1.17255570889
1777733807221709012,-0.236610674858,0.0,0.0,0.0,0.0,1.17255570889
1777733807271651029,-0.236610674858,0.0,0.0,0.0,0.0,1.17255570889
1777733807321677923,-0.236610674858,0.0,0.0,0.0,0.0,1.17255570889
1777733807371824979,-0.236610674858,0.0,0.0,0.0,0.0,1.17255570889
1777733807421811103,-0.236610674858,0.0,0.0,0.0,0.0,1.17255570889
1777733807471867084,-0.236610674858,0.0,0.0,0.0,0.0,1.17255570889
1777733807521951913,-0.236610674858,0.0,0.0,0.0,0.0,1.17255570889
1777733807542258024,-0.208506536484,0.0,0.0,0.0,0.0,1.23403358459
1777733807545152902,0.0,0.0,0.0,0.0,0.0,0.0
1777733808161164045,0.4,0.0,0.0,0.0,0.0,-0.0
1777733808211069107,0.4,0.0,0.0,0.0,0.0,-0.0
1777733808261156082,0.4,0.0,0.0,0.0,0.0,-0.0
1777733808311213970,0.4,0.0,0.0,0.0,0.0,-0.0
1777733808361394882,0.4,0.0,0.0,0.0,0.0,-0.0
1777733808411637067,0.4,0.0,0.0,0.0,0.0,-0.0
1777733808462548971,0.4,0.0,0.0,0.0,0.0,-0.0
1777733808511749029,0.4,0.0,0.0,0.0,0.0,-0.0
1777733808561990022,0.4,0.0,0.0,0.0,0.0,-0.0
1777733808612701892,0.4,0.0,0.0,0.0,0.0,-0.0
1777733808662158966,0.4,0.0,0.0,0.0,0.0,-0.0
1777733808712259054,0.4,0.0,0.0,0.0,0.0,-0.0
1777733808762717962,0.4,0.0,0.0,0.0,0.0,-0.0
1777733808812796115,0.4,0.0,0.0,0.0,0.0,-0.0
1777733808862996101,0.4,0.0,0.0,0.0,0.0,-0.0
1777733808912866115,0.4,0.0,0.0,0.0,0.0,-0.0
1777733808963078975,0.4,0.0,0.0,0.0,0.0,-0.0
1777733809013443946,0.4,0.0,0.0,0.0,0.0,-0.0
1777733809063632965,0.4,0.0,0.0,0.0,0.0,-0.0
1777733809102427959,0.00125193707645,0.0,0.0,0.0,0.0,-1.4
1777733809146466970,-0.0,0.0,0.0,0.0,0.0,-1.4
1777733809158571958,-0.0,0.0,0.0,0.0,0.0,-1.4
1777733809166482925,-0.0,0.0,0.0,0.0,0.0,-1.4
1777733809182574987,-0.0,0.0,0.0,0.0,0.0,-1.4
1777733809232619047,-0.0,0.0,0.0,0.0,0.0,-1.4
1777733809282883882,-0.0,0.0,0.0,0.0,0.0,-1.4
1777733809314214944,-0.134733116627,0.0,0.0,0.0,0.0,-1.4
1777733809318451881,-0.169863307476,0.0,0.0,0.0,0.0,-1.4
1777733809326217889,-0.173376333714,0.0,0.0,0.0,0.0,-1.4
1777733809329818964,-0.201480484009,0.0,0.0,0.0,0.0,-1.34459869862
1777733809350315093,-0.212019538879,0.0,0.0,0.0,0.0,-1.30771200657
1777733809370480060,-0.268241429329,0.0,0.0,0.0,0.0,-1.17246074677
1777733809374336004,-0.320936703682,0.0,0.0,0.0,0.0,-0.98802728653
1777733809424555063,-0.320936703682,0.0,0.0,0.0,0.0,-0.98802728653
1777733809474220991,-0.320936703682,0.0,0.0,0.0,0.0,-0.98802728653
1777733809524666070,-0.320936703682,0.0,0.0,0.0,0.0,-0.98802728653
1777733809558542966,-0.331475782394,0.0,0.0,0.0,0.0,-0.951140511036
1777733809562328100,-0.391197109222,0.0,0.0,0.0,0.0,-0.594521576166
1777733809612622976,-0.391197109222,0.0,0.0,0.0,0.0,-0.594521576166
1777733809662759065,-0.391197109222,0.0,0.0,0.0,0.0,-0.594521576166
1777733809712414026,-0.391197109222,0.0,0.0,0.0,0.0,-0.594521576166
1777733809763051033,-0.391197109222,0.0,0.0,0.0,0.0,-0.594521576166
1777733809813141107,-0.391197109222,0.0,0.0,0.0,0.0,-0.594521576166
1777733809863369941,-0.391197109222,0.0,0.0,0.0,0.0,-0.594521576166
1777733809912993907,-0.391197109222,0.0,0.0,0.0,0.0,-0.594521576166
1777733809922013998,-0.4,0.0,0.0,0.0,0.0,-0.213311499357
1777733809972466945,-0.4,0.0,0.0,0.0,0.0,-0.213311499357
1777733810006607055,-0.4,0.0,0.0,0.0,0.0,-0.274789333344
1777733810010329961,-0.4,0.0,0.0,0.0,0.0,-0.323971617222
1777733810014115095,-0.4,0.0,0.0,0.0,0.0,-0.348562738299
1777733810017885923,-0.4,0.0,0.0,0.0,0.0,-0.385496932268
1777733810025171995,0.0,0.0,0.0,0.0,0.0,0.0
1777733810573227882,0.0925904452801,0.0,0.0,0.0,0.0,-0.0
1777733810606512069,0.110169100761,0.0,0.0,0.0,0.0,-0.0
1777733810614252090,0.120708167553,0.0,0.0,0.0,0.0,-0.0
1777733810618144035,0.134760248661,0.0,0.0,0.0,0.0,-0.0
1777733810622011899,0.145299303532,0.0,0.0,0.0,0.0,-0.0
1777733810629946947,0.201507616043,0.0,0.0,0.0,0.0,-0.0
1777733810634023904,0.215559697151,0.0,0.0,0.0,0.0,-0.0
1777733810638375997,0.233124780655,0.0,0.0,0.0,0.0,-0.0
1777733810642297029,0.257729482651,0.0,0.0,0.0,0.0,-0.0
1777733810646229982,0.278807616234,0.0,0.0,0.0,0.0,-0.0
1777733810650012969,0.292859697342,0.0,0.0,0.0,0.0,-0.0
1777733810654191017,0.303398752213,0.0,0.0,0.0,0.0,-0.0
1777733810658025979,0.313937807083,0.0,0.0,0.0,0.0,-0.0
1777733810661828994,0.320963835716,0.0,0.0,0.0,0.0,-0.0
1777733810665888071,0.331502890587,0.0,0.0,0.0,0.0,-0.0
1777733810669790983,0.342041969299,0.0,0.0,0.0,0.0,-0.0
1777733810673759937,0.35258102417,0.0,0.0,0.0,0.0,-0.0
1777733810682231903,0.356094026566,0.0,0.0,0.0,0.0,-0.0
1777733810685791015,0.363120079041,0.0,0.0,0.0,0.0,-0.0
1777733810689726114,0.366633105278,0.0,0.0,0.0,0.0,-0.0
1777733810726574897,0.370146107674,0.0,0.0,0.0,0.0,-0.0
1777733810742636919,0.380685162544,0.0,0.0,0.0,0.0,-0.0
1777733810746222972,0.387711215019,0.0,0.0,0.0,0.0,-0.0
1777733810758521080,0.391224241257,0.0,0.0,0.0,0.0,-0.0
1777733810762139081,0.39825026989,0.0,0.0,0.0,0.0,-0.0
1777733810812587976,0.39825026989,0.0,0.0,0.0,0.0,-0.0
1777733810830678939,0.4,0.0,0.0,0.0,0.0,-0.0
1777733810854680061,0.4,0.0,0.0,0.0,0.0,-0.0
1777733810858448982,0.4,0.0,0.0,0.0,0.0,-0.0
1777733810866486072,0.4,0.0,0.0,0.0,0.0,-0.0
1777733810910681962,0.4,0.0,0.0,0.0,0.0,-0.0
1777733810930541992,0.387711215019,0.0,0.0,0.0,0.0,-0.483861458302
1777733810938509941,0.366633105278,0.0,0.0,0.0,0.0,-0.643703860044
1777733810946858882,0.366633105278,0.0,0.0,0.0,0.0,-0.680590552092
1777733810950297117,0.366633105278,0.0,0.0,0.0,0.0,-0.705181694031
1777733810954461097,0.366633105278,0.0,0.0,0.0,0.0,-0.717477285862
1777733810966285943,0.363120079041,0.0,0.0,0.0,0.0,-0.742068386078
1777733810970341920,0.356094026566,0.0,0.0,0.0,0.0,-0.742068386078
1777733811006664037,0.35258102417,0.0,0.0,0.0,0.0,-0.778955078125
1777733811018253087,0.285833644867,0.0,0.0,0.0,0.0,-1.08639177084
1777733811034244060,0.275294589996,0.0,0.0,0.0,0.0,-1.13557405472
1777733811046689987,0.254216480255,0.0,0.0,0.0,0.0,-1.19705193043
1777733811050292015,0.243663859367,0.0,0.0,0.0,0.0,-1.20934743881
1777733811062315940,0.233124780655,0.0,0.0,0.0,0.0,-1.23393862247
1777733811066526889,0.226098752022,0.0,0.0,0.0,0.0,-1.23393862247
1777733811102623939,0.222585725784,0.0,0.0,0.0,0.0,-1.24623421431
1777733811110673904,0.180429494381,0.0,0.0,0.0,0.0,-1.36918988228
1777733811118601083,0.155838358402,0.0,0.0,0.0,0.0,-1.4
1777733811130345106,0.134760248661,0.0,0.0,0.0,0.0,-1.4
1777733811134150028,0.12422118187,0.0,0.0,0.0,0.0,-1.4
1777733811138020038,0.120708167553,0.0,0.0,0.0,0.0,-1.4
1777733811146235942,0.110169100761,0.0,0.0,0.0,0.0,-1.4
1777733811154037952,0.103129506111,0.0,0.0,0.0,0.0,-1.4
1777733811158113956,0.0996164858341,0.0,0.0,0.0,0.0,-1.4
1777733811166182041,0.0925904452801,0.0,0.0,0.0,0.0,-1.4
1777733811186326980,0.0890774250031,0.0,0.0,0.0,0.0,-1.4
1777733811210661888,0.078538364172,0.0,0.0,0.0,0.0,-1.4
1777733811214102029,0.0715123295784,0.0,0.0,0.0,0.0,-1.4
1777733811218216896,0.0679993093014,0.0,0.0,0.0,0.0,-1.4
1777733811226030111,0.0609732687473,0.0,0.0,0.0,0.0,-1.4
1777733811276537895,0.0609732687473,0.0,0.0,0.0,0.0,-1.4
1777733811326370000,0.0609732687473,0.0,0.0,0.0,0.0,-1.4
1777733811376468896,0.0609732687473,0.0,0.0,0.0,0.0,-1.4
1777733811414215087,-0.0,0.0,0.0,0.0,0.0,-1.4
1777733811464346885,-0.0,0.0,0.0,0.0,0.0,-1.4
1777733811474361896,-0.0,0.0,0.0,0.0,0.0,-1.4
1777733811494102954,-0.0,0.0,0.0,0.0,0.0,-1.4
1777733811544217109,-0.0,0.0,0.0,0.0,0.0,-1.4
1777733811582371950,-0.0,0.0,0.0,0.0,0.0,-1.16016523838
1777733811632476091,-0.0,0.0,0.0,0.0,0.0,-1.16016523838
1777733811682532072,-0.0,0.0,0.0,0.0,0.0,-1.16016523838
1777733811730355978,-0.0,0.0,0.0,0.0,0.0,-0.951140511036
1777733811749505996,0.0,0.0,0.0,0.0,0.0,0.0
1777733812233175992,-0.0855372786522,0.0,0.0,0.0,0.0,0.779050040245
1777733812233997106,-0.0855372786522,0.0,0.0,0.0,0.0,0.803641223907
1777733812238106012,-0.0855372786522,0.0,0.0,0.0,0.0,0.828232324123
1777733812241969108,-0.0855372786522,0.0,0.0,0.0,0.0,0.840527915955
1777733812246155977,-0.0855372786522,0.0,0.0,0.0,0.0,0.877414608002
1777733812250128984,-0.0855372786522,0.0,0.0,0.0,0.0,0.902053189278
1777733812253973960,-0.0855372786522,0.0,0.0,0.0,0.0,0.92664437294
1777733812262332916,-0.0855372786522,0.0,0.0,0.0,0.0,0.938939881325
1777733812266074895,-0.0855372786522,0.0,0.0,0.0,0.0,0.975826656818
1777733812269737005,-0.0855372786522,0.0,0.0,0.0,0.0,1.00041775703
1777733812273808956,-0.0855372786522,0.0,0.0,0.0,0.0,1.0250089407
1777733812277853965,-0.0855372786522,0.0,0.0,0.0,0.0,1.03730444908
1777733812281856060,-0.0855372786522,0.0,0.0,0.0,0.0,1.06189563274
1777733812286168098,-0.0855372786522,0.0,0.0,0.0,0.0,1.07419114113
1777733812294117927,-0.0855372786522,0.0,0.0,0.0,0.0,1.09878232479
1777733812306128025,-0.0855372786522,0.0,0.0,0.0,0.0,1.13566901684
1777733812314028978,-0.0855372786522,0.0,0.0,0.0,0.0,1.17255570889
1777733812317789077,-0.0855372786522,0.0,0.0,0.0,0.0,1.19714689255
1777733812322026968,-0.0785112380981,0.0,0.0,0.0,0.0,1.19714689255
1777733812325898885,-0.0785112380981,0.0,0.0,0.0,0.0,1.22173799276
1777733812329916954,-0.0714851975441,0.0,0.0,0.0,0.0,1.23403358459
1777733812334152936,-0.0679721832275,0.0,0.0,0.0,0.0,1.25862468481
1777733812338063001,-0.0609461426735,0.0,0.0,0.0,0.0,1.27092027664
1777733812345952033,-0.0574331223965,0.0,0.0,0.0,0.0,1.29551137686
1777733812349838972,-0.0504070818424,0.0,0.0,0.0,0.0,1.29551137686
1777733812353861093,-0.0504070818424,0.0,0.0,0.0,0.0,1.3323980689
1777733812357779979,-0.0504070818424,0.0,0.0,0.0,0.0,1.35698925257
1777733812361737012,-0.0433810442686,0.0,0.0,0.0,0.0,1.3692848444
1777733812365675926,-0.0433810442686,0.0,0.0,0.0,0.0,1.39387594461
1777733812374264001,-0.0433810442686,0.0,0.0,0.0,0.0,1.4
1777733812424443006,-0.0433810442686,0.0,0.0,0.0,0.0,1.4
1777733812474379062,-0.0433810442686,0.0,0.0,0.0,0.0,1.4
1777733812524676084,-0.0433810442686,0.0,0.0,0.0,0.0,1.4
1777733812542215108,-0.0574331223965,0.0,0.0,0.0,0.0,1.4
1777733812550035953,-0.0609461426735,0.0,0.0,0.0,0.0,1.4
1777733812562172889,-0.0714851975441,0.0,0.0,0.0,0.0,1.4
1777733812566138982,-0.0785112380981,0.0,0.0,0.0,0.0,1.4
1777733812574318885,-0.0855372786522,0.0,0.0,0.0,0.0,1.4
1777733812577883958,-0.0890502989292,0.0,0.0,0.0,0.0,1.4
1777733812581784963,-0.0960763394833,0.0,0.0,0.0,0.0,1.4
1777733812589864015,-0.106628954411,0.0,0.0,0.0,0.0,1.4
1777733812602195024,-0.127707076073,0.0,0.0,0.0,0.0,1.3323980689
1777733812606466054,-0.145272171497,0.0,0.0,0.0,0.0,1.27092027664
1777733812622363090,-0.169863307476,0.0,0.0,0.0,0.0,1.22173799276
1777733812630120038,-0.197967469692,0.0,0.0,0.0,0.0,1.13566901684
1777733812680257081,-0.197967469692,0.0,0.0,0.0,0.0,1.13566901684
1777733812730806112,-0.197967469692,0.0,0.0,0.0,0.0,1.13566901684
1777733812780924081,-0.197967469692,0.0,0.0,0.0,0.0,1.13566901684
1777733812831099987,-0.197967469692,0.0,0.0,0.0,0.0,1.13566901684
1777733812834300041,-0.212019538879,0.0,0.0,0.0,0.0,1.07419114113
1777733812845300912,0.0,0.0,0.0,0.0,0.0,0.0
1777733813013063907,-0.342014837265,0.0,0.0,0.0,0.0,-0.840432953835
1777733813063325881,-0.342014837265,0.0,0.0,0.0,0.0,-0.840432953835
1777733813113372087,-0.342014837265,0.0,0.0,0.0,0.0,-0.840432953835
1777733813122179031,-0.342014837265,0.0,0.0,0.0,0.0,-0.852728545666
1777733813126218080,-0.33498878479,0.0,0.0,0.0,0.0,-0.877319645882
1777733813133039951,0.0,0.0,0.0,0.0,0.0,0.0
1777733813449348926,-0.0433810442686,0.0,0.0,0.0,0.0,-1.4
1777733813499351978,-0.0433810442686,0.0,0.0,0.0,0.0,-1.4
1777733813549763917,-0.0433810442686,0.0,0.0,0.0,0.0,-1.4
1777733813562228918,-0.0574331223965,0.0,0.0,0.0,0.0,-1.4
1777733813612340927,-0.0574331223965,0.0,0.0,0.0,0.0,-1.4
1777733813618012905,-0.0433810442686,0.0,0.0,0.0,0.0,-1.4
1777733813650605916,-0.0398680239916,0.0,0.0,0.0,0.0,-1.4
1777733813658114910,-0.0328419864178,0.0,0.0,0.0,0.0,-1.4
1777733813670190095,-0.0293289661407,0.0,0.0,0.0,0.0,-1.4
1777733813690254926,-0.0223029270768,0.0,0.0,0.0,0.0,-1.4
1777733813710064888,-0.0187899067998,0.0,0.0,0.0,0.0,-1.4
1777733813746598005,-0.0117638684809,0.0,0.0,0.0,0.0,-1.4
1777733813796585083,-0.0117638684809,0.0,0.0,0.0,0.0,-1.4
1777733813846980094,-0.0117638684809,0.0,0.0,0.0,0.0,-1.4
1777733813897131919,-0.0117638684809,0.0,0.0,0.0,0.0,-1.4
1777733813947174072,-0.0117638684809,0.0,0.0,0.0,0.0,-1.4
1777733813997416973,-0.0117638684809,0.0,0.0,0.0,0.0,-1.4
1777733814047559022,-0.0117638684809,0.0,0.0,0.0,0.0,-1.4
1777733814097582101,-0.0117638684809,0.0,0.0,0.0,0.0,-1.4
1777733814147644996,-0.0117638684809,0.0,0.0,0.0,0.0,-1.4
1777733814197628974,-0.0117638684809,0.0,0.0,0.0,0.0,-1.4
1777733814209512948,0.0,0.0,0.0,0.0,0.0,0.0
1777733814597536087,-0.0574331223965,0.0,0.0,0.0,0.0,0.92664437294
1777733814598073005,-0.0433810442686,0.0,0.0,0.0,0.0,0.938939881325
1777733814614476919,-0.0433810442686,0.0,0.0,0.0,0.0,0.963531064987
1777733814618336915,-0.0398680239916,0.0,0.0,0.0,0.0,1.0250089407
1777733814626121044,-0.0328419864178,0.0,0.0,0.0,0.0,1.03730444908
1777733814630215883,-0.0328419864178,0.0,0.0,0.0,0.0,1.06189563274
1777733814646512985,-0.0328419864178,0.0,0.0,0.0,0.0,1.07419114113
1777733814650338888,-0.0293289661407,0.0,0.0,0.0,0.0,1.12337342501
1777733814674318075,-0.0187899067998,0.0,0.0,0.0,0.0,1.16026011705
1777733814702511072,-0.0187899067998,0.0,0.0,0.0,0.0,1.17255570889
1777733814706087112,-0.0,0.0,0.0,0.0,0.0,1.27092027664
1777733814710141897,-0.0,0.0,0.0,0.0,0.0,1.27092027664
1777733814713944911,-0.0,0.0,0.0,0.0,0.0,1.29551137686
1777733814718081951,-0.0,0.0,0.0,0.0,0.0,1.32010256052
1777733814722126960,-0.0,0.0,0.0,0.0,0.0,1.35698925257
1777733814730056047,-0.0,0.0,0.0,0.0,0.0,1.3692848444
1777733814738265991,-0.0,0.0,0.0,0.0,0.0,1.39387594461
1777733814742269039,-0.0,0.0,0.0,0.0,0.0,1.4
1777733814792507886,-0.0,0.0,0.0,0.0,0.0,1.4
1777733814798321008,-0.0,0.0,0.0,0.0,0.0,1.4
1777733814818322896,-0.0,0.0,0.0,0.0,0.0,1.4
1777733814868491888,-0.0,0.0,0.0,0.0,0.0,1.4
1777733814918798923,-0.0,0.0,0.0,0.0,0.0,1.4
1777733814968796968,-0.0,0.0,0.0,0.0,0.0,1.4
1777733815018934011,-0.0,0.0,0.0,0.0,0.0,1.4
1777733815069005012,-0.0,0.0,0.0,0.0,0.0,1.4
1777733815119095087,-0.0,0.0,0.0,0.0,0.0,1.4
1777733815129498004,0.0,0.0,0.0,0.0,0.0,0.0
1777733817009452104,-0.0,0.0,0.0,0.0,0.0,-0.0
1777733817059612035,-0.0,0.0,0.0,0.0,0.0,-0.0
1777733817109400033,-0.0,0.0,0.0,0.0,0.0,-0.0
1777733817159600019,-0.0,0.0,0.0,0.0,0.0,-0.0
1777733817209500074,-0.0,0.0,0.0,0.0,0.0,-0.0
1777733817259980916,-0.0,0.0,0.0,0.0,0.0,-0.0
1777733817309868097,-0.0,0.0,0.0,0.0,0.0,-0.0
1777733817360160112,-0.0,0.0,0.0,0.0,0.0,-0.0
1777733817410197973,-0.0,0.0,0.0,0.0,0.0,-0.0
1777733817454267978,-0.0,0.0,0.0,0.0,0.0,-0.0
1777733817462205886,-0.0,0.0,0.0,0.0,0.0,-0.0
1777733817470088005,-0.0,0.0,0.0,0.0,0.0,-0.0
1777733817474176883,-0.0,0.0,0.0,0.0,0.0,-0.0
1777733817486476898,-0.0,0.0,0.0,0.0,0.0,-0.0
1777733817522438049,-0.0012248095125,0.0,0.0,0.0,0.0,-0.0
1777733817530348062,-0.00473782904446,0.0,0.0,0.0,0.0,-0.0
1777733817533998012,-0.0223029270768,0.0,0.0,0.0,0.0,-0.0
1777733817538022041,-0.0293289661407,0.0,0.0,0.0,0.0,-0.0
1777733817542227029,-0.0328419864178,0.0,0.0,0.0,0.0,-0.0
1777733817546519041,-0.0398680239916,0.0,0.0,0.0,0.0,-0.0
1777733817550282001,-0.0504070818424,0.0,0.0,0.0,0.0,-0.0
1777733817553958892,-0.0609461426735,0.0,0.0,0.0,0.0,-0.0
1777733817557899951,-0.0785112380981,0.0,0.0,0.0,0.0,-0.0
1777733817561773061,-0.0890502989292,0.0,0.0,0.0,0.0,-0.0
1777733817565849065,-0.106628954411,0.0,0.0,0.0,0.0,-0.0
1777733817569823026,-0.124194061756,0.0,0.0,0.0,0.0,-0.0
1777733817573856115,-0.141759157181,0.0,0.0,0.0,0.0,-0.0
1777733817577853918,-0.152298212051,0.0,0.0,0.0,0.0,-0.0
1777733817581643104,-0.169863307476,0.0,0.0,0.0,0.0,-0.0
1777733817585949897,-0.173376333714,0.0,0.0,0.0,0.0,-0.0
1777733817589942932,-0.180402374268,0.0,0.0,0.0,0.0,-0.0
1777733817593965053,-0.190941429138,0.0,0.0,0.0,0.0,-0.0
1777733817598016023,-0.197967469692,0.0,0.0,0.0,0.0,-0.0
1777733817606342077,-0.201480484009,0.0,0.0,0.0,0.0,-0.0
1777733817656830072,-0.201480484009,0.0,0.0,0.0,0.0,-0.0
1777733817706798076,-0.201480484009,0.0,0.0,0.0,0.0,-0.0
1777733817722286939,-0.208506536484,0.0,0.0,0.0,0.0,-0.0
1777733817772449970,-0.208506536484,0.0,0.0,0.0,0.0,-0.0
1777733817822870969,-0.208506536484,0.0,0.0,0.0,0.0,-0.0
1777733817826597929,-0.190941429138,0.0,0.0,0.0,0.0,-0.0
1777733817829827070,-0.183915388584,0.0,0.0,0.0,0.0,-0.0
1777733817833899974,-0.180402374268,0.0,0.0,0.0,0.0,-0.0
1777733817842077016,-0.173376333714,0.0,0.0,0.0,0.0,-0.0
1777733817846019983,-0.162837266922,0.0,0.0,0.0,0.0,-0.0
1777733817849905014,-0.155811238289,0.0,0.0,0.0,0.0,-0.0
1777733817853910923,-0.152298212051,0.0,0.0,0.0,0.0,-0.0
1777733817857860088,-0.141759157181,0.0,0.0,0.0,0.0,-0.0
1777733817861815929,-0.127707076073,0.0,0.0,0.0,0.0,-0.0
1777733817865876913,-0.124194061756,0.0,0.0,0.0,0.0,-0.0
1777733817869916915,-0.117168021202,0.0,0.0,0.0,0.0,-0.0
1777733817873941898,-0.106628954411,0.0,0.0,0.0,0.0,-0.0
1777733817885991096,-0.0995893537998,0.0,0.0,0.0,0.0,-0.0
1777733817893937110,-0.0960763394833,0.0,0.0,0.0,0.0,-0.0
1777733817944653987,-0.0960763394833,0.0,0.0,0.0,0.0,-0.0
1777733817985869884,-0.0890502989292,0.0,0.0,0.0,0.0,-0.0
1777733817998308897,-0.0855372786522,0.0,0.0,0.0,0.0,-0.0
1777733818010271072,-0.0785112380981,0.0,0.0,0.0,0.0,-0.0
1777733818026350975,-0.0714851975441,0.0,0.0,0.0,0.0,-0.0
1777733818034043073,-0.0609461426735,0.0,0.0,0.0,0.0,-0.0
1777733818062697887,-0.0433810442686,0.0,0.0,0.0,0.0,-0.0
1777733818066365003,-0.0398680239916,0.0,0.0,0.0,0.0,-0.0
1777733818078629016,-0.0328419864178,0.0,0.0,0.0,0.0,-0.0
1777733818082377910,-0.0293289661407,0.0,0.0,0.0,0.0,-0.0
1777733818090010881,-0.0293289661407,0.0,0.0,0.0,0.0,-0.0
1777733818094106912,-0.0223029270768,0.0,0.0,0.0,0.0,-0.0
1777733818102222919,-0.0223029270768,0.0,0.0,0.0,0.0,-0.0
1777733818106282949,-0.0223029270768,0.0,0.0,0.0,0.0,-0.0411735396832
1777733818110045909,-0.0223029270768,0.0,0.0,0.0,0.0,-0.0780602447689
1777733818114252090,-0.0223029270768,0.0,0.0,0.0,0.0,-0.139538083971
1777733818118458986,-0.0223029270768,0.0,0.0,0.0,0.0,-0.176424786448
1777733818122322082,-0.0223029270768,0.0,0.0,0.0,0.0,-0.237902641296
1777733818129884004,-0.0223029270768,0.0,0.0,0.0,0.0,-0.287084904313
1777733818134248018,-0.0223029270768,0.0,0.0,0.0,0.0,-0.311676046252
1777733818142458915,-0.0223029270768,0.0,0.0,0.0,0.0,-0.323971617222
1777733818158521890,-0.0398680239916,0.0,0.0,0.0,0.0,-0.397792482376
1777733818166377067,-0.0433810442686,0.0,0.0,0.0,0.0,-0.483861458302
1777733818178592920,-0.0504070818424,0.0,0.0,0.0,0.0,-0.520748192072
1777733818182244062,-0.0504070818424,0.0,0.0,0.0,0.0,-0.53304374218
1777733818189949035,-0.0504070818424,0.0,0.0,0.0,0.0,-0.557634884119
1777733818193859100,-0.0504070818424,0.0,0.0,0.0,0.0,-0.569930434227
1777733818198261022,-0.0504070818424,0.0,0.0,0.0,0.0,-0.594521576166
1777733818210520982,-0.0504070818424,0.0,0.0,0.0,0.0,-0.631408309937
1777733818213885068,-0.0504070818424,0.0,0.0,0.0,0.0,-0.705181694031
1777733818218170881,-0.0504070818424,0.0,0.0,0.0,0.0,-0.717477285862
1777733818222510099,-0.0504070818424,0.0,0.0,0.0,0.0,-0.76665956974
1777733818226289987,-0.0504070818424,0.0,0.0,0.0,0.0,-0.803546261787
1777733818229793071,-0.0504070818424,0.0,0.0,0.0,0.0,-0.840432953835
1777733818233813047,-0.0504070818424,0.0,0.0,0.0,0.0,-0.852728545666
1777733818238078117,-0.0504070818424,0.0,0.0,0.0,0.0,-0.889615237713
1777733818242615938,-0.0504070818424,0.0,0.0,0.0,0.0,-0.92654941082
1777733818246659040,-0.0504070818424,0.0,0.0,0.0,0.0,-0.951140511036
1777733818250099897,-0.0504070818424,0.0,0.0,0.0,0.0,-0.963436102867
1777733818262315988,-0.0504070818424,0.0,0.0,0.0,0.0,-1.00032279491
1777733818265974998,-0.0504070818424,0.0,0.0,0.0,0.0,-1.02491397858
1777733818278186082,-0.0504070818424,0.0,0.0,0.0,0.0,-1.04950507879
1777733818290276050,-0.0504070818424,0.0,0.0,0.0,0.0,-1.06180067062
1777733818340536117,-0.0504070818424,0.0,0.0,0.0,0.0,-1.06180067062
1777733818386288881,-0.0504070818424,0.0,0.0,0.0,0.0,-1.00032279491
1777733818398521900,-0.0504070818424,0.0,0.0,0.0,0.0,-0.98802728653
1777733818414263010,-0.0328419864178,0.0,0.0,0.0,0.0,-0.963436102867
1777733818422528982,-0.0328419864178,0.0,0.0,0.0,0.0,-0.951140511036
1777733818430331945,-0.0328419864178,0.0,0.0,0.0,0.0,-0.92654941082
1777733818434345960,-0.0293289661407,0.0,0.0,0.0,0.0,-0.889615237713
1777733818438380956,-0.0293289661407,0.0,0.0,0.0,0.0,-0.877319645882
1777733818442218065,-0.0293289661407,0.0,0.0,0.0,0.0,-0.840432953835
1777733818450045108,-0.0293289661407,0.0,0.0,0.0,0.0,-0.815841853619
1777733818458465099,-0.0223029270768,0.0,0.0,0.0,0.0,-0.778955078125
1777733818462172031,-0.0223029270768,0.0,0.0,0.0,0.0,-0.742068386078
1777733818465909957,-0.0223029270768,0.0,0.0,0.0,0.0,-0.717477285862
1777733818469887018,-0.0223029270768,0.0,0.0,0.0,0.0,-0.705181694031
1777733818478411912,-0.0223029270768,0.0,0.0,0.0,0.0,-0.668295001984
1777733818482187032,-0.0223029270768,0.0,0.0,0.0,0.0,-0.606817167997
1777733818486083984,-0.0223029270768,0.0,0.0,0.0,0.0,-0.594521576166
1777733818490372896,-0.0223029270768,0.0,0.0,0.0,0.0,-0.557634884119
1777733818494146108,-0.0223029270768,0.0,0.0,0.0,0.0,-0.53304374218
1777733818498451948,-0.0223029270768,0.0,0.0,0.0,0.0,-0.496157050133
1777733818502346992,-0.0223029270768,0.0,0.0,0.0,0.0,-0.459270316362
1777733818506105899,-0.0398680239916,0.0,0.0,0.0,0.0,-0.446974766254
1777733818510030031,-0.0433810442686,0.0,0.0,0.0,0.0,-0.385496932268
1777733818514027118,-0.0433810442686,0.0,0.0,0.0,0.0,-0.360858309269
1777733818518068075,-0.0433810442686,0.0,0.0,0.0,0.0,-0.348562738299
1777733818521986961,-0.0433810442686,0.0,0.0,0.0,0.0,-0.311676046252
1777733818526009082,-0.0504070818424,0.0,0.0,0.0,0.0,-0.287084904313
1777733818534004926,-0.0504070818424,0.0,0.0,0.0,0.0,-0.274789333344
1777733818537970066,-0.0504070818424,0.0,0.0,0.0,0.0,-0.250198191404
1777733818542011022,-0.0504070818424,0.0,0.0,0.0,0.0,-0.237902641296
1777733818545895099,-0.0574331223965,0.0,0.0,0.0,0.0,-0.237902641296
1777733818550091028,-0.0574331223965,0.0,0.0,0.0,0.0,-0.213311499357
1777733818562433958,-0.0574331223965,0.0,0.0,0.0,0.0,-0.201015928388
1777733818566256999,-0.0609461426735,0.0,0.0,0.0,0.0,-0.176424786448
1777733818574217081,-0.0609461426735,0.0,0.0,0.0,0.0,-0.16412922591
1777733818578022956,-0.0679721832275,0.0,0.0,0.0,0.0,-0.139538083971
1777733818582212924,-0.0714851975441,0.0,0.0,0.0,0.0,-0.114946952462
1777733818610521078,-0.0890502989292,0.0,0.0,0.0,0.0,-0.0288779713213
1777733818614233016,-0.0960763394833,0.0,0.0,0.0,0.0,-0.00428683329374
1777733818618067026,-0.0960763394833,0.0,0.0,0.0,0.0,-0.0
1777733818625925064,-0.0995893537998,0.0,0.0,0.0,0.0,-0.0
1777733818630012989,-0.0995893537998,0.0,0.0,0.0,0.0,-0.0
1777733818638483047,-0.0995893537998,0.0,0.0,0.0,0.0,-0.0
1777733818642076015,-0.106628954411,0.0,0.0,0.0,0.0,-0.0
1777733818650345087,-0.106628954411,0.0,0.0,0.0,0.0,-0.0
1777733818662517070,-0.113654994965,0.0,0.0,0.0,0.0,-0.0
1777733818670228004,-0.117168021202,0.0,0.0,0.0,0.0,-0.0
1777733818674196958,-0.124194061756,0.0,0.0,0.0,0.0,-0.0
1777733818690223932,-0.127707076073,0.0,0.0,0.0,0.0,-0.0
1777733818694075107,-0.134733116627,0.0,0.0,0.0,0.0,-0.0
1777733818697926044,-0.141759157181,0.0,0.0,0.0,0.0,-0.0
1777733818702024936,-0.145272171497,0.0,0.0,0.0,0.0,-0.0
1777733818706264019,-0.152298212051,0.0,0.0,0.0,0.0,-0.0
1777733818714596033,-0.155811238289,0.0,0.0,0.0,0.0,-0.0
1777733818722482919,-0.162837266922,0.0,0.0,0.0,0.0,-0.0
1777733818738429069,-0.169863307476,0.0,0.0,0.0,0.0,-0.0
1777733818746537923,-0.173376333714,0.0,0.0,0.0,0.0,-0.0
1777733818750061988,-0.180402374268,0.0,0.0,0.0,0.0,-0.0
1777733818758605957,-0.183915388584,0.0,0.0,0.0,0.0,-0.0
1777733818766477108,-0.197967469692,0.0,0.0,0.0,0.0,-0.0
1777733818770335912,-0.208506536484,0.0,0.0,0.0,0.0,-0.0
1777733818774193048,-0.212019538879,0.0,0.0,0.0,0.0,-0.0
1777733818778357982,-0.219045591354,0.0,0.0,0.0,0.0,-0.0
1777733818786345005,-0.229584646225,0.0,0.0,0.0,0.0,-0.0
1777733818798353910,-0.236610674858,0.0,0.0,0.0,0.0,-0.0
1777733818802794933,-0.247149729729,0.0,0.0,0.0,0.0,-0.0
1777733818810276031,-0.250662755966,0.0,0.0,0.0,0.0,-0.0
1777733818822278022,-0.257702374458,0.0,0.0,0.0,0.0,-0.0
1777733818838412046,-0.264728403091,0.0,0.0,0.0,0.0,-0.0
1777733818850521087,-0.268241429329,0.0,0.0,0.0,0.0,-0.0
1777733818858366012,-0.275267457962,0.0,0.0,0.0,0.0,-0.0
1777733818862238883,-0.2787804842,0.0,0.0,0.0,0.0,-0.0
1777733818866149902,-0.285806512833,0.0,0.0,0.0,0.0,-0.0
1777733818874433040,-0.292832565308,0.0,0.0,0.0,0.0,-0.0
1777733818878361940,-0.296345567703,0.0,0.0,0.0,0.0,-0.0
1777733818886549949,-0.303371620178,0.0,0.0,0.0,0.0,-0.0
1777733818894500017,-0.306884646416,0.0,0.0,0.0,0.0,-0.0
1777733818944700002,-0.306884646416,0.0,0.0,0.0,0.0,-0.0
1777733818994807958,-0.306884646416,0.0,0.0,0.0,0.0,-0.0
1777733819018507957,-0.292832565308,0.0,0.0,0.0,0.0,-0.0
1777733819046648025,-0.285806512833,0.0,0.0,0.0,0.0,-0.0
1777733819058461904,-0.2787804842,0.0,0.0,0.0,0.0,-0.0
1777733819066559076,-0.275267457962,0.0,0.0,0.0,0.0,-0.0
1777733819074435949,-0.268241429329,0.0,0.0,0.0,0.0,-0.0
1777733819078243970,-0.264728403091,0.0,0.0,0.0,0.0,-0.0
1777733819081988096,-0.257702374458,0.0,0.0,0.0,0.0,-0.0
1777733819090353965,-0.250662755966,0.0,0.0,0.0,0.0,-0.0
1777733819094450950,-0.247149729729,0.0,0.0,0.0,0.0,-0.0
1777733819102427959,-0.240123701096,0.0,0.0,0.0,0.0,-0.0
1777733819106177091,-0.236610674858,0.0,0.0,0.0,0.0,-0.0
1777733819110193967,-0.229584646225,0.0,0.0,0.0,0.0,-0.0
1777733819118365049,-0.22255859375,0.0,0.0,0.0,0.0,-0.0
1777733819122134923,-0.219045591354,0.0,0.0,0.0,0.0,-0.0
1777733819125976085,-0.212019538879,0.0,0.0,0.0,0.0,-0.0
1777733819129875898,-0.208506536484,0.0,0.0,0.0,0.0,-0.0
1777733819133975982,-0.201480484009,0.0,0.0,0.0,0.0,-0.0
1777733819138077020,-0.190941429138,0.0,0.0,0.0,0.0,-0.0
1777733819141997098,-0.180402374268,0.0,0.0,0.0,0.0,-0.0
1777733819145981073,-0.169863307476,0.0,0.0,0.0,0.0,-0.0
1777733819150350093,-0.155811238289,0.0,0.0,0.0,0.0,-0.0
1777733819154407024,-0.145272171497,0.0,0.0,0.0,0.0,-0.0
1777733819158215999,-0.127707076073,0.0,0.0,0.0,0.0,-0.0
1777733819161966085,-0.113654994965,0.0,0.0,0.0,0.0,-0.0
1777733819165921926,-0.0995893537998,0.0,0.0,0.0,0.0,-0.0
1777733819174305915,-0.0890502989292,0.0,0.0,0.0,0.0,-0.0
1777733819178302049,-0.0714851975441,0.0,0.0,0.0,0.0,-0.0
1777733819182322978,-0.0574331223965,0.0,0.0,0.0,0.0,-0.0
1777733819186207056,-0.0398680239916,0.0,0.0,0.0,0.0,-0.0
1777733819189791917,-0.0293289661407,0.0,0.0,0.0,0.0,-0.0
1777733819193890094,-0.0187899067998,0.0,0.0,0.0,0.0,-0.0
1777733819197860956,-0.00473782904446,0.0,0.0,0.0,0.0,-0.0
1777733819201826095,-0.0,0.0,0.0,0.0,0.0,-0.0
1777733819206137895,-0.0,0.0,0.0,0.0,0.0,-0.0
1777733819209794998,-0.0,0.0,0.0,0.0,0.0,-0.0
1777733819213907957,-0.0,0.0,0.0,0.0,0.0,-0.0
1777733819217871904,-0.0,0.0,0.0,0.0,0.0,-0.0
1777733819225972890,-0.0,0.0,0.0,0.0,0.0,-0.0
1777733819276412010,-0.0,0.0,0.0,0.0,0.0,-0.0
1777733819326760053,-0.0,0.0,0.0,0.0,0.0,-0.0
1777733819338515996,-0.0,0.0,0.0,0.0,0.0,-0.0
1777733819342312097,-0.0,0.0,0.0,0.0,0.0,-0.0
1777733819346219062,-0.0,0.0,0.0,0.0,0.0,-0.0
1777733819350167989,-0.0,0.0,0.0,0.0,0.0,-0.0
1777733819358139991,-0.0012248095125,0.0,0.0,0.0,0.0,-0.0
1777733819362498044,-0.00473782904446,0.0,0.0,0.0,0.0,-0.0
1777733819366213083,-0.0117638684809,0.0,0.0,0.0,0.0,-0.0
1777733819370240926,-0.0187899067998,0.0,0.0,0.0,0.0,-0.0
1777733819378246068,-0.0223029270768,0.0,0.0,0.0,0.0,-0.0
1777733819386409044,-0.0293289661407,0.0,0.0,0.0,0.0,-0.0
1777733819394530057,-0.0328419864178,0.0,0.0,0.0,0.0,-0.0
1777733819402442932,-0.0398680239916,0.0,0.0,0.0,0.0,-0.0
1777733819418277978,-0.0433810442686,0.0,0.0,0.0,0.0,-0.0
1777733819422173023,-0.0504070818424,0.0,0.0,0.0,0.0,-0.0
1777733819426228046,-0.0574331223965,0.0,0.0,0.0,0.0,-0.0
1777733819434071063,-0.0609461426735,0.0,0.0,0.0,0.0,-0.0
1777733819437944889,-0.0785112380981,0.0,0.0,0.0,0.0,-0.0
1777733819441962003,-0.0890502989292,0.0,0.0,0.0,0.0,-0.0
1777733819446144104,-0.0995893537998,0.0,0.0,0.0,0.0,-0.0
1777733819450273036,-0.117168021202,0.0,0.0,0.0,0.0,-0.0
1777733819454090118,-0.134733116627,0.0,0.0,0.0,0.0,-0.0
1777733819458127975,-0.152298212051,0.0,0.0,0.0,0.0,-0.0
1777733819461896896,-0.162837266922,0.0,0.0,0.0,0.0,-0.0
1777733819465769052,-0.169863307476,0.0,0.0,0.0,0.0,-0.0
1777733819474085092,-0.173376333714,0.0,0.0,0.0,0.0,-0.0
1777733819478326082,-0.180402374268,0.0,0.0,0.0,0.0,-0.0
1777733819482175111,-0.183915388584,0.0,0.0,0.0,0.0,-0.0
1777733819486139059,-0.190941429138,0.0,0.0,0.0,0.0,-0.0
1777733819489883899,-0.197967469692,0.0,0.0,0.0,0.0,-0.0
1777733819502434015,-0.201480484009,0.0,0.0,0.0,0.0,-0.0
1777733819522273063,-0.208506536484,0.0,0.0,0.0,0.0,-0.0
1777733819572546005,-0.208506536484,0.0,0.0,0.0,0.0,-0.0
1777733819574084997,-0.212019538879,0.0,0.0,0.0,0.0,-0.0
1777733819581932067,-0.219045591354,0.0,0.0,0.0,0.0,-0.0
1777733819590085983,-0.22255859375,0.0,0.0,0.0,0.0,-0.0
1777733819598206996,-0.229584646225,0.0,0.0,0.0,0.0,-0.0
1777733819606281995,-0.236610674858,0.0,0.0,0.0,0.0,-0.0
1777733819612909078,0.0,0.0,0.0,0.0,0.0,0.0
1777733819957156896,-0.0,0.0,0.0,0.0,0.0,-0.0
1777733820007313966,-0.0,0.0,0.0,0.0,0.0,-0.0
1777733820013981103,-0.0,0.0,0.0,0.0,0.0,-0.0
1777733820017925024,-0.0,0.0,0.0,0.0,0.0,-0.0
1777733820021848917,-0.0,0.0,0.0,0.0,0.0,-0.0
1777733820025871038,-0.0,0.0,0.0,0.0,0.0,-0.0
1777733820029848098,0.00476495660841,0.0,0.0,0.0,0.0,-0.0
1777733820033900976,0.0223300546408,0.0,0.0,0.0,0.0,-0.0
1777733820037950992,0.0363821327686,0.0,0.0,0.0,0.0,-0.0
1777733820041884899,0.0469211906195,0.0,0.0,0.0,0.0,-0.0
1777733820050081014,0.0679993093014,0.0,0.0,0.0,0.0,-0.0
1777733820053987979,0.0715123295784,0.0,0.0,0.0,0.0,-0.0
1777733820058068990,0.082051384449,0.0,0.0,0.0,0.0,-0.0
1777733820065989017,0.0925904452801,0.0,0.0,0.0,0.0,-0.0
1777733820069850921,0.0996164858341,0.0,0.0,0.0,0.0,-0.0
1777733820073887109,0.103129506111,0.0,0.0,0.0,0.0,-0.0
1777733820082051992,0.113682126999,0.0,0.0,0.0,0.0,-0.0288779713213
1777733820085925102,0.120708167553,0.0,0.0,0.0,0.0,-0.0411735396832
1777733820090140104,0.12422118187,0.0,0.0,0.0,0.0,-0.0657646737993
1777733820098081111,0.138273262978,0.0,0.0,0.0,0.0,-0.102651381493
1777733820102060079,0.145299303532,0.0,0.0,0.0,0.0,-0.114946952462
1777733820106072902,0.148812317848,0.0,0.0,0.0,0.0,-0.139538083971
1777733820109992027,0.15935138464,0.0,0.0,0.0,0.0,-0.16412922591
1777733820114090919,0.16989043951,0.0,0.0,0.0,0.0,-0.201015928388
1777733820118164062,0.187455534935,0.0,0.0,0.0,0.0,-0.237902641296
1777733820122025966,0.197994589806,0.0,0.0,0.0,0.0,-0.250198191404
1777733820125902891,0.201507616043,0.0,0.0,0.0,0.0,-0.274789333344
1777733820129954099,0.205020642281,0.0,0.0,0.0,0.0,-0.311676046252
1777733820134162902,0.215559697151,0.0,0.0,0.0,0.0,-0.323971617222
1777733820138070106,0.222585725784,0.0,0.0,0.0,0.0,-0.348562738299
1777733820142009973,0.222585725784,0.0,0.0,0.0,0.0,-0.385496932268
1777733820146070957,0.233124780655,0.0,0.0,0.0,0.0,-0.446974766254
1777733820149964094,0.236637806892,0.0,0.0,0.0,0.0,-0.483861458302
1777733820153976917,0.247176861763,0.0,0.0,0.0,0.0,-0.496157050133
1777733820158097982,0.254216480255,0.0,0.0,0.0,0.0,-0.53304374218
1777733820161978006,0.257729482651,0.0,0.0,0.0,0.0,-0.569930434227
1777733820165920972,0.268268537521,0.0,0.0,0.0,0.0,-0.606817167997
1777733820174056053,0.278807616234,0.0,0.0,0.0,0.0,-0.680590552092
1777733820182135105,0.285833644867,0.0,0.0,0.0,0.0,-0.742068386078
1777733820185936927,0.285833644867,0.0,0.0,0.0,0.0,-0.778955078125
1777733820189975976,0.285833644867,0.0,0.0,0.0,0.0,-0.803546261787
1777733820194047927,0.289346671104,0.0,0.0,0.0,0.0,-0.815841853619
1777733820198039054,0.289346671104,0.0,0.0,0.0,0.0,-0.840432953835
1777733820201998949,0.289346671104,0.0,0.0,0.0,0.0,-0.877319645882
1777733820206005096,0.289346671104,0.0,0.0,0.0,0.0,-0.889615237713
1777733820210021972,0.289346671104,0.0,0.0,0.0,0.0,-0.914253818989
1777733820213973999,0.289346671104,0.0,0.0,0.0,0.0,-0.951140511036
1777733820217871904,0.289346671104,0.0,0.0,0.0,0.0,-0.963436102867
1777733820221880912,0.289346671104,0.0,0.0,0.0,0.0,-0.98802728653
1777733820225939989,0.289346671104,0.0,0.0,0.0,0.0,-1.00032279491
1777733820229852914,0.292859697342,0.0,0.0,0.0,0.0,-1.00032279491
1777733820233922004,0.292859697342,0.0,0.0,0.0,0.0,-1.02491397858
1777733820242075920,0.292859697342,0.0,0.0,0.0,0.0,-1.04950507879
1777733820245908021,0.292859697342,0.0,0.0,0.0,0.0,-1.06180067062
1777733820296622991,0.292859697342,0.0,0.0,0.0,0.0,-1.06180067062
1777733820302262067,0.292859697342,0.0,0.0,0.0,0.0,-1.08639177084
1777733820352660894,0.292859697342,0.0,0.0,0.0,0.0,-1.08639177084
1777733820402792930,0.292859697342,0.0,0.0,0.0,0.0,-1.08639177084
1777733820452877044,0.292859697342,0.0,0.0,0.0,0.0,-1.08639177084
1777733820498539924,0.299885725975,0.0,0.0,0.0,0.0,-1.08639177084
1777733820502430915,0.299885725975,0.0,0.0,0.0,0.0,-1.02491397858
1777733820506217002,0.303398752213,0.0,0.0,0.0,0.0,-1.00032279491
1777733820510231018,0.310424780846,0.0,0.0,0.0,0.0,-1.00032279491
1777733820513933897,0.313937807083,0.0,0.0,0.0,0.0,-0.98802728653
1777733820518053054,0.320963835716,0.0,0.0,0.0,0.0,-0.951140511036
1777733820522043943,0.331502890587,0.0,0.0,0.0,0.0,-0.92654941082
1777733820526211023,0.342041969299,0.0,0.0,0.0,0.0,-0.877319645882
1777733820529875993,0.345554971695,0.0,0.0,0.0,0.0,-0.840432953835
1777733820534142971,0.35258102417,0.0,0.0,0.0,0.0,-0.803546261787
1777733820538034915,0.356094026566,0.0,0.0,0.0,0.0,-0.76665956974
1777733820542098045,0.363120079041,0.0,0.0,0.0,0.0,-0.742068386078
1777733820545955896,0.366633105278,0.0,0.0,0.0,0.0,-0.705181694031
1777733820550059080,0.366633105278,0.0,0.0,0.0,0.0,-0.668295001984
1777733820554054021,0.366633105278,0.0,0.0,0.0,0.0,-0.643703860044
1777733820558003902,0.370146107674,0.0,0.0,0.0,0.0,-0.631408309937
1777733820562319993,0.370146107674,0.0,0.0,0.0,0.0,-0.606817167997
1777733820574526071,0.370146107674,0.0,0.0,0.0,0.0,-0.594521576166
1777733820578419923,0.377172160149,0.0,0.0,0.0,0.0,-0.594521576166
1777733820628690004,0.377172160149,0.0,0.0,0.0,0.0,-0.594521576166
1777733820638520956,0.377172160149,0.0,0.0,0.0,0.0,-0.569930434227
1777733820646357059,0.380685162544,0.0,0.0,0.0,0.0,-0.569930434227
1777733820650161027,0.380685162544,0.0,0.0,0.0,0.0,-0.557634884119
1777733820654280900,0.387711215019,0.0,0.0,0.0,0.0,-0.53304374218
1777733820658334016,0.387711215019,0.0,0.0,0.0,0.0,-0.520748192072
1777733820662065029,0.387711215019,0.0,0.0,0.0,0.0,-0.483861458302
1777733820666153907,0.391224241257,0.0,0.0,0.0,0.0,-0.459270316362
1777733820669883012,0.391224241257,0.0,0.0,0.0,0.0,-0.446974766254
1777733820673933029,0.4,0.0,0.0,0.0,0.0,-0.385496932268
1777733820677939891,0.4,0.0,0.0,0.0,0.0,-0.348562738299
1777733820681986093,0.4,0.0,0.0,0.0,0.0,-0.311676046252
1777733820690141916,0.4,0.0,0.0,0.0,0.0,-0.274789333344
1777733820694282054,0.4,0.0,0.0,0.0,0.0,-0.250198191404
1777733820698205947,0.4,0.0,0.0,0.0,0.0,-0.213311499357
1777733820702251911,0.4,0.0,0.0,0.0,0.0,-0.139538083971
1777733820706051111,0.4,0.0,0.0,0.0,0.0,-0.0780602447689
1777733820709841012,0.4,0.0,0.0,0.0,0.0,-0.0411735396832
1777733820713826894,0.4,0.0,0.0,0.0,0.0,-0.0288779713213
1777733820717832088,0.4,0.0,0.0,0.0,0.0,-0.0
1777733820721815109,0.4,0.0,0.0,0.0,0.0,-0.0
1777733820725812911,0.4,0.0,0.0,0.0,0.0,-0.0
1777733820729875087,0.4,0.0,0.0,0.0,0.0,-0.0
1777733820733907938,0.4,0.0,0.0,0.0,0.0,-0.0
1777733820741883039,0.4,0.0,0.0,0.0,0.0,-0.0
1777733820745888948,0.4,0.0,0.0,0.0,0.0,-0.0
1777733820749907016,0.4,0.0,0.0,0.0,0.0,-0.0
1777733820782365083,0.4,0.0,0.0,0.0,0.0,-0.0
1777733820786206007,0.4,0.0,0.0,0.0,0.0,-0.0
1777733820790045022,0.4,0.0,0.0,0.0,0.0,-0.0
1777733820794008970,0.4,0.0,0.0,0.0,0.0,-0.0
1777733820802139997,0.4,0.0,0.0,0.0,0.0,0.00438177976757
1777733820806236028,0.4,0.0,0.0,0.0,0.0,0.102746322751
1777733820810277938,0.4,0.0,0.0,0.0,0.0,0.13963303566
1777733820814047098,0.4,0.0,0.0,0.0,0.0,0.201110869646
1777733820818356990,0.4,0.0,0.0,0.0,0.0,0.213406440616
1777733820822338104,0.4,0.0,0.0,0.0,0.0,0.274884274602
1777733820825829982,0.4,0.0,0.0,0.0,0.0,0.311770987511
1777733820829968929,0.4,0.0,0.0,0.0,0.0,0.33636212945
1777733820833899021,0.4,0.0,0.0,0.0,0.0,0.373296302557
1777733820837919950,0.4,0.0,0.0,0.0,0.0,0.410182994604
1777733820841881990,0.4,0.0,0.0,0.0,0.0,0.447069728374
1777733820845889091,0.4,0.0,0.0,0.0,0.0,0.471660870314
1777733820849894046,0.387711215019,0.0,0.0,0.0,0.0,0.508547562361
1777733820853883028,0.387711215019,0.0,0.0,0.0,0.0,0.5331387043
1777733820857937097,0.380685162544,0.0,0.0,0.0,0.0,0.545434254408
1777733820861943960,0.380685162544,0.0,0.0,0.0,0.0,0.570025396347
1777733820865912914,0.377172160149,0.0,0.0,0.0,0.0,0.594616538286
1777733820874495029,0.370146107674,0.0,0.0,0.0,0.0,0.606912088394
1777733820878287076,0.370146107674,0.0,0.0,0.0,0.0,0.631503230333
1777733820886007070,0.370146107674,0.0,0.0,0.0,0.0,0.643798822165
1777733820898344039,0.366633105278,0.0,0.0,0.0,0.0,0.668389964104
1777733820910247087,0.366633105278,0.0,0.0,0.0,0.0,0.69298106432
1777733820934561967,0.366633105278,0.0,0.0,0.0,0.0,0.705276656151
1777733820946444988,0.363120079041,0.0,0.0,0.0,0.0,0.705276656151
1777733820996735095,0.363120079041,0.0,0.0,0.0,0.0,0.705276656151
1777733821046442031,0.363120079041,0.0,0.0,0.0,0.0,0.705276656151
1777733821097033023,0.363120079041,0.0,0.0,0.0,0.0,0.705276656151
1777733821147177934,0.363120079041,0.0,0.0,0.0,0.0,0.705276656151
1777733821196682929,0.363120079041,0.0,0.0,0.0,0.0,0.705276656151
1777733821230528116,0.356094026566,0.0,0.0,0.0,0.0,0.729867756367
1777733821238701105,0.35258102417,0.0,0.0,0.0,0.0,0.742163348198
1777733821246172904,0.345554971695,0.0,0.0,0.0,0.0,0.779050040245
1777733821250034093,0.345554971695,0.0,0.0,0.0,0.0,0.803641223907
1777733821258372068,0.342041969299,0.0,0.0,0.0,0.0,0.840527915955
1777733821262301921,0.335015916824,0.0,0.0,0.0,0.0,0.840527915955
1777733821266108989,0.335015916824,0.0,0.0,0.0,0.0,0.865119016171
1777733821269912958,0.331502890587,0.0,0.0,0.0,0.0,0.877414608002
1777733821273998022,0.320963835716,0.0,0.0,0.0,0.0,0.92664437294
1777733821278152942,0.313937807083,0.0,0.0,0.0,0.0,0.938939881325
1777733821282340049,0.310424780846,0.0,0.0,0.0,0.0,0.963531064987
1777733821286060094,0.299885725975,0.0,0.0,0.0,0.0,1.00041775703
1777733821290200948,0.292859697342,0.0,0.0,0.0,0.0,1.00041775703
1777733821294246912,0.289346671104,0.0,0.0,0.0,0.0,1.0250089407
1777733821298685073,0.278807616234,0.0,0.0,0.0,0.0,1.0250089407
1777733821302593946,0.264755535126,0.0,0.0,0.0,0.0,1.0250089407
1777733821306170940,0.247176861763,0.0,0.0,0.0,0.0,1.0250089407
1777733821310300111,0.233124780655,0.0,0.0,0.0,0.0,1.0250089407
1777733821313990116,0.222585725784,0.0,0.0,0.0,0.0,1.0250089407
1777733821317979097,0.215559697151,0.0,0.0,0.0,0.0,1.0250089407
1777733821322384119,0.205020642281,0.0,0.0,0.0,0.0,0.975826656818
1777733821326324939,0.201507616043,0.0,0.0,0.0,0.0,0.963531064987
1777733821330034017,0.190968561172,0.0,0.0,0.0,0.0,0.938939881325
1777733821333992004,0.176916480064,0.0,0.0,0.0,0.0,0.92664437294
1777733821338365077,0.15935138464,0.0,0.0,0.0,0.0,0.877414608002
1777733821341945886,0.145299303532,0.0,0.0,0.0,0.0,0.865119016171
1777733821346556901,0.134760248661,0.0,0.0,0.0,0.0,0.840527915955
1777733821349992990,0.113682126999,0.0,0.0,0.0,0.0,0.803641223907
1777733821354034900,0.0925904452801,0.0,0.0,0.0,0.0,0.76675453186
1777733821358397960,0.078538364172,0.0,0.0,0.0,0.0,0.729867756367
1777733821362041950,0.0574602484703,0.0,0.0,0.0,0.0,0.69298106432
1777733821366283893,0.0258430749178,0.0,0.0,0.0,0.0,0.606912088394
1777733821370285034,0.00125193707645,0.0,0.0,0.0,0.0,0.545434254408
1777733821373930931,-0.0,0.0,0.0,0.0,0.0,0.49625197053
1777733821378031969,-0.0,0.0,0.0,0.0,0.0,0.410182994604
1777733821382014989,-0.0,0.0,0.0,0.0,0.0,0.348657700419
1777733821386037111,-0.0,0.0,0.0,0.0,0.0,0.311770987511
1777733821390075922,-0.0,0.0,0.0,0.0,0.0,0.274884274602
1777733821393949031,-0.0,0.0,0.0,0.0,0.0,0.213406440616
1777733821398277997,-0.0,0.0,0.0,0.0,0.0,0.176519727707
1777733821402225017,-0.0,0.0,0.0,0.0,0.0,0.13963303566
1777733821406138896,-0.0,0.0,0.0,0.0,0.0,0.102746322751
1777733821410037994,-0.0,0.0,0.0,0.0,0.0,0.0781551912427
1777733821414021015,-0.0,0.0,0.0,0.0,0.0,0.0412684861571
1777733821418004989,-0.0,0.0,0.0,0.0,0.0,0.0166773481295
1777733821422137022,-0.0,0.0,0.0,0.0,0.0,0.00438177976757
1777733821426094055,-0.0,0.0,0.0,0.0,0.0,-0.0
1777733821430032968,-0.0,0.0,0.0,0.0,0.0,-0.0
1777733821433978080,-0.0,0.0,0.0,0.0,0.0,-0.0
1777733821437932014,-0.0,0.0,0.0,0.0,0.0,-0.0
1777733821441948890,-0.0,0.0,0.0,0.0,0.0,-0.0
1777733821445980072,-0.0,0.0,0.0,0.0,0.0,-0.0
1777733821462407112,-0.0,0.0,0.0,0.0,0.0,-0.0
1777733821470406055,-0.0,0.0,0.0,0.0,0.0,-0.0
1777733821474294900,-0.0012248095125,0.0,0.0,0.0,0.0,-0.0
1777733821478254079,-0.00473782904446,0.0,0.0,0.0,0.0,-0.0
1777733821482042074,-0.0117638684809,0.0,0.0,0.0,0.0,-0.0
1777733821485970973,-0.0187899067998,0.0,0.0,0.0,0.0,-0.0
1777733821489928960,-0.0223029270768,0.0,0.0,0.0,0.0,-0.0
1777733821493978023,-0.0293289661407,0.0,0.0,0.0,0.0,-0.0
1777733821498061895,-0.0328419864178,0.0,0.0,0.0,0.0,-0.0
1777733821501974105,-0.0398680239916,0.0,0.0,0.0,0.0,-0.0
1777733821506134986,-0.0433810442686,0.0,0.0,0.0,0.0,-0.0
1777733821509824037,-0.0504070818424,0.0,0.0,0.0,0.0,-0.0
1777733821513946056,-0.0574331223965,0.0,0.0,0.0,0.0,-0.0
1777733821517771005,-0.0609461426735,0.0,0.0,0.0,0.0,-0.0
1777733821522001981,-0.0714851975441,0.0,0.0,0.0,0.0,-0.0
1777733821526000976,-0.0855372786522,0.0,0.0,0.0,0.0,-0.0
1777733821533978939,-0.0890502989292,0.0,0.0,0.0,0.0,-0.0
1777733821538060903,-0.0995893537998,0.0,0.0,0.0,0.0,-0.0
1777733821542251110,-0.113654994965,0.0,0.0,0.0,0.0,-0.0
1777733821547049045,-0.117168021202,0.0,0.0,0.0,0.0,-0.0
1777733821550105094,-0.124194061756,0.0,0.0,0.0,0.0,-0.0
1777733821554054021,-0.127707076073,0.0,0.0,0.0,0.0,-0.0
1777733821562027931,-0.134733116627,0.0,0.0,0.0,0.0,-0.0
1777733821566121101,-0.141759157181,0.0,0.0,0.0,0.0,-0.0
1777733821574501037,-0.145272171497,0.0,0.0,0.0,0.0,-0.0
1777733821590372085,-0.152298212051,0.0,0.0,0.0,0.0,-0.0
1777733821610285997,-0.155811238289,0.0,0.0,0.0,0.0,-0.0
1777733821622071981,-0.162837266922,0.0,0.0,0.0,0.0,-0.0
1777733821634349107,-0.169863307476,0.0,0.0,0.0,0.0,-0.0
1777733821684360980,-0.169863307476,0.0,0.0,0.0,0.0,-0.0
1777733821734570026,-0.169863307476,0.0,0.0,0.0,0.0,-0.0
1777733821758313894,-0.169863307476,0.0,0.0,0.0,0.0,-0.0
1777733821766285896,-0.169863307476,0.0,0.0,0.0,0.0,-0.0
1777733821770104885,-0.169863307476,0.0,0.0,0.0,0.0,-0.0
1777733821778492927,-0.169863307476,0.0,0.0,0.0,0.0,-0.0
1777733821786463022,-0.169863307476,0.0,0.0,0.0,0.0,-0.0
1777733821790178060,-0.173376333714,0.0,0.0,0.0,0.0,-0.0
1777733821840655088,-0.173376333714,0.0,0.0,0.0,0.0,-0.0
1777733821890682935,-0.173376333714,0.0,0.0,0.0,0.0,-0.0
1777733821898323059,-0.180402374268,0.0,0.0,0.0,0.0,-0.0
1777733821906481027,-0.183915388584,0.0,0.0,0.0,0.0,-0.0
1777733821910197019,-0.190941429138,0.0,0.0,0.0,0.0,-0.0
1777733821914362907,-0.197967469692,0.0,0.0,0.0,0.0,-0.0
1777733821922332048,-0.201480484009,0.0,0.0,0.0,0.0,-0.0
1777733821926158905,-0.208506536484,0.0,0.0,0.0,0.0,-0.0
1777733821934026956,-0.212019538879,0.0,0.0,0.0,0.0,-0.0
1777733821942231893,-0.219045591354,0.0,0.0,0.0,0.0,-0.0
1777733821966557979,-0.22255859375,0.0,0.0,0.0,0.0,-0.0
1777733821986546039,-0.229584646225,0.0,0.0,0.0,0.0,-0.0
1777733821998526096,-0.236610674858,0.0,0.0,0.0,0.0,-0.0
1777733822014381885,-0.240123701096,0.0,0.0,0.0,0.0,-0.0
1777733822034354925,-0.247149729729,0.0,0.0,0.0,0.0,-0.0
1777733822042505025,-0.250662755966,0.0,0.0,0.0,0.0,-0.0
1777733822050287008,-0.257702374458,0.0,0.0,0.0,0.0,-0.0
1777733822062431097,-0.257702374458,0.0,0.0,0.0,0.0,-0.0
1777733822066153049,-0.264728403091,0.0,0.0,0.0,0.0,-0.0
1777733822073973894,-0.264728403091,0.0,0.0,0.0,0.0,-0.0
1777733822078102111,-0.268241429329,0.0,0.0,0.0,0.0,-0.0
1777733822082333087,-0.275267457962,0.0,0.0,0.0,0.0,-0.0
1777733822086215019,-0.275267457962,0.0,0.0,0.0,0.0,-0.0
1777733822089862108,-0.2787804842,0.0,0.0,0.0,0.0,-0.0
1777733822094054937,-0.2787804842,0.0,0.0,0.0,0.0,0.00438177976757
1777733822098031044,-0.285806512833,0.0,0.0,0.0,0.0,0.0166773481295
1777733822102051019,-0.285806512833,0.0,0.0,0.0,0.0,0.0412684861571
1777733822106242895,-0.292832565308,0.0,0.0,0.0,0.0,0.0658596202731
1777733822114300966,-0.292832565308,0.0,0.0,0.0,0.0,0.0781551912427
1777733822117953062,-0.296345567703,0.0,0.0,0.0,0.0,0.0781551912427
1777733822122005939,-0.296345567703,0.0,0.0,0.0,0.0,0.102746322751
1777733822126030921,-0.303371620178,0.0,0.0,0.0,0.0,0.102746322751
1777733822138127088,-0.303371620178,0.0,0.0,0.0,0.0,0.115041893721
1777733822142136096,-0.306884646416,0.0,0.0,0.0,0.0,0.115041893721
1777733822146470069,-0.306884646416,0.0,0.0,0.0,0.0,0.13963303566
1777733822162632942,-0.306884646416,0.0,0.0,0.0,0.0,0.151928596199
1777733822174508094,-0.306884646416,0.0,0.0,0.0,0.0,0.176519727707
1777733822190320014,-0.306884646416,0.0,0.0,0.0,0.0,0.201110869646
1777733822240703105,-0.306884646416,0.0,0.0,0.0,0.0,0.201110869646
1777733822290572881,-0.306884646416,0.0,0.0,0.0,0.0,0.201110869646
1777733822314455986,-0.306884646416,0.0,0.0,0.0,0.0,0.213406440616
1777733822354418992,-0.292832565308,0.0,0.0,0.0,0.0,0.213406440616
1777733822378412961,-0.285806512833,0.0,0.0,0.0,0.0,0.213406440616
1777733822394282102,-0.2787804842,0.0,0.0,0.0,0.0,0.213406440616
1777733822398297071,-0.275267457962,0.0,0.0,0.0,0.0,0.213406440616
1777733822402308940,-0.268241429329,0.0,0.0,0.0,0.0,0.213406440616
1777733822406286001,-0.264728403091,0.0,0.0,0.0,0.0,0.213406440616
1777733822410294055,-0.257702374458,0.0,0.0,0.0,0.0,0.213406440616
1777733822414361953,-0.250662755966,0.0,0.0,0.0,0.0,0.213406440616
1777733822418184041,-0.247149729729,0.0,0.0,0.0,0.0,0.213406440616
1777733822421833038,-0.247149729729,0.0,0.0,0.0,0.0,0.237997582555
1777733822425935029,-0.247149729729,0.0,0.0,0.0,0.0,0.250293153524
1777733822429939031,-0.240123701096,0.0,0.0,0.0,0.0,0.274884274602
1777733822433873891,-0.240123701096,0.0,0.0,0.0,0.0,0.299475416541
1777733822442477941,-0.236610674858,0.0,0.0,0.0,0.0,0.311770987511
1777733822446576118,-0.229584646225,0.0,0.0,0.0,0.0,0.311770987511
1777733822450361967,-0.229584646225,0.0,0.0,0.0,0.0,0.33636212945
1777733822466425895,-0.22255859375,0.0,0.0,0.0,0.0,0.33636212945
1777733822494394063,-0.219045591354,0.0,0.0,0.0,0.0,0.33636212945
1777733822526236057,-0.212019538879,0.0,0.0,0.0,0.0,0.274884274602
1777733822534274101,-0.212019538879,0.0,0.0,0.0,0.0,0.250293153524
1777733822538017988,-0.208506536484,0.0,0.0,0.0,0.0,0.250293153524
1777733822550569057,-0.197967469692,0.0,0.0,0.0,0.0,0.237997582555
1777733822558515071,-0.183915388584,0.0,0.0,0.0,0.0,0.213406440616
1777733822562227964,-0.180402374268,0.0,0.0,0.0,0.0,0.201110869646
1777733822566251993,-0.173376333714,0.0,0.0,0.0,0.0,0.201110869646
1777733822570288896,-0.169863307476,0.0,0.0,0.0,0.0,0.176519727707
1777733822574114084,-0.162837266922,0.0,0.0,0.0,0.0,0.151928596199
1777733822578142881,-0.162837266922,0.0,0.0,0.0,0.0,0.13963303566
1777733822582124948,-0.152298212051,0.0,0.0,0.0,0.0,0.115041893721
1777733822586129903,-0.145272171497,0.0,0.0,0.0,0.0,0.102746322751
1777733822589973926,-0.141759157181,0.0,0.0,0.0,0.0,0.0781551912427
1777733822598412036,-0.134733116627,0.0,0.0,0.0,0.0,0.0658596202731
1777733822606439113,-0.127707076073,0.0,0.0,0.0,0.0,-0.0
1777733822610383033,-0.127707076073,0.0,0.0,0.0,0.0,-0.0
1777733822614264965,-0.124194061756,0.0,0.0,0.0,0.0,-0.0
1777733822626446008,-0.124194061756,0.0,0.0,0.0,0.0,-0.0
1777733822638381958,-0.124194061756,0.0,0.0,0.0,0.0,-0.0
1777733822658556938,-0.124194061756,0.0,0.0,0.0,0.0,-0.0
1777733822666340112,-0.117168021202,0.0,0.0,0.0,0.0,-0.0
1777733822678548097,-0.106628954411,0.0,0.0,0.0,0.0,-0.0
1777733822690323114,-0.0995893537998,0.0,0.0,0.0,0.0,-0.0
1777733822693927049,-0.0890502989292,0.0,0.0,0.0,0.0,-0.0
1777733822697844982,-0.0855372786522,0.0,0.0,0.0,0.0,-0.0
1777733822706305980,-0.0785112380981,0.0,0.0,0.0,0.0,-0.0
1777733822710268974,-0.0714851975441,0.0,0.0,0.0,0.0,-0.0
1777733822714082956,-0.0679721832275,0.0,0.0,0.0,0.0,-0.0
1777733822722107887,-0.0609461426735,0.0,0.0,0.0,0.0,-0.0
1777733822734287977,-0.0574331223965,0.0,0.0,0.0,0.0,-0.0
1777733822784348964,-0.0574331223965,0.0,0.0,0.0,0.0,-0.0
1777733822786134004,-0.0504070818424,0.0,0.0,0.0,0.0,-0.0
1777733822836525917,-0.0504070818424,0.0,0.0,0.0,0.0,-0.0
1777733822870277881,-0.0995893537998,0.0,0.0,0.0,0.0,-0.0
1777733822914566040,-0.113654994965,0.0,0.0,0.0,0.0,-0.0
1777733822922461032,-0.152298212051,0.0,0.0,0.0,0.0,-0.0
1777733822972635030,-0.152298212051,0.0,0.0,0.0,0.0,-0.0
1777733823022489070,-0.152298212051,0.0,0.0,0.0,0.0,-0.0
1777733823072446107,-0.152298212051,0.0,0.0,0.0,0.0,-0.0
1777733823122740030,-0.152298212051,0.0,0.0,0.0,0.0,-0.0
1777733823173032045,-0.152298212051,0.0,0.0,0.0,0.0,-0.0
1777733823222875118,-0.152298212051,0.0,0.0,0.0,0.0,-0.0
1777733823273015975,-0.152298212051,0.0,0.0,0.0,0.0,-0.0
1777733823323190927,-0.152298212051,0.0,0.0,0.0,0.0,-0.0
1777733823373544931,-0.152298212051,0.0,0.0,0.0,0.0,-0.0
1777733823423533916,-0.152298212051,0.0,0.0,0.0,0.0,-0.0
1777733823473655939,-0.152298212051,0.0,0.0,0.0,0.0,-0.0
1777733823523714065,-0.152298212051,0.0,0.0,0.0,0.0,-0.0
1777733823573807001,-0.152298212051,0.0,0.0,0.0,0.0,-0.0
1777733823623975992,-0.152298212051,0.0,0.0,0.0,0.0,-0.0
1777733823673943996,-0.152298212051,0.0,0.0,0.0,0.0,-0.0
1777733823724199056,-0.152298212051,0.0,0.0,0.0,0.0,-0.0
1777733823774411916,-0.152298212051,0.0,0.0,0.0,0.0,-0.0
1777733823824229001,-0.152298212051,0.0,0.0,0.0,0.0,-0.0
1777733823874501943,-0.152298212051,0.0,0.0,0.0,0.0,-0.0
1777733823914458990,-0.134733116627,0.0,0.0,0.0,0.0,-0.0
1777733823930569887,-0.127707076073,0.0,0.0,0.0,0.0,-0.0
1777733823980671882,-0.127707076073,0.0,0.0,0.0,0.0,-0.0
1777733824006645917,-0.124194061756,0.0,0.0,0.0,0.0,-0.0
1777733824014486074,-0.117168021202,0.0,0.0,0.0,0.0,-0.0
1777733824022593975,-0.113654994965,0.0,0.0,0.0,0.0,-0.0
1777733824030577898,-0.106628954411,0.0,0.0,0.0,0.0,-0.0
1777733824080575942,-0.106628954411,0.0,0.0,0.0,0.0,-0.0
1777733824102668046,-0.0995893537998,0.0,0.0,0.0,0.0,-0.0
1777733824114511013,-0.0960763394833,0.0,0.0,0.0,0.0,-0.0
1777733824126518011,-0.0890502989292,0.0,0.0,0.0,0.0,-0.0
1777733824130281925,-0.0855372786522,0.0,0.0,0.0,0.0,-0.0
1777733824138176918,-0.0785112380981,0.0,0.0,0.0,0.0,-0.0
1777733824142204046,-0.0714851975441,0.0,0.0,0.0,0.0,-0.0
1777733824146338939,-0.0679721832275,0.0,0.0,0.0,0.0,-0.0
1777733824150110006,-0.0609461426735,0.0,0.0,0.0,0.0,-0.0
1777733824154175043,-0.0574331223965,0.0,0.0,0.0,0.0,-0.0
1777733824158205032,-0.0504070818424,0.0,0.0,0.0,0.0,-0.0
1777733824162180900,-0.0398680239916,0.0,0.0,0.0,0.0,-0.0
1777733824170224905,-0.0328419864178,0.0,0.0,0.0,0.0,-0.0
1777733824172911882,0.0,0.0,0.0,0.0,0.0,0.0
1777733824521343946,-0.0,0.0,0.0,0.0,0.0,-0.0
1777733824570599079,-0.0,0.0,0.0,0.0,0.0,-0.0
1777733824594427108,-0.0,0.0,0.0,0.0,0.0,-0.0
1777733824602094888,-0.0012248095125,0.0,0.0,0.0,0.0,-0.0
1777733824605946063,-0.00473782904446,0.0,0.0,0.0,0.0,-0.0
1777733824610147953,-0.0117638684809,0.0,0.0,0.0,0.0,-0.0
1777733824614506959,-0.0187899067998,0.0,0.0,0.0,0.0,-0.0
1777733824618176937,-0.0223029270768,0.0,0.0,0.0,0.0,-0.0
1777733824626262903,-0.0293289661407,0.0,0.0,0.0,0.0,-0.0
1777733824634274005,-0.0328419864178,0.0,0.0,0.0,0.0,-0.0
1777733824638060092,-0.0398680239916,0.0,0.0,0.0,0.0,-0.0
1777733824642010927,-0.0433810442686,0.0,0.0,0.0,0.0,-0.0
1777733824645955085,-0.0504070818424,0.0,0.0,0.0,0.0,-0.0
1777733824650321960,-0.0574331223965,0.0,0.0,0.0,0.0,-0.0
1777733824653970956,-0.0609461426735,0.0,0.0,0.0,0.0,-0.0
1777733824662544012,-0.0679721832275,0.0,0.0,0.0,0.0,-0.0
1777733824666177034,-0.0785112380981,0.0,0.0,0.0,0.0,-0.0
1777733824682452917,-0.0855372786522,0.0,0.0,0.0,0.0,-0.0
1777733824694025993,-0.0890502989292,0.0,0.0,0.0,0.0,-0.0
1777733824710433006,-0.0960763394833,0.0,0.0,0.0,0.0,-0.0
1777733824714059114,-0.0995893537998,0.0,0.0,0.0,0.0,-0.0
1777733824721991062,-0.106628954411,0.0,0.0,0.0,0.0,-0.0
1777733824730421066,-0.113654994965,0.0,0.0,0.0,0.0,-0.0
1777733824734241008,-0.117168021202,0.0,0.0,0.0,0.0,-0.0
1777733824746474027,-0.124194061756,0.0,0.0,0.0,0.0,-0.0
1777733824796591043,-0.124194061756,0.0,0.0,0.0,0.0,-0.0
1777733824798233032,-0.127707076073,0.0,0.0,0.0,0.0,-0.0
1777733824848712921,-0.127707076073,0.0,0.0,0.0,0.0,-0.0
1777733824882637977,-0.134733116627,0.0,0.0,0.0,0.0,-0.0
1777733824898475885,-0.141759157181,0.0,0.0,0.0,0.0,-0.0
1777733824910686016,-0.145272171497,0.0,0.0,0.0,0.0,-0.0
1777733824960726022,-0.145272171497,0.0,0.0,0.0,0.0,-0.0
1777733825011010885,-0.145272171497,0.0,0.0,0.0,0.0,-0.0
1777733825061053991,-0.145272171497,0.0,0.0,0.0,0.0,-0.0
1777733825102508068,-0.124194061756,0.0,0.0,0.0,0.0,-0.0
1777733825114490032,-0.0995893537998,0.0,0.0,0.0,0.0,-0.0
1777733825118283033,-0.0574331223965,0.0,0.0,0.0,0.0,-0.0
1777733825130538940,-0.0398680239916,0.0,0.0,0.0,0.0,-0.0
1777733825137994050,-0.0,0.0,0.0,0.0,0.0,-0.0
1777733825169295072,0.0,0.0,0.0,0.0,0.0,0.0
